#,TICKER,COMPANY_NAME,MARKET_CAP,CLOSE,PREVIOUS_CLOSE,VOLUME,WK52_LOW,WK52_HIGH,ALL_TIME_HIGH,IPO_DATE,EARNINGS_DATE,SECTOR,INDUSTRY,EXCHANGE
1,NVDA,NVIDIA Corporation,5536424132608,229.28,230.48,84307452,164.27,243.37,243.37,917015400.0,1794945600,Technology,Semiconductors,NMS
2,AAPL,Apple Inc.,4912984883200,336.64,340.42,37821157,243.42,345.34,345.34,345479400.0,1793649600,Technology,Consumer Electronics,NMS
3,GOOGL,Alphabet Inc.,4300779028480,351.66,348.29,17231359,235.84,408.61,408.61,1092922200.0,1793217600,Communication Services,Internet Content & Information,NMS
4,MSFT,Microsoft Corporation,3973186846720,535.07,522.61,17890995,349.2,553.72,555.45,511108200.0,1793217600,Technology,Software - Infrastructure,NMS
5,AMZN,"Amazon.com, Inc.",2830652145664,262.43,254.06,33510286,196.0,287.2,287.2,863703000.0,1785441600,Consumer Cyclical,Internet Retail,NMS
6,META,"Meta Platforms, Inc.",1830816186368,718.67,720.89,12586094,520.26,779.82,796.25,1337347800.0,1785355200,Communication Services,Internet Content & Information,NMS
7,AVGO,Broadcom Inc.,1725858185216,361.54,360.14,16467294,289.96,495.0,495.0,1249565400.0,1796846400,Technology,Semiconductors,NMS
8,TSLA,"Tesla, Inc.",1511491895296,382.7,375.0,38834397,297.38,498.83,498.83,1277818200.0,1792612800,Consumer Cyclical,Auto Manufacturers,NMS
9,MU,"Micron Technology, Inc.",1162145562624,1029.0,1035.84,19765706,186.25,1255.0,1255.0,454944600.0,1790798400,Technology,Semiconductors,NMS
10,BRK-B,Berkshire Hathaway Inc.,1103792701440,515.62,511.05,4300868,464.01,537.74,542.07,831648600.0,1786219200,Financial Services,Insurance - Diversified,NYQ
11,AMD,"Advanced Micro Devices, Inc.",992708001792,608.1,620.68,13664055,188.22,658.52,658.52,322151400.0,1793736000,Technology,Semiconductors,NMS
12,LLY,Eli Lilly and Company,1051603894272,1179.27,1169.6,1384899,783.85,1292.65,1292.65,76253400.0,1793277000,Healthcare,Drug Manufacturers - General,NYQ
13,JPM,JPMorgan Chase & Co.,885149401088,332.99,331.42,4930606,279.1,366.5,366.5,322151400.0,1791894600,Financial Services,Banks - Diversified,NYQ
14,WMT,Walmart Inc.,886132113408,111.35,110.56,11823713,98.88,135.16,135.16,83597400.0,1795091400,Consumer Defensive,Discount Stores,NMS
15,ASML,ASML Holding N.V.,683828576256,1780.34,1769.79,1203224,935.41,1999.96,1999.96,795277800.0,1791981000,Technology,Semiconductor Equipment & Materials,NMS
16,V,Visa Inc.,723626622976,385.45,375.1,5826430,293.89,386.84,385.57,1205933400.0,1793131200,Financial Services,Credit Services,NYQ
17,XOM,ExxonMobil Holdings Corporation,694666395648,168.94,168.5,8078799,110.39,176.41,176.41,-252322200.0,1785501000,Energy,Oil & Gas Integrated,NYQ
18,JNJ,Johnson & Johnson,630043836416,261.44,256.48,5460176,184.66,281.07,281.07,-252322200.0,1791894600,Healthcare,Drug Manufacturers - General,NYQ
19,INTC,Intel Corporation,553455190016,104.7,107.08,74577145,32.89,142.35,142.35,322151400.0,1793304000,Technology,Semiconductors,NMS
20,MA,Mastercard Incorporated,516092493824,589.14,573.89,2423360,464.52,601.23,601.77,1148563800.0,1793277000,Financial Services,Credit Services,NYQ
21,ABBV,AbbVie Inc.,488554921984,276.47,272.42,4263014,190.75,277.6,274.94,1357137000.0,1793363400,Healthcare,Drug Manufacturers - General,NYQ
22,CSCO,"Cisco Systems, Inc.",466762858496,118.39,114.89,11343626,66.81,130.37,130.37,635178600.0,1794513600,Technology,Communication Equipment,NMS
23,PLTR,Palantir Technologies Inc.,502359359488,209.05,198.78,37389859,106.37,209.3,207.52,1601472600.0,1785787200,Technology,Software - Infrastructure,NMS
24,ORCL,Oracle Corporation,428654231552,141.4,135.19,25467677,114.5,322.54,345.72,511021800.0,1789070400,Technology,Software - Infrastructure,NYQ
25,AMAT,"Applied Materials, Inc.",402377703424,507.03,509.57,3335378,203.4,739.67,739.67,322151400.0,1794513600,Technology,Semiconductor Equipment & Materials,NMS
26,LRCX,Lam Research Corporation,399004139520,318.84,320.59,4589061,134.04,438.5,438.5,452525400.0,1792612800,Technology,Semiconductor Equipment & Materials,NMS
27,COST,Costco Wholesale Corporation,419608035328,946.92,947.92,1493334,844.06,1096.5,1096.5,521299800.0,1796932800,Consumer Defensive,Discount Stores,NMS
28,CVX,Chevron Corporation,415820677120,211.98,211.55,6030702,146.49,217.78,217.78,-252322200.0,1793363400,Energy,Oil & Gas Integrated,NYQ
29,CAT,Caterpillar Inc.,367955935232,800.47,796.18,1528071,491.3,1073.46,1073.46,-252322200.0,1793277000,Industrials,Farm & Heavy Construction Machinery,NYQ
30,BAC,Bank of America Corporation,379846098944,54.32,53.61,28715342,46.12,65.23,65.23,99153000.0,1791981000,Financial Services,Banks - Diversified,NYQ
31,KO,The Coca-Cola Company,378839465984,88.05,87.77,10350234,66.0,92.49,92.49,-252322200.0,1793104200,Consumer Defensive,Beverages - Non-Alcoholic,NYQ
32,DELL,Dell Technologies Inc.,372624424960,586.06,574.55,5273949,110.22,595.51,595.51,1471440600.0,1788292800,Technology,Computer Hardware,NYQ
33,MRK,"Merck & Co., Inc.",359220183040,145.6,142.38,7995154,82.01,156.92,156.92,-252322200.0,1793277000,Healthcare,Drug Manufacturers - General,NYQ
34,PG,The Procter & Gamble Company,351257722880,151.23,150.59,6145400,137.62,167.25,180.43,-252322200.0,1792672200,Consumer Defensive,Household & Personal Products,NYQ
35,PANW,"Palo Alto Networks, Inc.",342562045952,418.78,398.5,3832323,139.57,432.33,432.33,1342791000.0,1788292800,Technology,Software - Infrastructure,NMS
36,UNH,UnitedHealth Group Incorporated,340457717760,379.3,370.95,7443022,255.97,461.62,630.73,466867800.0,1791894600,Healthcare,Healthcare Plans,NYQ
37,HSBC,HSBC Holdings plc,317985456128,92.98,92.61,2016291,64.65,107.92,107.92,932131800.0,1793104200,Financial Services,Banks - Diversified,NYQ
38,ARM,Arm Holdings plc,284386656256,266.28,275.29,4248039,100.02,452.7,452.7,1694698200.0,1793822400,Technology,Semiconductors,NMS
39,GE,GE Aerospace,319776784384,308.2,305.62,2947220,268.91,388.84,388.84,-252322200.0,1792499400,Industrials,Aerospace & Defense,NYQ
40,MS,Morgan Stanley,298439016448,190.02,187.44,4719400,151.84,232.25,232.25,730477800.0,1791981000,Financial Services,Capital Markets,NYQ
41,PM,Philip Morris International Inc.,313577439232,201.19,200.5,3237041,142.11,207.76,207.76,1205760600.0,1792585800,Consumer Defensive,Tobacco,NYQ
42,HD,"The Home Depot, Inc.",290068267008,290.74,295.47,4560131,277.15,397.63,439.37,370013400.0,1794918600,Consumer Cyclical,Home Improvement Retail,NYQ
43,CRWD,"CrowdStrike Holdings, Inc.",281623035904,275.04,263.01,7041009,85.68,286.99,286.99,1560346200.0,1787774400,Technology,Software - Infrastructure,NMS
44,NFLX,"Netflix, Inc.",292724965376,70.3,71.57,29022504,65.08,124.86,134.115,1022160600.0,1792526400,Communication Services,Entertainment,NMS
45,SHEL,Shell plc,285132554240,100.18,100.2,8485391,68.625,101.17,100.6,447949800.0,1793277000,Energy,Oil & Gas Integrated,NYQ
46,GEV,GE Vernova Inc.,267593334784,1004.73,999.35,1113125,530.16,1195.94,1195.94,1711546200.0,1793190600,Industrials,Specialty Industrial Machinery,NYQ
47,RY,Royal Bank of Canada,265685925888,191.91,190.56,691507,143.13,218.57,218.57,813850200.0,1796301000,Financial Services,Banks - Diversified,NYQ
48,TXN,Texas Instruments Incorporated,259124887552,283.74,288.2,4026281,152.73,334.03,334.03,76253400.0,1792612800,Technology,Semiconductors,NMS
49,BABA,Alibaba Group Holding Limited,277060157440,111.37,105.7,12312876,91.99,182.5,319.32,1411133400.0,1787229000,Consumer Cyclical,Internet Retail,NYQ
50,ANET,"Arista Networks, Inc.",273357848576,216.74,210.97,4326938,114.52,217.4099,217.32,1402061400.0,1793736000,Technology,Computer Hardware,NYQ
51,NVS,Novartis AG,273227759616,143.75,143.11,1900903,121.57,170.46,170.46,847377000.0,1793104200,Healthcare,Drug Manufacturers - General,NYQ
52,MUFG,"Mitsubishi UFJ Financial Group, Inc.",251904016384,22.38,22.48,2480313,14.62,24.26,24.26,986218200.0,1794600000,Financial Services,Banks - Diversified,NYQ
53,GS,"The Goldman Sachs Group, Inc.",260691574784,895.32,882.59,1857084,740.01,1153.99,1153.99,925824600.0,1791894600,Financial Services,Capital Markets,NYQ
54,MRVL,"Marvell Technology, Inc.",247395418112,275.28,274.6,15024644,70.69,329.88,329.88,962371800.0,1787860800,Technology,Semiconductors,NMS
55,KLAC,KLA Corporation,255220121600,195.57,196.72,5293176,99.855,307.37,307.37,339859800.0,1793217600,Technology,Semiconductor Equipment & Materials,NMS
56,RTX,RTX Corporation,250642579456,185.97,184.32,3344904,155.64,226.88,226.88,-244546200.0,1792499400,Industrials,Aerospace & Defense,NYQ
57,WFC,Wells Fargo & Company,252655140864,83.55,82.03,22320147,72.78,97.76,97.76,76253400.0,1791894600,Financial Services,Banks - Diversified,NYQ
58,AZN,AstraZeneca PLC,246904193024,159.2,158.78,2058882,153.41,212.71,212.71,737213400.0,1793390400,Healthcare,Drug Manufacturers - General,NYQ
59,TMO,Thermo Fisher Scientific Inc.,243301122048,658.02,651.98,1575194,435.27,694.33,694.33,322151400.0,1792585800,Healthcare,Diagnostics & Research,NYQ
60,SNDK,Sandisk Corporation,228616585216,1581.82,1609.46,5558695,116.17,2354.39,2354.39,1739457000.0,1793304000,Technology,Computer Hardware,NMS
61,SAP,SAP SE,247899996160,214.78,212.4,2235891,144.97,281.37,313.28,811431000.0,1792612800,Technology,Software - Application,NYQ
62,LIN,Linde plc,222989942784,483.73,481.7,1576874,387.78,548.2,548.2,708787800.0,1793277000,Basic Materials,Specialty Chemicals,NMS
63,BHP,BHP Group Limited,220447703040,86.74,84.83,2650632,52.18,98.71,98.71,322151400.0,1786996800,Basic Materials,Other Industrial Metals & Mining,NYQ
64,TM,Toyota Motor Corporation,219429191680,185.3,186.0,351936,166.1,248.9,255.23,322151400.0,1793881800,Consumer Cyclical,Auto Manufacturers,NYQ
65,APH,Amphenol Corporation,215130947584,87.24,85.32,8338841,59.005,89.93,89.93,689610600.0,1793190600,Technology,Electronic Components,NYQ
66,AMGN,Amgen Inc.,224291995648,414.87,407.44,2009199,288.0,447.03,447.03,424704600.0,1793736000,Healthcare,Drug Manufacturers - General,NMS
67,C,Citigroup Inc.,217462898688,129.64,128.08,6505327,95.0,147.96,591.25,221149800.0,1791894600,Financial Services,Banks - Diversified,NYQ
68,SHOP,Shopify Inc.,221704306688,170.85,164.56,6727472,94.0,182.19,182.19,1432128600.0,1793709000,Technology,Software - Application,NMS
69,IBM,International Business Machines Corporation,213986983936,227.13,226.61,3347106,199.19,332.46,332.46,-252322200.0,1792612800,Technology,Information Technology Services,NYQ
70,AXP,American Express Company,208110239744,308.17,307.15,2577801,290.97,387.49,387.49,76253400.0,1792758600,Financial Services,Credit Services,NYQ
71,ADI,"Analog Devices, Inc.",196825645056,406.19,405.93,2003799,223.47,445.91,445.91,322151400.0,1787142600,Technology,Semiconductors,NMS
72,SAN,"Banco Santander, S.A.",195029041152,13.49,13.48,7354707,9.62,15.05,22.34,554650200.0,1793190600,Financial Services,Banks - Diversified,NYQ
73,QCOM,QUALCOMM Incorporated,187405828096,175.5,176.01,7555158,121.99,259.92,259.92,692634600.0,1793822400,Technology,Semiconductors,NMS
74,TD,The Toronto-Dominion Bank,187960213504,115.1,113.254,837420,77.95,125.47,125.47,841411800.0,1796301000,Financial Services,Banks - Diversified,NYQ
75,VZ,Verizon Communications Inc.,173046398976,41.65,45.6425,94888715,38.39,51.68,62.502934,438273000.0,1793017800,Communication Services,Telecom Services,NYQ
76,TTE,TotalEnergies SE,190085644288,86.11,86.02,4110565,57.43,94.17,94.17,688397400.0,1793304000,Energy,Oil & Gas Integrated,NYQ
77,CRM,"Salesforce, Inc.",188573990912,229.13,227.8,4678244,146.32,269.11,369.0,1087997400.0,1787774400,Technology,Software - Application,NYQ
78,DE,Deere & Company,167418494976,620.93,652.58,1870598,433.0,721.22,721.22,76253400.0,1795609800,Industrials,Farm & Heavy Construction Machinery,NYQ
79,STX,Seagate Technology Holdings plc,178048729088,783.0,774.825,3919769,209.0,1145.0,1145.0,1039617000.0,1785268800,Technology,Computer Hardware,NMS
80,DIS,The Walt Disney Company,186568523776,108.05,107.02,7094123,92.19,117.09,203.02,-252322200.0,1785933000,Communication Services,Entertainment,NYQ
81,GILD,"Gilead Sciences, Inc.",187444019200,151.17,147.1,5333423,114.02,157.29,157.29,696090600.0,1785873600,Healthcare,Drug Manufacturers - General,NMS
82,TMUS,"T-Mobile US, Inc.",159377555456,148.58,171.31,18955439,147.9,230.65,276.49,1176989400.0,1793217600,Communication Services,Telecom Services,NMS
83,BLK,"BlackRock, Inc.",175862611968,1082.39,1065.35,376723,917.39,1219.94,1219.94,938784600.0,1791981000,Financial Services,Asset Management,NYQ
84,SCCO,Southern Copper Corporation,176645144576,209.21,198.66,832031,115.74333,220.78,220.78,820852200.0,0,Basic Materials,Copper,NYQ
85,ETN,Eaton Corporation plc,166876053504,429.65,424.51,1632666,311.92,478.0,478.0,76253400.0,1785501000,Industrials,Specialty Industrial Machinery,NYQ
86,PEP,"PepsiCo, Inc.",171664506880,125.97,128.34,9853204,123.47,171.48,196.88,76253400.0,1791462600,Consumer Defensive,Beverages - Non-Alcoholic,NMS
87,ABT,Abbott Laboratories,172346179584,99.6,98.49,6961418,81.97,134.5,142.6,322151400.0,1792585800,Healthcare,Medical Devices,NYQ
88,SCHW,The Charles Schwab Corporation,167226753024,96.7,96.87,6498186,83.96,114.53,114.53,559315800.0,1792067400,Financial Services,Capital Markets,NYQ
89,T,AT&T Inc.,151985913856,22.18,24.5925,150217381,19.89,29.44,45.270016,438273000.0,1792585800,Communication Services,Telecom Services,NYQ
90,MCD,McDonald's Corporation,166458523648,235.23,236.9,5946968,229.2,341.75,341.75,-110197800.0,1793795400,Consumer Cyclical,Restaurants,NYQ
91,NVO,Novo Nordisk A/S,170570678272,38.64,38.18,9381643,35.12,64.16,148.15,357485400.0,1793795400,Healthcare,Drug Manufacturers - General,NYQ
92,UNP,Union Pacific Corporation,165354979328,278.34,278.2,1362936,215.53,315.99,315.99,315671400.0,1792672200,Industrials,Railroads,NYQ
93,SMFG,"Sumitomo Mitsui Financial Group, Inc.",157621125120,25.13,25.31,1021879,15.18,27.62,27.62,1138372200.0,1785528000,Financial Services,Banks - Diversified,NYQ
94,WELL,Welltower Inc.,162467381248,225.47,223.04,2834302,163.75,255.2,255.2,322324200.0,1793044800,Real Estate,REIT - Healthcare Facilities,NYQ
95,NEE,"NextEra Energy, Inc.",161412988928,77.38,77.37,6613469,74.41,98.75,98.75,99153000.0,1792585800,Utilities,Utilities - Regulated Electric,NYQ
96,RIO,Rio Tinto Group,154149208064,94.78,93.34,1301749,66.49,112.58,139.6625,646579800.0,1785268800,Basic Materials,Other Industrial Metals & Mining,NYQ
97,PFE,Pfizer Inc.,161186775040,28.28,27.82,22604129,23.62,29.21,61.71,76253400.0,1793709000,Healthcare,Drug Manufacturers - General,NYQ
98,COP,ConocoPhillips,161099366400,134.1,134.19,3834399,85.57,141.62,141.62,378657000.0,1793881800,Energy,Oil & Gas E&P,NYQ
99,IBKR,"Interactive Brokers Group, Inc.",149714272256,87.87,86.47,2423935,58.95,98.75,98.75,1178285400.0,1792094400,Financial Services,Capital Markets,NMS
100,PBR,Petróleo Brasileiro S.A. - Petrobras,163042459648,25.3,24.69,26057787,11.43,25.6,77.61,965914200.0,1794340800,Energy,Oil & Gas Integrated,NYQ
101,DHR,Danaher Corporation,154523369472,219.81,217.46,3185046,160.93,242.8,296.06384,283789800.0,1792585800,Healthcare,Diagnostics & Research,NYQ
102,BA,The Boeing Company,150462742528,190.37,187.75,5081545,176.77,254.35,446.01,-252322200.0,1793104200,Industrials,Aerospace & Defense,NYQ
103,BBVA,"Banco Bilbao Vizcaya Argentaria, S.A.",143659548672,26.12,26.17,1937487,17.9,29.64,29.64,598199400.0,1793277000,Financial Services,Banks - Diversified,NYQ
104,TJX,"The TJX Companies, Inc.",152632393728,138.76,138.75,4362822,122.78,170.0,170.0,551712600.0,1795005000,Consumer Cyclical,Apparel Retail,NYQ
105,BUD,Anheuser-Busch InBev SA/NV,152272732160,77.33,77.41,1228028,58.96,86.6,136.08,1246455000.0,1793277000,Consumer Defensive,Beverages - Brewers,NYQ
106,UBS,UBS Group AG,147361644544,48.13,47.06,1657425,36.295,55.985,66.26,958483800.0,1793190600,Financial Services,Banks - Diversified,NYQ
107,WDC,Western Digital Corporation,148711145472,397.28,393.31,7021810,112.52,799.87,799.87,278692200.0,1792699200,Technology,Computer Hardware,NMS
108,GLW,Corning Incorporated,134962323456,156.68,152.83,6663557,77.39,271.78,271.78,378657000.0,1793104200,Technology,Electronic Components,NYQ
109,ISRG,"Intuitive Surgical, Inc.",149775761408,423.96,415.41,1761570,328.57,603.88,616.0,961162200.0,1792526400,Healthcare,Medical Instruments & Supplies,NMS
110,NOW,"ServiceNow, Inc.",145629806592,140.86,139.75,6272232,81.24,192.966,239.618,1340976600.0,1793217600,Technology,Software - Application,NYQ
111,UBER,"Uber Technologies, Inc.",146063474688,71.51,70.24,16530388,65.41,100.35,101.99,1557495000.0,1793795400,Technology,Software - Application,NYQ
112,SONY,Sony Group Corporation,140823199744,24.12,23.95,3195104,19.32,30.34,31.475,99153000.0,1793881800,Technology,Consumer Electronics,NYQ
113,FTNT,"Fortinet, Inc.",142890729472,194.75,189.1,2068351,73.55,194.95,192.41,1258554600.0,1793217600,Technology,Software - Infrastructure,NMS
114,MFG,"Mizuho Financial Group, Inc.",128413237248,10.61,10.67,2529202,6.13,11.49,15.35,1162996200.0,1794600000,Financial Services,Banks - Regional,NYQ
115,BX,Blackstone Inc.,136610586624,114.29,112.68,3959865,101.73,166.39,200.96,1182519000.0,1792672200,Financial Services,Asset Management,NYQ
116,UL,Unilever PLC,134079340544,62.26,61.94,2083308,54.75,74.98,74.98,322842600.0,1785241800,Consumer Defensive,Household & Personal Products,NYQ
117,CB,Chubb Limited,131634921472,341.2,343.78,1032151,265.3,365.91,365.91,733069800.0,1792526400,Financial Services,Insurance - Property & Casualty,NYQ
118,VRTX,Vertex Pharmaceuticals Incorporated,129285349376,510.08,503.25,1469287,402.58,560.25,560.25,680362200.0,1793649600,Healthcare,Biotechnology,NMS
119,NET,"Cloudflare, Inc.",128519847936,360.93,341.89,2621605,158.83,370.35,370.35,1568381400.0,1786046400,Technology,Software - Infrastructure,NYQ
120,PLD,"Prologis, Inc.",125876117504,129.49,129.29,3310448,111.38,153.35,174.54,880122600.0,1792067400,Real Estate,REIT - Industrial,NYQ
121,PH,Parker-Hannifin Corporation,121390768128,962.56,946.96,354579,717.02,1099.94,1099.94,322151400.0,1786019400,Industrials,Specialty Industrial Machinery,NYQ
122,NEM,Newmont Corporation,124167094272,117.84,115.55,4830284,76.05,135.29,135.29,322151400.0,1792699200,Basic Materials,Gold,NYQ
123,PGR,The Progressive Corporation,126196367360,217.43,218.73,1466088,189.2,241.01,292.99,322151400.0,1791981000,Financial Services,Insurance - Property & Casualty,NYQ
124,MPC,Marathon Petroleum Corporation,127783690240,455.03,463.34,1965400,161.93,469.9999,467.85,1308922200.0,1793709000,Energy,Oil & Gas Refining & Marketing,NYQ
125,VLO,Valero Energy Corporation,124888530944,433.75,443.8,3337871,155.29,449.77,446.48,379002600.0,1792672200,Energy,Oil & Gas Refining & Marketing,NYQ
126,BMY,Bristol-Myers Squibb Company,120765284352,59.12,59.58,9252193,42.52,68.64,81.44,76253400.0,1793277000,Healthcare,Drug Manufacturers - General,NYQ
127,COF,Capital One Financial Corporation,122242990080,199.26,199.4,2786020,174.24,259.64,259.64,784996200.0,1792526400,Financial Services,Credit Services,NYQ
128,SNOW,Snowflake Inc.,130144395264,368.89,343.4,8022555,118.3,384.56,429.0,1600263000.0,1788379200,Technology,Software - Application,NYQ
129,ACN,Accenture plc,127932612608,209.06,208.36,4875161,118.15,291.09,417.37,995549400.0,1797510600,Technology,Information Technology Services,NYQ
130,BKNG,Booking Holdings Inc.,120476344320,160.34,159.97,4218321,150.14,220.806,233.5764,922890600.0,1793736000,Consumer Cyclical,Travel Services,NMS
131,LMT,Lockheed Martin Corporation,117608660992,509.59,507.89,801350,437.25,692.0,692.0,-252322200.0,1792672200,Industrials,Aerospace & Defense,NYQ
132,SPGI,S&P Global Inc.,120225341440,407.82,402.73,1376542,361.03122,522.46924,547.82404,99153000.0,1793104200,Financial Services,Financial Data & Stock Exchanges,NYQ
133,BP,BP p.l.c.,119121100800,46.25,46.36,8422406,32.72,48.27,79.77,-252322200.0,1793363400,Energy,Oil & Gas Integrated,NYQ
134,HDB,HDFC Bank Limited,114507915264,22.28,22.01,4019444,21.71,37.45,42.35,995635800.0,1792267200,Financial Services,Banks - Regional,NYQ
135,BMO,Bank of Montreal,113015046144,162.59,160.7,388277,119.84,187.22,187.22,783264600.0,1796214600,Financial Services,Banks - Diversified,NYQ
136,BTI,British American Tobacco p.l.c.,119384825856,55.5,55.43,2601268,49.88,67.3,73.41,324570600.0,1785441600,Consumer Defensive,Tobacco,NYQ
137,MO,"Altria Group, Inc.",119687241728,71.68,71.42,8369675,54.7,77.06,90.5,-252322200.0,1793277000,Consumer Defensive,Tobacco,NYQ
138,ITUB,Itaú Unibanco Holding S.A.,111982215168,10.16,9.83,45486777,6.592233,10.2,10.2,1014647400.0,1793736000,Financial Services,Banks - Regional,NYQ
139,PDD,PDD Holdings Inc.,115793297408,81.35,78.26,6810145,71.94,139.41,212.6,1532611800.0,1787574600,Consumer Cyclical,Internet Retail,NMS
140,MDT,Medtronic plc,113178124288,88.48,87.75,38860319,73.31,106.33,135.89,105197400.0,1788265800,Healthcare,Medical Devices,NYQ
141,CVS,CVS Health Corporation,110196088832,86.16,87.8,11650453,69.51,110.68,113.65,99153000.0,1793795400,Healthcare,Healthcare Plans,NYQ
142,BNS,The Bank of Nova Scotia,107805507584,88.45,87.59,841372,62.98,95.74,95.74,1023456600.0,1796214600,Financial Services,Banks - Diversified,NYQ
143,SBUX,Starbucks Corporation,103454998528,90.75,93.21,12757343,77.99,110.51,126.32,709565400.0,1793304000,Consumer Cyclical,Restaurants,NMS
144,PSX,Phillips 66,111532097536,278.18,281.6,2819322,126.74,286.574,282.64,1334237400.0,1793190600,Energy,Oil & Gas Refining & Marketing,NYQ
145,PWR,"Quanta Services, Inc.",106133413888,705.94,685.33,685339,404.51,788.75,788.75,887293800.0,1785414600,Industrials,Engineering & Construction,NYQ
146,MCK,McKesson Corporation,109459693568,938.84,930.25,482892,723.68,999.0,999.0,784477800.0,1793822400,Healthcare,Medical Distribution,NYQ
147,SYK,Stryker Corporation,106376306688,277.33,276.97,1476433,267.0,392.55,406.19,322151400.0,1793304000,Healthcare,Medical Devices,NYQ
148,CEG,Constellation Energy Corporation,105608404992,298.07,285.07,3785046,228.63,412.7,412.7,1642602600.0,1794227400,Utilities,Utilities - Independent Power Producers,NMS
149,FCX,Freeport-McMoRan Inc.,105820135424,73.69,71.14,6978566,38.54,80.24,80.24,805383000.0,1793104200,Basic Materials,Copper,NYQ
150,TT,Trane Technologies plc,104946663424,476.98,469.94,1078278,348.06,505.87,505.87,322151400.0,1793277000,Industrials,Building Products & Equipment,NYQ
151,ADP,"Automatic Data Processing, Inc.",107336622080,270.88,270.73,1097705,188.16,288.0,329.93,322151400.0,1793190600,Technology,Software - Application,NMS
152,ENB,Enbridge Inc.,103864107008,46.6,46.54,3598516,45.03,58.45,58.45,448209000.0,1793968200,Energy,Oil & Gas Midstream,NYQ
153,EQIX,"Equinix, Inc.",101243076608,1026.06,1011.16,318078,720.62,1128.68,1128.68,966000600.0,1793217600,Real Estate,REIT - Specialty,NMS
154,ASX,"ASE Technology Holding Co., Ltd.",102091014144,46.43,45.26,5370435,11.21,47.93,47.93,970493400.0,1793277000,Technology,Semiconductors,NYQ
155,LOW,"Lowe's Companies, Inc.",104356044800,186.0,188.85,2645934,178.45,293.06,293.06,322151400.0,1795005000,Consumer Cyclical,Home Improvement Retail,NYQ
156,EQNR,Equinor ASA,101896052736,43.01,42.93,5966433,22.26,45.84,45.84,992871000.0,1793190600,Energy,Oil & Gas Integrated,NYQ
157,LITE,Lumentum Holdings Inc.,99944595456,1103.35,1048.6,5235815,152.54,1143.0,1137.205,1437658200.0,1793908800,Technology,Communication Equipment,NMS
158,CM,Canadian Imperial Bank of Commerce,99146547200,109.2,108.18,477976,79.32,124.86,124.86,879431400.0,1796301000,Financial Services,Banks - Diversified,NYQ
159,IBN,ICICI Bank Limited,100106870784,27.89,27.9,3627420,25.08,33.03,34.57,954253800.0,1792267200,Financial Services,Banks - Regional,NYQ
160,HOOD,"Robinhood Markets, Inc.",98017951744,109.02,107.01,13683634,63.515,153.56,153.86,1627565400.0,1793131200,Financial Services,Capital Markets,NMS
161,SPOT,Spotify Technology S.A.,108782829568,529.14,526.42,1320449,405.0,700.12,785.0,1522762200.0,1792672200,Communication Services,Internet Content & Information,NYQ
162,CNQ,Canadian Natural Resources Limited,102353477632,49.65,49.05,3693265,29.68,52.31,52.31,965050200.0,1793881800,Energy,Oil & Gas E&P,NYQ
163,ING,ING Groep N.V.,94935097344,33.37,33.43,3340607,23.64,37.52,47.18,769267800.0,1793277000,Financial Services,Banks - Diversified,NYQ
164,CDNS,"Cadence Design Systems, Inc.",97169661952,352.84,348.84,1292737,262.75,416.69,416.69,550330200.0,1793044800,Technology,Software - Application,NMS
165,DDOG,"Datadog, Inc.",105302343680,293.26,273.8,3703089,98.01,294.0,292.72,1568899800.0,1786019400,Technology,Software - Application,NMS
166,SO,The Southern Company,99126779904,86.17,86.15,3130024,81.69,100.84,100.84,378657000.0,1793881800,Utilities,Utilities - Regulated Electric,NYQ
167,BNY,The Bank of New York Mellon Corporation,96829325312,142.71,143.61,2884020,103.11,165.84,165.84,105283800.0,1792067400,Financial Services,Banks - Diversified,NYQ
168,VRT,Vertiv Holdings Co,93467426816,242.78,243.73,3419680,147.82,379.935,379.935,1533216600.0,1785328200,Industrials,Electrical Equipment & Parts,NYQ
169,CME,CME Group Inc.,100883554304,280.56,276.44,2593040,218.31,329.16,329.16,1039185000.0,1792585800,Financial Services,Financial Data & Stock Exchanges,NMS
170,SNPS,"Synopsys, Inc.",97732771840,509.99,497.75,1665280,362.55,539.48,651.73,699114600.0,1787774400,Technology,Software - Infrastructure,NMS
171,JCI,Johnson Controls International plc,95367929856,157.44,154.0,2551423,104.49,160.41,160.41,559834200.0,1793104200,Industrials,Building Products & Equipment,NYQ
172,ABNB,"Airbnb, Inc.",99320578048,165.87,163.23,2035485,110.81,193.453,219.94,1607610600.0,1793908800,Consumer Cyclical,Travel Services,NMS
173,SNY,Sanofi,96013230080,40.07,40.23,2101570,39.18,52.68,60.12,1025530200.0,1793363400,Healthcare,Drug Manufacturers - General,NMS
174,AEM,Agnico Eagle Mines Limited,95713091584,189.02,183.87,1634355,134.38,255.24,255.24,99153000.0,1793217600,Basic Materials,Gold,NYQ
175,HCA,"HCA Healthcare, Inc.",97661665280,451.09,445.01,980821,353.99,556.52,556.52,1299767400.0,1793104200,Healthcare,Medical Care Facilities,NYQ
176,MAR,"Marriott International, Inc.",95409168384,365.88,361.08,834024,256.76,410.98,410.98,890663400.0,1793622600,Consumer Cyclical,Lodging,NMS
177,HPE,Hewlett Packard Enterprise Company,97515569152,73.46,71.0,13440804,19.84,73.56,73.28,1445261400.0,1788379200,Technology,Communication Equipment,NYQ
178,MELI,"MercadoLibre, Inc.",95809347584,1889.85,1856.66,313134,1495.0,2428.0,2645.22,1186752600.0,1793822400,Consumer Cyclical,Internet Retail,NMS
179,GSK,GSK plc,93163462656,46.5,46.54,8431411,42.85,61.7,76.1875,323101800.0,1793190600,Healthcare,Drug Manufacturers - General,NYQ
180,APP,AppLovin Corporation,93068689408,277.04,280.12,3282034,266.84,738.01,745.61,1618493400.0,1793822400,Communication Services,Advertising Agencies,NMS
181,ADBE,Adobe Inc.,94291484672,242.27,241.05,3881488,190.12,363.7,699.54,524323800.0,1796846400,Technology,Software - Application,NMS
182,HWM,Howmet Aerospace Inc.,89834004480,225.26,222.56,2670594,185.83,310.0,310.0,1478007000.0,1793277000,Industrials,Aerospace & Defense,NYQ
183,EMR,Emerson Electric Co.,90268778496,161.83,159.06,2430732,122.64,166.35,166.35,76253400.0,1785873600,Industrials,Specialty Industrial Machinery,NYQ
184,DUK,Duke Energy Corporation,90952261632,116.65,116.84,2805504,112.4,134.49,134.49,322151400.0,1793881800,Utilities,Utilities - Regulated Electric,NYQ
185,GD,General Dynamics Corporation,89627475968,331.27,328.31,1123193,306.77,400.0,400.0,-252322200.0,1793363400,Industrials,Aerospace & Defense,NYQ
186,USB,U.S. Bancorp,88933580800,57.08,57.03,5214743,45.02,66.08,66.08,105283800.0,1792067400,Financial Services,Banks - Regional,NYQ
187,WMB,"The Williams Companies, Inc.",88887582720,72.67,72.34,6882805,56.19,80.08,80.08,378657000.0,1785787200,Energy,Oil & Gas Midstream,NYQ
188,BE,Bloom Energy Corporation,82614927360,280.5,272.82,8443691,75.7,351.28,351.28,1532525400.0,1785268800,Industrials,Electrical Equipment & Parts,NYQ
189,CSX,CSX Corporation,87547961344,47.26,47.34,5070191,33.63,53.6,53.6,342109800.0,1792612800,Industrials,Railroads,NMS
190,PNC,"The PNC Financial Services Group, Inc.",87452450816,219.21,219.68,1147129,176.88,258.96,258.96,185466600.0,1792067400,Financial Services,Banks - Regional,NYQ
191,ELV,"Elevance Health, Inc.",89501958144,412.7,400.94,2076983,274.84,436.24,567.26,1004452200.0,1792585800,Healthcare,Healthcare Plans,NYQ
192,ICE,"Intercontinental Exchange, Inc.",87684210688,156.19,155.35,2429268,121.79,176.05,189.35,1132151400.0,1793277000,Financial Services,Financial Data & Stock Exchanges,NYQ
193,MMM,3M Company,82494963712,159.96,163.58,2371616,139.34,184.9,217.19899,-252322200.0,1792499400,Industrials,Conglomerates,NYQ
194,MNST,Monster Beverage Corporation,85493014528,43.64,43.65,6381423,32.94,50.17,50.17,502986600.0,1786046400,Consumer Defensive,Beverages - Non-Alcoholic,NMS
195,KKR,KKR & Co. Inc.,84000555008,90.95,89.56,4338294,82.67,144.84,170.4,1279200600.0,1794227400,Financial Services,Asset Management,NYQ
196,DASH,"DoorDash, Inc.",85143044096,196.5,191.71,2332220,143.3,285.5,285.5,1607524200.0,1793822400,Consumer Cyclical,Internet Retail,NMS
197,BN,Brookfield Corporation,82797920256,37.09,36.77,3755116,35.69,49.57,49.57,441642600.0,1794486600,Financial Services,Asset Management,NYQ
198,WM,"Waste Management, Inc.",83472523264,208.83,210.1,1622720,194.11,248.13,248.13,582989400.0,1793131200,Industrials,Waste Management,NYQ
199,MRSH,"Marsh & McLennan Companies, Inc.",83874652160,175.76,176.67,1966386,156.6,207.28,248.0,99153000.0,1792067400,Financial Services,Insurance Brokers,NYQ
200,SU,Suncor Energy Inc.,85285232640,72.23,70.91,3523079,37.77,72.46,74.275,322151400.0,1785873600,Energy,Oil & Gas Integrated,NYQ
201,EPD,Enterprise Products Partners L.P.,77913939968,36.08,36.75,3418052,30.01,40.17,41.38,901632600.0,1785414600,Energy,Oil & Gas Midstream,NYQ
202,LYG,Lloyds Banking Group plc,77679255552,5.41,5.38,20087725,4.42,6.34,47.70508,1006957800.0,1793277000,Financial Services,Banks - Regional,NYQ
203,UPS,"United Parcel Service, Inc.",80458416128,94.57,94.13,3563954,82.0,122.41,233.72,942244200.0,1793104200,Industrials,Integrated Freight & Logistics,NYQ
204,BCS,Barclays PLC,76573523968,22.95,22.95,4411017,19.29,28.69,57.769585,526656600.0,1792672200,Financial Services,Banks - Diversified,NYQ
205,ECL,Ecolab Inc.,79005007872,281.83,281.69,870460,243.15,309.27,309.27,99153000.0,1793104200,Basic Materials,Specialty Chemicals,NYQ
206,E,Eni S.p.A.,80188555264,56.0,55.62,408127,34.03,58.0,85.16,817569000.0,1792785600,Energy,Oil & Gas Integrated,NYQ
207,SHW,The Sherwin-Williams Company,77527236608,319.36,321.03,885430,289.86,377.77,400.42,322151400.0,1793104200,Basic Materials,Specialty Chemicals,NYQ
208,MCO,Moody's Corporation,80395812864,464.23,458.69,588247,402.28,546.88,546.88,783613800.0,1792585800,Financial Services,Financial Data & Stock Exchanges,NYQ
209,CTAS,Cintas Corporation,80371974144,202.41,201.12,1160406,161.16,219.17,229.24,430147800.0,1790166600,Industrials,Specialty Business Services,NMS
210,WBD,"Warner Bros. Discovery, Inc.",77595885568,30.95,30.95,40,17.08,30.99,78.14,1120829400.0,1786019400,Communication Services,Entertainment,NMS
211,INTU,Intuit Inc.,80905699328,302.75,303.88,2601733,252.84,689.17,813.7,731946600.0,1787688000,Technology,Software - Application,NMS
212,NGG,National Grid plc,76891602944,76.48,77.11,666678,73.28,94.64,94.978165,1123680600.0,1793908800,Utilities,Utilities - Regulated Electric,NYQ
213,RCL,Royal Caribbean Cruises Ltd.,75491024896,282.26,281.41,1591749,222.22,356.39,366.5,736003800.0,1793104200,Consumer Cyclical,Travel Services,NYQ
214,AMT,American Tower Corporation,84916568064,182.24,166.73,8468306,160.06,196.08,303.72,888589800.0,1793104200,Real Estate,REIT - Specialty,NYQ
215,CMCSA,Comcast Corporation,73314836480,20.66,21.21,32651519,20.485,32.86,57.9194,322151400.0,1792672200,Communication Services,Telecom Services,NMS
216,ITW,Illinois Tool Works Inc.,75224227840,264.13,264.71,1278454,238.82,303.16,303.16,100881000.0,1785241800,Industrials,Specialty Industrial Machinery,NYQ
217,SPG,"Simon Property Group, Inc.",75704516608,199.42,199.61,1184268,172.19,238.5,238.5,755879400.0,1793908800,Real Estate,REIT - Retail,NYQ
218,NTES,"NetEase, Inc.",79554650112,124.24,119.6,806695,106.06,153.54,159.55,962371800.0,1787229000,Communication Services,Electronic Gaming & Multimedia,NMS
219,MRNA,"Moderna, Inc.",89828081664,225.0,197.0,28817183,22.28,225.0,497.49,1544193000.0,1785501000,Healthcare,Biotechnology,NMS
220,EOG,"EOG Resources, Inc.",77714243584,148.16,148.51,2266732,101.59,154.16,154.16,623511000.0,1793908800,Energy,Oil & Gas E&P,NYQ
221,MDLZ,"Mondelez International, Inc.",77101768704,60.41,60.67,4889738,51.2,66.65,78.59,992439000.0,1785268800,Consumer Defensive,Confectioners,NMS
222,REGN,"Regeneron Pharmaceuticals, Inc.",76860014592,746.54,739.57,466002,541.0,859.34,1211.2,670602600.0,1793363400,Healthcare,Biotechnology,NMS
223,MSI,"Motorola Solutions, Inc.",73509027840,444.18,447.12,908561,359.36,494.85,507.82,-252322200.0,1785960000,Technology,Communication Equipment,NYQ
224,NU,Nu Holdings Ltd.,77870710784,16.12,15.38,75383344,11.2,18.98,18.98,1639060200.0,1786651200,Financial Services,Banks - Regional,NYQ
225,TRV,"The Travelers Companies, Inc.",76912041984,368.75,370.27,753273,252.26,398.7,398.7,185466600.0,1792153800,Financial Services,Insurance - Property & Casualty,NYQ
226,CP,Canadian Pacific Kansas City Limited,74247028736,84.46,84.35,1305866,68.42,96.9,96.9,441642600.0,1793217600,Industrials,Railroads,NYQ
227,SLB,SLB N.V.,72648810496,48.95,48.98,7578625,31.64,60.46,118.76,378657000.0,1792758600,Energy,Oil & Gas Equipment & Services,NYQ
228,CMI,Cummins Inc.,72052211712,523.39,520.4,905652,400.72,737.76,737.76,99153000.0,1793881800,Industrials,Specialty Industrial Machinery,NYQ
229,MPWR,"Monolithic Power Systems, Inc.",68126449664,1386.29,1369.8,433542,833.18,1714.09,1714.09,1100874600.0,1793304000,Technology,Semiconductors,NMS
230,HLT,Hilton Worldwide Holdings Inc.,73497198592,326.56,323.29,1153804,253.54,358.0,358.0,1386858600.0,1793104200,Consumer Cyclical,Lodging,NYQ
231,CI,The Cigna Group,74629439488,282.43,281.03,885355,239.51,311.34,370.83,386433000.0,1793881800,Healthcare,Healthcare Plans,NYQ
232,BAM,Brookfield Asset Management Ltd.,73281904640,45.88,45.17,3543261,42.2,59.33,64.1,1669905000.0,1785933000,Financial Services,Asset Management,NYQ
233,GM,General Motors Company,72591564800,82.73,82.25,6592990,54.33,91.85,91.85,1290090600.0,1792499400,Consumer Cyclical,Auto Manufacturers,NYQ
234,KMI,"Kinder Morgan, Inc.",72348803072,32.49,32.25,8118975,25.6,34.81,44.71,1297434600.0,0,Energy,Oil & Gas Midstream,NYQ
235,ET,Energy Transfer LP,70277742592,20.41,20.62,6310471,16.18,21.84,35.44,1138977000.0,1793709000,Energy,Oil & Gas Midstream,ASE
236,CNI,Canadian National Railway Company,71150895104,117.78,116.84,716249,90.74,131.55,137.19,849018600.0,1793363400,Industrials,Railroads,NYQ
237,ROST,"Ross Stores, Inc.",71344922624,222.41,225.2,2507391,147.49,257.0,257.0,492355800.0,1787256000,Consumer Cyclical,Apparel Retail,NMS
238,MFC,Manulife Financial Corporation,70191800320,42.43,42.12,808011,31.41,45.33,46.61,938179800.0,1793822400,Financial Services,Insurance - Life,NYQ
239,NSC,Norfolk Southern Corporation,71378296832,317.79,316.99,372969,277.8,358.6,358.6,391872600.0,1792672200,Industrials,Railroads,NYQ
240,NWG,NatWest Group plc,67860758528,17.13,17.15,3648457,13.76,19.42,241.79984,1192714200.0,1793363400,Financial Services,Banks - Regional,NYQ
241,TGT,Target Corporation,69798150144,153.64,154.76,3599827,83.44,170.75,268.98,99153000.0,1795005000,Consumer Defensive,Discount Stores,NYQ
242,CVNA,Carvana Co.,70642393088,63.73,63.2,6795458,54.464,97.378,97.378,1493386200.0,1793217600,Consumer Cyclical,Auto & Truck Dealerships,NYQ
243,DLR,"Digital Realty Trust, Inc.",67511164928,178.76,176.07,1288179,146.23,208.14,208.14,1099056600.0,1793304000,Real Estate,REIT - Specialty,NYQ
244,CL,Colgate-Palmolive Company,70366437376,88.27,88.1,3165003,74.55,99.33,109.3,105197400.0,1793363400,Consumer Defensive,Household & Personal Products,NYQ
245,ORLY,"O'Reilly Automotive, Inc.",69934653440,86.45,86.01,3005480,82.59,104.06,108.72,735571800.0,1793217600,Consumer Cyclical,Auto Parts,NMS
246,NBIS,Nebius Group N.V.,60099039232,221.07,219.71,9517515,73.52,299.86,299.86,1729517400.0,1786537800,Communication Services,Internet Content & Information,NMS
247,NOC,Northrop Grumman Corporation,68292538368,480.72,484.48,612884,470.06,774.0,774.0,378657000.0,1792499400,Industrials,Aerospace & Defense,NYQ
248,FDX,FedEx Corporation,69039128576,291.71,291.73,1213339,180.99113,345.37,345.37,261239400.0,1793217600,Industrials,Integrated Freight & Logistics,NYQ
249,APO,"Apollo Global Management, Inc.",70067945472,118.65,115.3,3492797,99.56,153.29,189.49,1301491800.0,1793709000,Financial Services,Asset Management,NYQ
250,RACE,Ferrari N.V.,68390203392,389.91,388.28,270903,312.51,437.15,519.1,1445434200.0,1793709000,Consumer Cyclical,Auto Manufacturers,NYQ
251,URI,"United Rentals, Inc.",65751097344,1056.37,1050.15,387978,701.59,1179.18,1179.18,882455400.0,1792612800,Industrials,Rental & Leasing Services,NYQ
252,B,Barrick Mining Corporation,67580014592,41.06,39.99,6892188,30.35,54.69,55.95,477153000.0,1794227400,Basic Materials,Gold,NYQ
253,TER,"Teradyne, Inc.",62955294720,402.68,398.72,1813418,131.75,487.91,487.91,99153000.0,1785268800,Technology,Semiconductor Equipment & Materials,NMS
254,HON,Honeywell International Inc.,65837944832,207.73,206.6,1563149,195.86786,260.28317,260.28317,-252322200.0,1792672200,Industrials,Conglomerates,NMS
255,ALAB,"Astera Labs, Inc.",59368337408,342.21,347.05,4061564,97.89,499.476,499.476,1710941400.0,1793736000,Technology,Semiconductors,NMS
256,AMX,"América Móvil, S.A.B. de C.V.",63675056128,21.32,22.14,3699473,19.71,28.46,34.575,981988200.0,1792526400,Communication Services,Telecom Services,NYQ
257,DB,Deutsche Bank Aktiengesellschaft,63284723712,33.68,33.63,1746152,28.12,41.62,124.301,848327400.0,1793190600,Financial Services,Banks - Regional,NYQ
258,AEP,"American Electric Power Company, Inc.",66857439232,122.81,122.32,2732959,112.54,140.58,140.58,-252322200.0,1793190600,Utilities,Utilities - Regulated Electric,NMS
259,KEYS,"Keysight Technologies, Inc.",65161179136,382.75,374.67,899509,158.79,389.93,389.93,1413811800.0,1787083200,Technology,Scientific & Technical Instruments,NYQ
260,RSG,"Republic Services, Inc.",66411474944,216.88,216.84,1311049,196.41,233.42,258.75,899299800.0,1793304000,Industrials,Waste Management,NYQ
261,COHR,Coherent Corp.,61221072896,312.62,302.35,8092549,108.19,440.0,440.0,560179800.0,1786564800,Technology,Scientific & Technical Instruments,NYQ
262,MSTR,Strategy Inc,61543198720,154.34,151.47,15940127,81.81,315.95,543.0,897571800.0,1793304000,Technology,Software - Application,NMS
263,FIX,"Comfort Systems USA, Inc.",60382556160,1715.69,1706.39,204055,770.47,2073.99,2073.99,867418200.0,1784836800,Industrials,Engineering & Construction,NYQ
264,TEL,TE Connectivity plc,63197839360,218.29,214.31,1531292,190.27,252.56,252.56,1181827800.0,1793190600,Technology,Electronic Components,NYQ
265,WPM,Wheaton Precious Metals Corp.,62969278464,138.65,134.96,1005844,92.57,165.76,165.76,1120656600.0,1793908800,Basic Materials,Gold,NYQ
266,APD,"Air Products and Chemicals, Inc.",62632534016,281.26,278.38,718808,229.11,314.87,341.14,322151400.0,1793881800,Basic Materials,Specialty Chemicals,NYQ
267,MET,"MetLife, Inc.",62486446080,98.33,98.47,2336136,67.33,100.93,100.93,954941400.0,1793822400,Financial Services,Insurance - Life,NYQ
268,CIEN,Ciena Corporation,63781220352,449.77,425.93,3769813,153.27,637.51,1057.0,855325800.0,1788438600,Technology,Communication Equipment,NYQ
269,NXPI,NXP Semiconductors N.V.,57372393472,227.52,231.07,2383748,183.0,339.95,339.95,1281101400.0,1793131200,Technology,Semiconductors,NMS
270,TRGP,Targa Resources Corp.,61477376000,286.7,288.49,768066,144.14,307.94,307.94,1291732200.0,1786019400,Energy,Oil & Gas Midstream,NYQ
271,BSX,Boston Scientific Corporation,61925580800,42.73,42.04,12755289,41.39,105.65,109.5,706282200.0,1793190600,Healthcare,Medical Devices,NYQ
272,TDG,TransDigm Group Incorporated,61245837312,1107.99,1089.3,278670,1071.25,1463.03,1623.83,1142433000.0,1785846600,Industrials,Aerospace & Defense,NYQ
273,NOK,Nokia Oyj,58001956864,10.36,10.14,49718405,5.19,17.45,62.5,773069400.0,1792672200,Technology,Communication Equipment,NYQ
274,VALE,Vale S.A.,57963487232,13.62,13.42,34987859,10.77,17.94,44.15,1016721000.0,1785441600,Basic Materials,Other Industrial Metals & Mining,NYQ
275,GWW,"W.W. Grainger, Inc.",60750327808,1289.79,1268.67,182626,906.52,1419.91,1419.91,99153000.0,1793795400,Industrials,Industrial Distribution,NYQ
276,COR,"Cencora, Inc.",61799378944,323.85,321.35,775051,244.82,377.54,377.54,797002200.0,1793795400,Healthcare,Medical Distribution,NYQ
277,SE,Sea Limited,58339151872,95.25,92.89,7565560,77.05,189.78,372.7,1508506200.0,1786451400,Consumer Cyclical,Internet Retail,NYQ
278,RELX,RELX PLC,62780858368,36.13,35.24,2186487,27.57,47.22,56.33,781450200.0,1784809800,Industrials,Specialty Business Services,NYQ
279,AJG,Arthur J. Gallagher & Co.,59650547712,232.7,234.05,960819,190.75,304.57,351.23,456586200.0,1793304000,Financial Services,Insurance Brokers,NYQ
280,OXY,Occidental Petroleum Corporation,60088205312,60.11,60.28,6681275,38.8,67.45,112.94586,378657000.0,1794254400,Energy,Oil & Gas E&P,NYQ
281,FAST,Fastenal Company,58235502592,50.75,50.49,5225082,38.97,52.92,52.92,556464600.0,1791981000,Industrials,Industrial Distribution,NMS
282,MPLX,MPLX LP,57080217600,56.3,57.32,1698574,47.8,60.95,85.57,1351258200.0,1793709000,Energy,Oil & Gas Midstream,NYQ
283,CVE,Cenovus Energy Inc.,57890848768,31.39,31.49,9050187,15.63,34.16,40.73,1258468200.0,1785328200,Energy,Oil & Gas Integrated,NYQ
284,UMC,United Microelectronics Corporation,57581580288,22.96,22.82,5232400,6.97,28.96,28.96,969370200.0,1793190600,Technology,Semiconductors,NYQ
285,AME,"AMETEK, Inc.",56989761536,248.58,247.52,854311,179.79,261.16,261.16,459091800.0,1785846600,Industrials,Specialty Industrial Machinery,NYQ
286,ARGX,argenx SE,51882897408,825.03,818.63,512220,661.85,1072.75,1072.75,1495114200.0,1792672200,Healthcare,Biotechnology,NMS
287,TAK,Takeda Pharmaceutical Company Limited,59834339328,18.73,18.52,2043124,12.99,19.1,31.29,1262701800.0,1793277000,Healthcare,Drug Manufacturers - Specialty & Generic,NYQ
288,AON,Aon plc,58009944064,273.47,277.12,1799573,266.33,382.34,412.97,328800600.0,1793190600,Financial Services,Insurance Brokers,NYQ
289,NTRA,"Natera, Inc.",57760010240,400.71,390.79,1011243,169.08,437.408,437.408,1435757400.0,1786046400,Healthcare,Diagnostics & Research,NMS
290,PCAR,PACCAR Inc,56868470784,108.04,109.66,3248072,92.25,139.24,139.24,322151400.0,1793104200,Industrials,Farm & Heavy Construction Machinery,NMS
291,NUE,Nucor Corporation,56793788416,250.33,246.14,1030958,131.32,280.11,280.11,322151400.0,1793044800,Basic Materials,Steel,NYQ
292,AFL,Aflac Incorporated,57423859712,114.54,114.94,1294056,105.43,130.22,130.22,322151400.0,1793822400,Financial Services,Insurance - Life,NYQ
293,BKR,Baker Hughes Company,56284618752,56.7,56.3,2790025,43.92,70.41,100.29,544714200.0,1793131200,Energy,Oil & Gas Equipment & Services,NMS
294,OKE,"ONEOK, Inc.",56610750464,89.8,90.29,1787239,64.02,99.85,118.07,339255000.0,1793131200,Energy,Oil & Gas Midstream,NYQ
295,TFC,Truist Financial Corporation,56329187328,46.11,46.18,6790116,40.78,56.2,68.95,322237800.0,1792153800,Financial Services,Banks - Regional,NYQ
296,LNG,"Cheniere Energy, Inc.",57453670400,278.18,277.88,901589,186.2,300.89,300.89,765466200.0,1793277000,Energy,Oil & Gas Midstream,NYQ
297,ALL,The Allstate Corporation,58013196288,229.43,230.63,1499666,188.08,277.22,277.22,739114200.0,1793822400,Financial Services,Insurance - Property & Casualty,NYQ
298,CRH,CRH plc,54247297024,81.54,81.88,2637557,80.13,131.55,131.55,616339800.0,1785414600,Basic Materials,Building Materials,NYQ
299,DAL,"Delta Air Lines, Inc.",54036885504,82.17,82.14,11913228,55.03,95.68,95.68,1178199000.0,1791549000,Industrials,Airlines,NYQ
300,D,"Dominion Energy, Inc.",54213980160,61.64,61.75,2583275,55.85,72.99,90.89,322151400.0,1793363400,Utilities,Utilities - Regulated Electric,NYQ
301,CAH,"Cardinal Health, Inc.",55011553280,237.57,238.96,1027448,151.87,258.3,258.3,428851800.0,1793881800,Healthcare,Medical Distribution,NYQ
302,GRMN,Garmin Ltd.,51753906176,268.36,268.44,586729,186.67,314.28,314.28,976285800.0,1793190600,Technology,Scientific & Technical Instruments,NYQ
303,PSA,Public Storage,54161002496,289.86,285.52,988380,256.54,335.55,421.76,343405800.0,1793044800,Real Estate,REIT - Industrial,NYQ
304,VST,Vistra Corp.,54198370304,161.48,156.14,7038981,132.66,217.1,219.82,1475674200.0,1793968200,Utilities,Utilities - Independent Power Producers,NYQ
305,DVN,Devon Energy Corporation,53085999104,48.26,48.92,6361633,31.47,52.71,127.43,490887000.0,1793908800,Energy,Oil & Gas E&P,NYQ
306,STM,STMicroelectronics N.V.,46630060032,52.06,52.71,6572027,21.11,81.42,81.42,786897000.0,1793277000,Technology,Semiconductors,NYQ
307,SRE,Sempra,53188251648,81.34,80.08,3370845,76.21,101.04,101.04,899127000.0,1786019400,Utilities,Utilities - Diversified,NYQ
308,FANG,"Diamondback Energy, Inc.",53800202240,192.13,191.68,1145524,137.03,216.9,216.9,1350048600.0,1793649600,Energy,Oil & Gas E&P,NMS
309,NDAQ,"Nasdaq, Inc.",52348227584,93.65,92.37,1830335,76.55,101.79,101.79,1025530200.0,1792672200,Financial Services,Financial Data & Stock Exchanges,NMS
310,VYLR,Vylor Inc.,52049588224,73.15,72.79,4344386,65.0,75.49,75.49,1790861400.0,1794427200,Financial Services,Shell Companies,NYQ
311,CRWV,"CoreWeave, Inc.",45270122496,82.08,81.58,19896654,60.55,150.4,187.0,1743168600.0,1786478400,Technology,Software - Infrastructure,NMS
312,O,Realty Income Corporation,51266093056,54.18,54.17,4964174,53.15,67.94,82.28682,782487000.0,1793649600,Real Estate,REIT - Retail,NYQ
313,NKE,"NIKE, Inc.",51555065856,34.71,34.74,27321941,31.97,70.44,179.1,344615400.0,1790884800,Consumer Cyclical,Footwear & Accessories,NYQ
314,ROK,"Rockwell Automation, Inc.",48135999488,432.59,434.14,947576,335.17,497.36,497.36,378657000.0,1785846600,Industrials,Specialty Industrial Machinery,NYQ
315,HONA,Honeywell Aerospace Inc.,50059513856,157.94,154.01,2937086,149.19,297.5,297.5,1781530200.0,1793217600,Industrials,Aerospace & Defense,NMS
316,ABEV,Ambev S.A.,49178595328,3.19,3.19,17949604,2.1,3.45,9.296,857572200.0,1793277000,Consumer Defensive,Beverages - Brewers,NYQ
317,EW,Edwards Lifesciences Corporation,49115041792,85.21,84.24,3890411,72.3,96.29,131.73,954167400.0,1793822400,Healthcare,Medical Devices,NYQ
318,MT,ArcelorMittal S.A.,48239026176,64.11,61.3,1312534,36.7,79.68,227.07635,870960600.0,1793881800,Basic Materials,Steel,NYQ
319,WAB,Westinghouse Air Brake Technologies Corporation,48212221952,285.43,280.8,713990,186.06,306.64,306.64,803309400.0,1792585800,Industrials,Railroads,NYQ
320,P,"Everpure, Inc.",51480281088,154.49,150.57,4008526,56.78,157.05,157.05,1444138200.0,1787774400,Technology,Computer Hardware,NYQ
321,BDX,"Becton, Dickinson and Company",50051076096,183.75,182.75,1202877,127.58648,193.07,225.88051,99153000.0,1793881800,Healthcare,Medical Instruments & Supplies,NYQ
322,ETR,Entergy Corporation,49115525120,102.8,102.49,2161256,90.87,118.45,118.45,76253400.0,1793622600,Utilities,Utilities - Regulated Electric,NYQ
323,COIN,"Coinbase Global, Inc.",47329705984,179.39,172.0,12300102,139.11,402.16,444.65,1618407000.0,1785441600,Financial Services,Financial Data & Stock Exchanges,NMS
324,CLS,Celestica Inc.,45672402944,362.16,356.53,1237011,238.23,474.03,474.03,899213400.0,1793044800,Technology,Electronic Components,NYQ
325,F,Ford Motor Company,48529039360,12.17,12.25,28592204,11.11,17.78,37.300335,76253400.0,1793217600,Consumer Cyclical,Auto Manufacturers,NYQ
326,TEAM,Atlassian Corporation,52346572800,206.79,203.57,2093164,56.01,207.3662,483.13,1449671400.0,1793908800,Technology,Software - Application,NMS
327,HUM,Humana Inc.,51859079168,431.87,387.12,4989138,163.11,456.5,571.3,378657000.0,1793968200,Healthcare,Healthcare Plans,NYQ
328,STT,State Street Corporation,48061820928,174.96,175.09,1491304,104.64,195.93,195.93,322151400.0,1791981000,Financial Services,Asset Management,NYQ
329,BBD,Banco Bradesco S.A.,45533462528,4.3,4.24,50406856,2.98,4.58,13.168879,1028295000.0,1792699200,Financial Services,Banks - Regional,NYQ
330,RKLB,Rocket Lab Corporation,43614224384,68.21,68.4,14852656,37.57,151.0,151.0,1606228200.0,1786392000,Industrials,Aerospace & Defense,NMS
331,MDLN,Medline Inc.,48785408000,36.26,35.74,5331648,31.49,50.876,50.876,1765981800.0,1793795400,Healthcare,Medical Instruments & Supplies,NMS
332,ADSK,"Autodesk, Inc.",49188151296,235.35,233.6,1739883,185.5,320.0,344.39,488813400.0,1787860800,Technology,Software - Application,NMS
333,A,"Agilent Technologies, Inc.",48086450176,170.54,168.17,1537153,108.35,177.05,179.57,942935400.0,1787774400,Healthcare,Diagnostics & Research,NYQ
334,AU,AngloGold Ashanti plc,47623233536,94.16,90.78,2163061,62.55,129.14,129.14,902323800.0,1785501000,Basic Materials,Gold,NYQ
335,FNV,Franco-Nevada Corporation,47225151488,244.85,240.5,474919,181.5,285.67,285.67,1197037800.0,1786478400,Basic Materials,Gold,NYQ
336,EBAY,eBay Inc.,49924550656,112.19,111.98,2556330,78.03,119.31,119.31,906643800.0,1785960000,Consumer Cyclical,Internet Retail,NMS
337,DEO,Diageo plc,48234467328,86.73,86.98,490469,72.45,102.74,223.14,668961000.0,1786019400,Consumer Defensive,Beverages - Wineries & Distilleries,NYQ
338,AZO,"AutoZone, Inc.",47546195968,2939.85,2910.54,142046,2730.65,4146.42,4388.11,670602600.0,1790080200,Consumer Cyclical,Auto Parts,NYQ
339,PYPL,"PayPal Holdings, Inc.",47503740928,55.53,55.02,11576896,38.46,79.215,310.16,1436189400.0,1793104200,Financial Services,Credit Services,NMS
340,VMRK,"AvalonBay Communities, Inc.",47324332032,61.16,59.98,3583410,57.57,71.5,94.32,745162200.0,1793822400,Real Estate,REIT - Residential,NYQ
341,CARR,Carrier Global Corporation,45799501824,55.56,55.83,3575531,50.24,76.76,83.32,1584624600.0,1793277000,Industrials,Building Products & Equipment,NYQ
342,XYZ,"Block, Inc.",46405406720,77.24,75.23,5232238,48.21,86.92,289.23,1447943400.0,1793736000,Technology,Software - Infrastructure,NYQ
343,FITB,Fifth Third Bancorp,45925036032,50.64,50.7,11289274,40.05,59.5,69.7,322151400.0,1792413000,Financial Services,Banks - Regional,NYQ
344,VEEV,Veeva Systems Inc.,47946067968,296.13,284.84,1846000,148.05,302.17,343.96,1381930200.0,1787774400,Healthcare,Health Information Services,NYQ
345,TEVA,Teva Pharmaceutical Industries Limited,47934623744,41.1,39.25,14361762,18.83,42.02,72.31,382717800.0,1793736000,Healthcare,Drug Manufacturers - Specialty & Generic,NYQ
346,NTAP,"NetApp, Inc.",46580764672,237.15,230.53,1607866,93.69,238.08,238.08,816964200.0,1796155200,Technology,Software - Infrastructure,NMS
347,XEL,Xcel Energy Inc.,46082396160,73.775,73.36,5043147,68.72,84.23,84.23,99153000.0,1793277000,Utilities,Utilities - Regulated Electric,NMS
348,BSBR,Banco Santander (Brasil) S.A.,43502534656,5.81,5.82,5881069,4.94,7.32,15.0,1254922200.0,1793190600,Financial Services,Banks - Regional,NYQ
349,WDAY,"Workday, Inc.",44968189952,186.59,187.81,1857655,110.36,247.4,311.28,1350048600.0,1787860800,Technology,Software - Application,NMS
350,CCEP,Coca-Cola Europacific Partners PLC,45833646080,104.25,103.64,2520988,84.66,113.67,113.67,533226600.0,1785846600,Consumer Defensive,Beverages - Non-Alcoholic,NMS
351,FLEX,Flex Ltd.,44272447488,119.83,114.74,2229173,53.07,166.86,166.86,764001000.0,1793190600,Technology,Electronic Components,NMS
352,LHX,"L3Harris Technologies, Inc.",44127281152,236.97,236.92,973766,232.34,379.23,379.23,378657000.0,1793277000,Industrials,Aerospace & Defense,NYQ
353,MCHP,Microchip Technology Incorporated,41024307200,75.55,75.52,7730798,48.52,105.91,105.91,732551400.0,1786046400,Technology,Semiconductors,NMS
354,KB,KB Financial Group Inc.,43210629120,123.07,122.04,217162,77.44,133.29,133.29,1005661800.0,1784809800,Financial Services,Banks - Regional,NYQ
355,AMP,"Ameriprise Financial, Inc.",44211658752,500.51,499.08,487078,422.37,572.56,582.05,1126791000.0,1793277000,Financial Services,Asset Management,NYQ
356,FERG,Ferguson Enterprises Inc.,42567335936,220.04,216.73,940140,212.13,271.64,271.64,1262701800.0,1794227400,Industrials,Industrial Distribution,NYQ
357,SLF,Sun Life Financial Inc.,42808410112,76.99,76.65,274761,57.22,84.38,84.38,953821800.0,1793822400,Financial Services,Insurance - Diversified,NYQ
358,TWLO,Twilio Inc.,44455419904,289.47,275.77,2617939,104.5,308.4,457.3,1466688600.0,1793304000,Technology,Software - Infrastructure,NYQ
359,IQV,IQVIA Holdings Inc.,42776248320,259.88,258.88,972314,154.5,277.4,285.61,1368106200.0,1793104200,Healthcare,Diagnostics & Research,NYQ
360,WAT,Waters Corporation,42590076928,433.77,429.13,1119547,282.77,454.54,454.54,816618600.0,1793709000,Healthcare,Diagnostics & Research,NYQ
361,INFY,Infosys Limited,43460186112,10.73,10.7,12896535,10.12,30.0,30.0,921162600.0,1792758600,Technology,Information Technology Services,NYQ
362,EXC,Exelon Corporation,43023405056,41.76,41.73,4191631,39.73,50.65,65.713264,105197400.0,1793363400,Utilities,Utilities - Regulated Electric,NMS
363,RVMD,"Revolution Medicines, Inc.",40672477184,189.76,188.12,2210279,47.28,224.31,224.31,1581604200.0,1785960000,Healthcare,Biotechnology,NMS
364,KDP,Keurig Dr Pepper Inc.,43219832832,31.76,31.26,8605185,24.88,33.82,126.65,1210167000.0,1793709000,Consumer Defensive,Beverages - Non-Alcoholic,NMS
365,TRI,Thomson Reuters Corporation,44715876352,103.21,101.55,965514,76.28,164.3,218.42,1023888600.0,1793709000,Industrials,Specialty Business Services,NMS
366,CBRS,Cerebras Systems Inc.,39000887296,164.17,167.92,6541928,160.81,386.34,386.34,1778765400.0,1786564800,Technology,Semiconductors,NMS
367,HEI,HEICO Corporation,41686839296,298.28,295.91,286750,256.11,376.86,376.86,322151400.0,1787688000,Industrials,Aerospace & Defense,NYQ
368,VTR,"Ventas, Inc.",42082119680,82.04,81.76,4088214,66.93,101.6,101.6,862839000.0,1793131200,Real Estate,REIT - Healthcare Facilities,NYQ
369,CRDO,Credo Technology Group Holding Ltd,40700989440,216.55,211.86,6294335,86.485,308.67,308.67,1643293800.0,1788292800,Technology,Semiconductors,NMS
370,ILMN,"Illumina, Inc.",42003673088,278.17,264.57,1893926,88.0,309.35,540.6323,964791000.0,1793304000,Healthcare,Diagnostics & Research,NMS
371,ONC,BeOne Medicines AG,40327520256,354.47,350.13,191366,253.948,385.22,426.56,1454509800.0,1785933000,Healthcare,Biotechnology,NMS
372,HMC,"Honda Motor Co., Ltd.",42433880064,32.7,32.48,791057,23.25,33.45,44.56,322151400.0,1785933000,Consumer Cyclical,Auto Manufacturers,NYQ
373,CCJ,Cameco Corporation,38353035264,88.06,87.12,1943096,77.7,135.24,135.24,826813800.0,1793363400,Energy,Uranium,NYQ
374,IDXX,"IDEXX Laboratories, Inc.",40808620032,518.0,513.14,466758,500.61,769.98,769.98,677511000.0,1793622600,Healthcare,Diagnostics & Research,NMS
375,MSCI,MSCI Inc.,41084223488,565.12,561.67,323253,501.08,644.77,679.85,1195137000.0,1792499400,Financial Services,Financial Data & Stock Exchanges,NYQ
376,LYV,"Live Nation Entertainment, Inc.",39679991808,170.33,171.34,1589507,125.34,189.25,189.25,1135175400.0,1785441600,Communication Services,Entertainment,NYQ
377,IX,ORIX Corporation,39776935936,36.95,36.69,268987,24.19,42.39,42.39,905952600.0,1794254400,Financial Services,Financial Conglomerates,NYQ
378,FMX,"Fomento Económico Mexicano, S.A.B. de C.V.",40622858240,119.24,118.73,532833,90.87,141.47,143.43,894893400.0,1793190600,Consumer Defensive,Beverages - Brewers,NYQ
379,ADM,Archer-Daniels-Midland Company,38503751680,79.89,82.45,2758026,55.58,88.75,98.88,322151400.0,1793709000,Consumer Defensive,Farm Products,NYQ
380,PRU,"Prudential Financial, Inc.",39016050688,113.09,113.53,1773831,91.89,127.72,130.55,1008253800.0,1793736000,Financial Services,Insurance - Life,NYQ
381,AIG,"American International Group, Inc.",40283693056,77.04,77.05,5031956,71.25,87.29,2075.0,94833000.0,1793736000,Financial Services,Insurance - Diversified,NYQ
382,ARES,Ares Management Corporation,38890774528,117.22,116.26,1824168,95.8,181.19,200.485,1399037400.0,1793277000,Financial Services,Asset Management,NYQ
383,HLN,Haleon plc,40985997312,9.32,9.26,11304492,8.65,11.28,11.42,1658755800.0,1785414600,Healthcare,Drug Manufacturers - Specialty & Generic,NYQ
384,SCMWY,Swisscom AG,39254794240,75.63,77.73,2163,68.01,94.63,94.63,907767000.0,1793881800,Communication Services,Telecom Services,OID
385,CMG,"Chipotle Mexican Grill, Inc.",39974555648,31.59,32.68,20054983,28.04,42.82,69.2614,1138285800.0,1793217600,Consumer Cyclical,Restaurants,NYQ
386,WCN,"Waste Connections, Inc.",38447329280,152.83,154.69,1782364,146.89,179.74,201.66,895843800.0,1792612800,Industrials,Waste Management,NYQ
387,ED,"Consolidated Edison, Inc.",39238819840,106.1,105.99,1314067,94.96,116.23,116.23,-252322200.0,1786046400,Utilities,Utilities - Regulated Electric,NYQ
388,DHI,"D.R. Horton, Inc.",37726109696,134.88,135.82,2192896,131.75,170.79,199.85,707751000.0,1793277000,Consumer Cyclical,Residential Construction,NYQ
389,VOD,Vodafone Group Public Limited Company,36048252928,15.56,16.48,6516205,11.12,17.71,74.99636,594484200.0,1794313800,Communication Services,Telecom Services,NMS
390,OKTA,"Okta, Inc.",40581181440,232.13,220.21,2487142,62.66,232.98,294.0,1491571800.0,1787774400,Technology,Software - Infrastructure,NMS
391,YUM,"Yum! Brands, Inc.",39521538048,144.82,143.0,3138484,134.26,170.14,170.14,874503000.0,1793709000,Consumer Cyclical,Restaurants,NYQ
392,SYY,Sysco Corporation,38438154240,78.14,78.2,2283804,68.19,91.85,91.85,105715800.0,1785846600,Consumer Defensive,Food Distribution,NYQ
393,TTWO,"Take-Two Interactive Software, Inc.",39909105664,213.44,209.37,1932392,187.63,265.94,265.94,861111000.0,1786105800,Communication Services,Electronic Gaming & Multimedia,NMS
394,CBRE,"CBRE Group, Inc.",37876449280,130.8,131.08,1758730,121.69,174.27,174.27,1086874200.0,1792672200,Real Estate,Real Estate Services,NYQ
395,UI,Ubiquiti Inc.,39784697856,657.29,641.8,92645,500.23,1099.99,1099.99,1318599000.0,1787315400,Technology,Communication Equipment,NYQ
396,PCG,PG&E Corporation,39421079552,13.13,12.67,51451638,11.77,19.16,71.57,76253400.0,1792672200,Utilities,Utilities - Regulated Electric,NYQ
397,ODFL,"Old Dominion Freight Line, Inc.",37843988480,181.97,181.65,1463166,126.01,252.03,252.03,688311000.0,1793190600,Industrials,Trucking,NMS
398,FER,Ferrovial N.V.,36097576960,50.15,50.29,1710479,49.43,74.79,74.79,1344864600.0,1793131200,Industrials,Engineering & Construction,NMS
399,SHG,"Shinhan Financial Group Co., Ltd.",35559673856,75.52,75.38,172384,47.05,85.57,85.57,1063805400.0,1784809800,Financial Services,Banks - Regional,NYQ
400,EME,"EMCOR Group, Inc.",34822561792,789.45,778.24,180523,564.92,951.96,951.96,789748200.0,1785414600,Industrials,Engineering & Construction,NYQ
401,VIK,Viking Holdings Ltd,36454604800,81.62,81.64,2099049,56.37,110.09,110.09,1714570200.0,1787142600,Consumer Cyclical,Travel Services,NYQ
402,UAL,"United Airlines Holdings, Inc.",34878148608,107.455,107.44,4652616,84.64,138.77,138.77,1139236200.0,1792526400,Industrials,Airlines,NMS
403,PAYX,"Paychex, Inc.",37014851584,103.98,104.46,1978798,85.45,129.24,161.24,430752600.0,1790166600,Technology,Software - Application,NMS
404,JD,"JD.com, Inc.",36585046016,27.09,26.91,8845455,24.508,35.059,108.29,1400765400.0,1786624200,Consumer Cyclical,Internet Retail,NMS
405,CHT,"Chunghwa Telecom Co., Ltd.",35676495872,45.99,46.2,171536,39.28,46.48,47.03,1058535000.0,1793795400,Communication Services,Telecom Services,NYQ
406,ROP,"Roper Technologies, Inc.",36008816640,364.09,364.23,437655,305.96,519.1,595.17,697991400.0,1792672200,Technology,Software - Application,NMS
407,CCL,Carnival Corporation Ltd.,35430477824,26.35,26.13,14432718,21.45,34.03,72.7,554131800.0,1790685000,Consumer Cyclical,Travel Services,NYQ
408,PEG,Public Service Enterprise Group Incorporated,36025798656,72.28,71.84,2639431,66.15,87.63,95.22,315671400.0,1785846600,Utilities,Utilities - Regulated Electric,NYQ
409,EC,Ecopetrol S.A.,34825842688,16.94,16.94,741364,8.57,18.38,67.92,1221744600.0,1785787200,Energy,Oil & Gas Integrated,NYQ
410,MLM,"Martin Marietta Materials, Inc.",33972123648,478.35,481.57,457205,470.19,710.97,710.97,761495400.0,1785414600,Basic Materials,Building Materials,NYQ
411,IRM,Iron Mountain Incorporated,34089949184,114.51,112.97,1073112,77.77,134.68,134.68,823185000.0,1785933000,Real Estate,REIT - Specialty,NYQ
412,KR,The Kroger Co.,36403884032,61.64,61.41,5291138,54.15,76.58,76.58,-252322200.0,1789129800,Consumer Defensive,Grocery Stores,NYQ
413,STLD,"Steel Dynamics, Inc.",34166552576,238.38,234.17,599357,140.87,288.74,288.74,848673000.0,1792440000,Basic Materials,Steel,NMS
414,HIG,"The Hartford Insurance Group, Inc.",34972282880,129.11,129.48,1324010,120.33,146.07,146.07,819037800.0,1793044800,Financial Services,Insurance - Diversified,NYQ
415,ZS,"Zscaler, Inc.",38110773248,233.73,216.81,3789499,114.625,336.99,376.11,1521207000.0,1788465600,Technology,Software - Infrastructure,NMS
416,AXON,"Axon Enterprise, Inc.",34354491392,422.89,417.31,723295,339.01,764.02,885.92,992957400.0,1785960000,Industrials,Aerospace & Defense,NMS
417,NTR,Nutrien Ltd.,32202137600,67.48,69.87,4486743,53.03,85.36,117.25,1514903400.0,1793822400,Basic Materials,Agricultural Inputs,NYQ
418,VG,"Venture Global, Inc.",32901222400,13.16,13.29,6357537,5.72,17.62,24.0,1737729000.0,1786451400,Energy,Oil & Gas Midstream,NYQ
419,EL,The Estée Lauder Companies Inc.,35525750784,98.05,94.32,2661919,66.22,121.64,374.2,816618600.0,1793622600,Consumer Defensive,Household & Personal Products,NYQ
420,ON,ON Semiconductor Corporation,30183872512,77.53,79.41,10292201,44.56,134.92,134.92,957274200.0,1785787200,Technology,Semiconductors,NMS
421,KVUE,Kenvue Inc.,33997692928,17.7,17.73,24213090,14.02,20.13,27.795,1683207000.0,1786019400,Consumer Defensive,Household & Personal Products,NYQ
422,WEC,"WEC Energy Group, Inc.",33803614208,103.74,103.61,1322749,99.8,119.91,119.91,322151400.0,1793277000,Utilities,Utilities - Regulated Electric,NYQ
423,TKO,"TKO Group Holdings, Inc.",33691899904,178.01,181.63,807892,171.19,226.94,226.94,940339800.0,1793822400,Communication Services,Entertainment,NYQ
424,BIIB,Biogen Inc.,33349556224,225.71,218.43,814919,138.0,230.49,480.18,685114200.0,1793190600,Healthcare,Drug Manufacturers - General,NMS
425,TECK,Teck Resources Limited,33385330688,68.05,64.82,2718410,38.0,72.56,72.56,1026999000.0,1793277000,Basic Materials,Copper,NYQ
426,EQT,EQT Corporation,33046013952,52.83,52.94,4245279,47.94,68.24,68.24,322151400.0,1793131200,Energy,Oil & Gas E&P,NYQ
427,RKT,"Rocket Companies, Inc.",32507252736,11.48,11.76,27922113,10.99,24.36,43.0,1596720600.0,1786046400,Financial Services,Mortgage Finance,NYQ
428,RPRX,Royalty Pharma plc,32896172032,56.93,56.21,2691113,35.23,64.38,64.38,1592314200.0,1793795400,Healthcare,Biotechnology,NMS
429,SUNB,"Sunbelt Rentals Holdings, Inc.",30802026496,75.17,74.85,2755197,61.03,86.68,86.68,1772461800.0,0,Industrials,Rental & Leasing Services,NYQ
430,RBLX,Roblox Corporation,34354339840,48.09,45.52,9936610,33.88,141.95,150.59,1615386600.0,1793304000,Communication Services,Electronic Gaming & Multimedia,NYQ
431,ESLT,Elbit Systems Ltd.,30729674752,655.74,665.09,64389,453.0,1016.06,1016.06,849105000.0,1786451400,Industrials,Aerospace & Defense,NMS
432,VMC,Vulcan Materials Company,31692367872,244.58,246.26,1102611,237.03,331.09,331.09,99153000.0,1785328200,Basic Materials,Building Materials,NYQ
433,GFI,Gold Fields Limited,32802809856,36.82,35.86,4792153,31.11,61.64,61.64,322151400.0,1787661000,Basic Materials,Gold,NYQ
434,ACGL,Arch Capital Group Ltd.,32611266560,95.57,96.08,1685266,82.45,107.09,116.47,811085400.0,1793131200,Financial Services,Insurance - Diversified,NMS
435,HSY,The Hershey Company,32698644480,162.74,162.54,1091732,156.16,239.48,276.88,322151400.0,1793277000,Consumer Defensive,Confectioners,NYQ
436,QSR,Restaurant Brands International Inc.,32502972416,70.95,70.66,2876596,64.52,81.96,83.285,1418308200.0,1793277000,Consumer Cyclical,Restaurants,NYQ
437,KMB,Kimberly-Clark Corporation,32456386560,97.59,97.74,5120615,92.42,123.09,160.16,322151400.0,1785846600,Consumer Defensive,Household & Personal Products,NMS
438,JBL,Jabil Inc.,32094189568,306.28,299.16,1279594,189.6,428.93,428.93,736435800.0,1790771400,Technology,Electronic Components,NYQ
439,CNC,Centene Corporation,32287514624,65.36,64.54,2852458,31.63,69.63,98.53,1008253800.0,1793104200,Healthcare,Healthcare Plans,NYQ
440,MTB,M&T Bank Corporation,31409092608,217.49,217.56,721049,174.76,255.95,255.95,322151400.0,1792153800,Financial Services,Banks - Regional,NYQ
441,DXCM,"DexCom, Inc.",31739813888,84.11,84.41,3112659,54.11,92.59,164.8625,1113485400.0,1793304000,Healthcare,Medical Devices,NMS
442,NTRS,Northern Trust Corporation,30774970368,168.21,168.5,1024899,121.12,195.78,195.78,322151400.0,1792585800,Financial Services,Asset Management,NMS
443,RMD,ResMed Inc.,32354060288,230.05,226.73,979651,180.27,277.67,301.34,802099800.0,1793304000,Healthcare,Medical Instruments & Supplies,NYQ
444,HBAN,Huntington Bancshares Incorporated,30952755200,15.32,15.37,20028174,14.82,19.46,30.88843,322151400.0,1792672200,Financial Services,Banks - Regional,NMS
445,EXPE,"Expedia Group, Inc.",32912455680,274.22,270.13,1232186,185.34,342.0,342.0,1121952600.0,1793822400,Consumer Cyclical,Travel Services,NMS
446,CQP,"Cheniere Energy Partners, L.P.",30757025792,63.54,63.81,106845,49.53,71.25,71.25,1174483800.0,1793277000,Energy,Oil & Gas Midstream,NYQ
447,IR,Ingersoll Rand Inc.,30554953728,78.75,78.0,2697919,68.07,100.96,106.03,1494595800.0,1793304000,Industrials,Specialty Industrial Machinery,NYQ
448,BAP,Credicorp Ltd.,30275438592,381.21,380.38,258634,230.45,413.25,413.25,814627800.0,1794254400,Financial Services,Banks - Regional,NYQ
449,RJF,"Raymond James Financial, Inc.",30424799232,158.38,158.6,1046786,138.82,182.73,182.73,425914200.0,1793217600,Financial Services,Asset Management,NYQ
450,MTD,Mettler-Toledo International Inc.,31056467968,1549.99,1529.46,179966,1023.05,1585.72,1714.75,879517800.0,1793908800,Healthcare,Diagnostics & Research,NYQ
451,ALC,Alcon Inc.,30990774272,64.11,63.13,1276370,61.835,87.64,101.1,1554816600.0,1794340800,Healthcare,Medical Instruments & Supplies,NYQ
452,ERIC,Telefonaktiebolaget LM Ericsson (publ),31086839808,9.555,9.5,9930128,8.12,13.77,131.5625,367507800.0,1792067400,Technology,Communication Equipment,NMS
453,PUK,Prudential plc,29409794048,23.92,23.88,804658,23.31,34.03,53.695442,962285400.0,1787860800,Financial Services,Insurance - Life,NYQ
454,ALNY,"Alnylam Pharmaceuticals, Inc.",31134705664,232.68,224.53,859922,197.81,495.55,495.55,1086096600.0,1785414600,Healthcare,Biotechnology,NMS
455,CCI,Crown Castle Inc.,34802679808,79.64,68.89,14173417,65.32,100.5,209.87,903447000.0,1792612800,Real Estate,REIT - Specialty,NYQ
456,EXR,Extra Space Storage Inc.,29717596160,134.65,133.12,1160991,125.71,158.88,228.84,1092663000.0,1793131200,Real Estate,REIT - Industrial,NYQ
457,BIDU,"Baidu, Inc.",29048344576,85.33,83.92,2099749,82.86,165.3,354.82,1123248600.0,1787056200,Communication Services,Internet Content & Information,NMS
458,TSEM,Tower Semiconductor Ltd.,25851375616,228.71,228.75,1199859,70.91,319.94,652.5,783178200.0,1785846600,Technology,Semiconductors,NMS
459,GEHC,GE HealthCare Technologies Inc.,29693851648,65.74,64.22,2856400,58.75,89.77,94.8,1671114600.0,1793190600,Healthcare,Medical Devices,NMS
460,ZTS,Zoetis Inc.,30913257472,74.81,73.08,2890253,68.77,148.3,249.27,1359729000.0,1793881800,Healthcare,Drug Manufacturers - Specialty & Generic,NYQ
461,MDB,"MongoDB, Inc.",31041093632,385.93,371.35,1973622,215.68,473.1,590.0,1508419800.0,1788292800,Technology,Software - Infrastructure,NGM
462,CBOE,"Cboe Global Markets, Inc.",31763738624,304.16,294.08,1443147,227.15,371.18,371.18,1276608600.0,1793363400,Financial Services,Financial Data & Stock Exchanges,BTS
463,RYAAY,Ryanair Holdings plc,28092192768,54.24,54.04,2569039,51.68,74.24,74.24,864912600.0,1793622600,Industrials,Airlines,NMS
464,TDY,Teledyne Technologies Incorporated,28446619648,613.66,604.82,183677,483.02,697.67,697.67,943367400.0,0,Technology,Scientific & Technical Instruments,NYQ
465,TS,Tenaris S.A.,28946370560,57.34,56.59,1051270,33.65,64.6,75.43,1040049000.0,1793822400,Energy,Oil & Gas Equipment & Services,NYQ
466,ECHO,EchoStar Corporation,27580973056,94.84,93.36,5896532,65.76,147.25,147.25,1199284200.0,1785760200,Communication Services,Telecom Services,NMS
467,HPQ,HP Inc.,27234088960,30.2,32.44,16689643,17.56,36.23,41.47,-252322200.0,1787774400,Technology,Computer Hardware,NYQ
468,SMCI,"Super Micro Computer, Inc.",27497285632,41.855,42.77,27216188,19.48,56.6,122.9,1175175000.0,1786478400,Technology,Computer Hardware,NMS
469,WSM,"Williams-Sonoma, Inc.",28476649472,241.78,239.0,934374,165.51,254.89,254.89,426432600.0,1787747400,Consumer Cyclical,Specialty Retail,NYQ
470,NMR,"Nomura Holdings, Inc.",28027656192,9.59,9.54,594237,6.75,10.94,24.3,1008599400.0,1793190600,Financial Services,Capital Markets,NYQ
471,RDDT,"Reddit, Inc.",30766127104,159.91,156.47,5058758,119.27,263.5,282.95,1711027800.0,1785441600,Communication Services,Internet Content & Information,NYQ
472,KGC,Kinross Gold Corporation,28161355776,23.74,23.34,5802247,22.01,39.11,39.11,353687400.0,1793217600,Basic Materials,Gold,NYQ
473,NVT,nVent Electric plc,27099873280,167.43,164.2,1663265,93.22,184.64,184.64,1524576600.0,1785501000,Industrials,Electrical Equipment & Parts,NYQ
474,AEE,Ameren Corporation,28290613248,102.19,101.84,1482423,96.57,118.32,118.32,883751400.0,1785441600,Utilities,Utilities - Regulated Electric,NYQ
475,Q,"Qnity Electronics, Inc.",26485800960,126.6,126.68,1285396,70.5,177.28,177.28,1761571800.0,1793795400,Technology,Semiconductor Equipment & Materials,NYQ
476,FTI,TechnipFMC plc,27282876416,69.57,69.63,1544459,35.29,80.7,80.7,992611800.0,1793277000,Energy,Oil & Gas Equipment & Services,NYQ
477,ZM,"Zoom Communications, Inc.",28518938624,97.74,94.67,2361095,70.7,114.74,588.84,1555594200.0,1787688000,Technology,Software - Application,NMS
478,GFS,GLOBALFOUNDRIES Inc.,26889875456,48.24,49.36,5922293,32.02,92.55,92.55,1635427800.0,1793795400,Technology,Semiconductors,NMS
479,DG,Dollar General Corporation,28069074944,127.23,124.27,1776461,95.11,158.23,262.21,1258122600.0,1787833800,Consumer Defensive,Discount Stores,NYQ
480,PBA,Pembina Pipeline Corporation,27513368576,47.31,47.15,1769437,36.2,51.58,51.58,1286371800.0,1793908800,Energy,Oil & Gas Midstream,NYQ
481,HAL,Halliburton Company,27118393344,32.55,32.57,5138171,21.46,43.59,74.33,76253400.0,1792499400,Energy,Oil & Gas Equipment & Services,NYQ
482,FTS,Fortis Inc.,27236079616,53.31,53.38,800885,49.6,59.4,59.4,1262701800.0,1793709000,Utilities,Utilities - Regulated Electric,NYQ
483,WTW,Willis Towers Watson Public Limited Company,27514241024,296.26,297.86,404669,240.61,351.51,352.79,992352600.0,1793277000,Financial Services,Insurance Brokers,NMS
484,CFG,"Citizens Financial Group, Inc.",26774208512,63.57,64.09,2969070,47.955,75.33,75.33,1411565400.0,1792153800,Financial Services,Banks - Regional,NYQ
485,MTSI,"MACOM Technology Solutions Holdings, Inc.",25206988800,330.06,322.21,1219452,124.74,418.9,418.9,1331818200.0,1786019400,Technology,Semiconductors,NMS
486,ATO,Atmos Energy Corporation,27318691840,161.66,160.66,869718,154.72,192.51,192.51,441469800.0,1793822400,Utilities,Utilities - Regulated Gas,NYQ
487,SYM,Symbotic Inc.,25806702592,42.63,42.06,1149848,37.68,87.88,87.88,1615300200.0,1785960000,Industrials,Specialty Industrial Machinery,NGM
488,CPAY,"Corpay, Inc.",26127269888,397.92,402.08,480156,252.84,427.46,427.46,1292423400.0,1785960000,Technology,Software - Infrastructure,NYQ
489,FFIV,"F5, Inc.",27171420160,479.83,461.66,500969,223.76,482.47,472.25,928503000.0,1793131200,Technology,Software - Infrastructure,NMS
490,VRSN,"VeriSign, Inc.",27458095104,303.74,297.79,503959,208.86,312.48,312.48,886170600.0,1792699200,Technology,Software - Infrastructure,NMS
491,DTE,DTE Energy Company,26406375424,126.9,127.1,1176428,119.68,155.75,155.75,-252322200.0,1785241800,Utilities,Utilities - Regulated Electric,NYQ
492,ATI,ATI Inc.,26122926080,191.84,188.13,817839,79.29,243.57,243.57,943885800.0,1786019400,Industrials,Metal Fabrication,NYQ
493,WST,"West Pharmaceutical Services, Inc.",25757528064,366.0,363.27,480204,223.83,386.0,475.35,322151400.0,1793277000,Healthcare,Medical Instruments & Supplies,NYQ
494,CPNG,"Coupang, Inc.",28436633600,15.82,15.41,17696056,13.35,32.35,69.0,1615473000.0,1785873600,Consumer Cyclical,Internet Retail,NYQ
495,LPLA,LPL Financial Holdings Inc.,26054248448,330.88,328.0,585038,260.15,400.16,403.58,1290090600.0,1793131200,Financial Services,Capital Markets,NMS
496,KHC,The Kraft Heinz Company,26408294400,22.27,22.48,15087982,21.035,28.09,97.77,1436189400.0,1785933000,Consumer Defensive,Packaged Foods,NYQ
497,SN,"SharkNinja, Inc.",26178439168,184.98,184.87,895172,83.12,194.54,194.54,1690810200.0,1785933000,Consumer Cyclical,"Furnishings, Fixtures & Appliances",NYQ
498,FOXA,Fox Corporation,26316650496,62.41,63.57,2334585,48.34,76.39,76.39,1552397400.0,1786019400,Communication Services,Entertainment,NMS
499,RBRK,"Rubrik, Inc.",25757386752,125.14,120.89,2512846,42.25,127.9,127.9,1714051800.0,1787860800,Technology,Software - Infrastructure,NYQ
500,WRB,W. R. Berkley Corporation,26694971392,71.91,72.05,1759086,62.87,78.96,78.96,120231000.0,1792440000,Financial Services,Insurance - Property & Casualty,NYQ
501,DOV,Dover Corporation,25431666688,188.83,188.96,708595,158.97,237.54,237.54,322151400.0,1792672200,Industrials,Specialty Industrial Machinery,NYQ
502,HUBB,Hubbell Incorporated,25048449024,474.11,475.4,303598,403.82,565.4999,565.4999,76599000.0,1785241800,Industrials,Electrical Equipment & Parts,NYQ
503,CTSH,Cognizant Technology Solutions Corporation,26666299392,59.2,60.01,5100040,37.08,87.03,93.47,898263000.0,1793277000,Technology,Information Technology Services,NMS
504,ENTG,"Entegris, Inc.",25332711424,165.79,162.19,1479992,67.97,186.94,186.94,963322200.0,1793277000,Technology,Semiconductor Equipment & Materials,NMS
505,FE,FirstEnergy Corp.,26038796288,45.0,44.85,2900225,42.67,52.34,84.0,879172200.0,1793131200,Utilities,Utilities - Regulated Electric,NYQ
506,ROIV,Roivant Sciences Ltd.,25599125504,35.44,34.21,5533056,15.99,42.5,42.5,1607437800.0,1786019400,Healthcare,Biotechnology,NMS
507,CNP,"CenterPoint Energy, Inc.",25426599936,38.6,38.42,4464211,36.37,45.26,45.26,-252322200.0,1793104200,Utilities,Utilities - Regulated Electric,NYQ
508,AWK,"American Water Works Company, Inc.",25612193792,128.88,128.18,1128636,120.57,145.64,189.65,1208957400.0,1793217600,Utilities,Utilities - Regulated Water,NYQ
509,PPL,PPL Corporation,25774659584,34.25,34.1,6038268,31.56,40.11,51.441223,322151400.0,1786105800,Utilities,Utilities - Regulated Electric,NYQ
510,AFRM,"Affirm Holdings, Inc.",27229894656,80.7,77.15,5475238,42.095,90.44,176.65,1610548200.0,1793908800,Financial Services,Credit Services,NMS
511,OTIS,Otis Worldwide Corporation,25105141760,65.95,66.11,3692504,63.575,94.565,106.828,1584624600.0,1793190600,Industrials,Specialty Industrial Machinery,NYQ
512,DGX,Quest Diagnostics Incorporated,25492934656,230.97,230.81,775435,171.18,248.84,248.84,850833000.0,1792672200,Healthcare,Diagnostics & Research,NYQ
513,LH,Labcorp Holdings Inc.,25315364864,312.15,314.2,607853,244.52,341.8,341.8,638721000.0,1793190600,Healthcare,Diagnostics & Research,NYQ
514,VICI,VICI Properties Inc.,25192652800,22.88,22.79,8043030,22.425,31.69,35.69,1514903400.0,1793217600,Real Estate,REIT - Diversified,NYQ
515,EXPD,"Expeditors International of Washington, Inc.",25119389696,193.24,193.71,1282911,113.06,195.725,195.32,465053400.0,1793709000,Industrials,Integrated Freight & Logistics,NYQ
516,CINF,Cincinnati Financial Corporation,25076779008,163.39,165.25,444405,150.0,194.81,194.81,322151400.0,1793044800,Financial Services,Insurance - Property & Casualty,NMS
517,CPRT,"Copart, Inc.",25307346944,27.32,27.48,7281888,26.39,45.89,64.38,763914600.0,1789070400,Industrials,Specialty Business Services,NMS
518,IOT,Samsara Inc.,24331894784,41.55,41.22,3305515,23.38,47.47,61.9,1639578600.0,1788465600,Technology,Software - Infrastructure,NYQ
519,TPL,Texas Pacific Land Corporation,24898480128,360.98,357.78,209502,269.23334,547.2,589.7133,322151400.0,1793822400,Energy,Oil & Gas E&P,NYQ
520,ASTS,"AST SpaceMobile, Inc.",19833921536,50.965,56.93,54011382,47.57,133.86,133.86,1572615000.0,1786392000,Technology,Communication Equipment,NMS
521,ES,Eversource Energy,24758833152,65.73,65.69,2125878,62.72,76.57,99.42,99153000.0,1785441600,Utilities,Utilities - Regulated Electric,NYQ
522,XYL,Xylem Inc.,23981430784,102.71,101.99,1894199,98.58,154.27,154.27,1318512600.0,1793104200,Industrials,Specialty Industrial Machinery,NYQ
523,FISV,"Fiserv, Inc.",24264515584,45.63,45.94,3906076,43.87,128.78,238.59,528039000.0,1793709000,N/A,N/A,NMS
524,BNTX,BioNTech SE,24356775936,96.96,92.06,1288850,79.52,124.0,464.0,1570714200.0,1793709000,Healthcare,Biotechnology,NMS
525,TCOM,Trip.com Group Limited,24495534080,38.9,37.96,2853388,37.58,78.99,78.99,1070980200.0,1789502400,Consumer Cyclical,Travel Services,NMS
526,PPG,"PPG Industries, Inc.",23110307840,103.96,105.46,1124271,93.39,133.43,182.97,322151400.0,1793131200,Basic Materials,Specialty Chemicals,NYQ
527,PS,Pershing Square Inc.,21835999232,54.59,54.337,163595,22.01,60.4,60.4,1777469400.0,0,Financial Services,Asset Management,NYQ
528,PHG,Koninklijke Philips N.V.,23692840960,24.24,24.3,3330715,23.62,33.44,61.23,322151400.0,1785178800,Healthcare,Medical Devices,NYQ
529,PFG,"Principal Financial Group, Inc.",22960580608,107.24,109.77,1096572,77.9,121.18,121.18,1003843800.0,1793044800,Financial Services,Asset Management,NMS
530,LVS,Las Vegas Sands Corp.,23427350528,36.17,36.1,4128097,35.28,70.45,148.76,1103121000.0,1784750400,Consumer Cyclical,Resorts & Casinos,NYQ
531,VLTO,Veralto Corporation,23630888960,96.93,96.48,890680,80.03,105.75,115.0,1696426200.0,1785268800,Industrials,Pollution & Treatment Controls,NYQ
532,IHG,InterContinental Hotels Group PLC,23478085632,160.68,159.48,163914,118.47,175.89,175.89,1049981400.0,1786451400,Consumer Cyclical,Lodging,NYQ
533,ULTA,"Ulta Beauty, Inc.",24387579904,570.37,564.21,384007,443.6,714.97,714.97,1193319000.0,1796328000,Consumer Cyclical,Specialty Retail,NMS
534,SYF,Synchrony Financial,23686998016,72.8,73.72,2909829,63.08,88.77,88.77,1406813400.0,1792499400,Financial Services,Credit Services,NYQ
535,FCNCA,"First Citizens BancShares, Inc.",23358574592,2068.39,2065.89,56380,1623.76,2296.3,2412.93,530371800.0,1792758600,Financial Services,Banks - Regional,NMS
536,UTHR,United Therapeutics Corporation,23553851392,549.16,532.78,561995,409.07,609.35,609.35,929626200.0,1785933000,Healthcare,Drug Manufacturers - Specialty & Generic,NMS
537,GMAB,Genmab A/S,22794436608,37.07,36.05,2333436,23.62,40.17,103.19,1243863000.0,1786046400,Healthcare,Biotechnology,NMS
538,TPR,"Tapestry, Inc.",23066124288,116.24,115.82,1813370,93.0,164.8,164.8,970839000.0,1793881800,Consumer Cyclical,Luxury Goods,NYQ
539,INSM,Insmed Incorporated,21969178624,100.6,100.48,2474041,90.39,212.75,212.75,959866200.0,1793277000,Healthcare,Biotechnology,NMS
540,RF,Regions Financial Corporation,23027656704,27.03,27.07,9794993,22.7,32.47,39.15,322151400.0,1792153800,Financial Services,Banks - Regional,NYQ
541,INCY,Incyte Corporation,22862278656,112.79,112.75,1122122,82.82,132.6,153.15,752423400.0,1793277000,Healthcare,Biotechnology,NMS
542,TW,Tradeweb Markets Inc.,23996420096,111.08,109.68,973877,91.42,127.69,152.65,1554384600.0,1793277000,Financial Services,Capital Markets,NMS
543,GH,"Guardant Health, Inc.",22473832448,167.47,165.56,1519912,61.0,191.05,191.05,1538659800.0,1793908800,Healthcare,Diagnostics & Research,NMS
544,AER,AerCap Holdings N.V.,22747678720,144.72,142.81,988037,118.96,158.81,158.81,1164119400.0,1793190600,Industrials,Rental & Leasing Services,NYQ
545,DRI,"Darden Restaurants, Inc.",22363889664,197.66,198.9,858844,169.0,229.76,229.76,800026200.0,1797597000,Consumer Cyclical,Restaurants,NYQ
546,CHD,"Church & Dwight Co., Inc.",23272075264,98.11,97.73,1709766,81.33,106.04,116.46,322151400.0,1793363400,Consumer Defensive,Household & Personal Products,NYQ
547,CIB,Grupo Cibest S.A.,22390849536,94.81,94.08,206152,52.45,105.6,105.6,806765400.0,1794254400,Financial Services,Banks - Regional,NYQ
548,CASY,"Casey's General Stores, Inc.",23886247936,646.27,642.28,412481,497.38,927.85,927.85,435504600.0,1788897600,Consumer Cyclical,Specialty Retail,NMS
549,SBS,Companhia de Saneamento Básico do Estado de São Paulo - SABESP,23701837824,6.74,6.59,15679491,4.426,7.158,7.158,1021037400.0,1786564800,Utilities,Utilities - Regulated Water,NYQ
550,ROKU,"Roku, Inc.",22699851776,152.85,153.81,628398,78.53,159.89,490.761,1506605400.0,1786046400,Communication Services,Entertainment,NMS
551,SNX,TD SYNNEX Corporation,21808777216,273.37,267.46,357478,142.22,298.77,298.77,1069770600.0,1790253000,Technology,Electronics & Computer Distribution,NYQ
552,SW,Smurfit Westrock Plc,21657550848,41.29,41.45,2494489,32.729,52.65,60.07,1213709400.0,1785328200,Consumer Cyclical,Packaging & Containers,NYQ
553,TROW,"T. Rowe Price Group, Inc.",22432296960,105.16,104.23,1498790,85.22,122.0,224.56,512836200.0,1793277000,Financial Services,Asset Management,NMS
554,PHM,"PulteGroup, Inc.",21357330432,112.12,113.53,1160645,108.49,144.5,149.47,322151400.0,1792672200,Consumer Cyclical,Residential Construction,NYQ
555,FWONA,Formula One Group,21728903168,86.67,87.57,152222,73.7,98.79,99.52,1357828200.0,1793881800,Communication Services,Entertainment,NMS
556,RL,Ralph Lauren Corporation,22121693184,371.28,367.39,367790,306.55,421.6,421.6,866122200.0,1793881800,Consumer Cyclical,Apparel Manufacturing,NYQ
557,NRG,"NRG Energy, Inc.",22696425472,107.97,106.32,2277477,93.36,189.96,189.96,1070375400.0,1785846600,Utilities,Utilities - Independent Power Producers,NYQ
558,DLTR,"Dollar Tree, Inc.",22260459520,118.64,118.62,1395743,85.88,142.4,177.19,794586600.0,1787833800,Consumer Defensive,Discount Stores,NMS
559,L,Loews Corporation,21810393088,106.69,107.6,576653,97.38,121.01,121.01,322151400.0,1785760200,Financial Services,Insurance - Property & Casualty,NYQ
560,GPN,Global Payments Inc.,21751629824,82.2,82.77,1776214,61.16,95.88,220.81,979655400.0,1785933000,Industrials,Specialty Business Services,NYQ
561,XPO,"XPO, Inc.",21481852928,183.47,181.95,886254,121.48,232.05,232.05,1065533400.0,1793277000,Industrials,Trucking,NYQ
562,CNH,CNH Industrial N.V.,18316929024,11.39,12.13,23648827,9.0,14.46,17.98,1380547800.0,1794227400,Industrials,Farm & Heavy Construction Machinery,NYQ
563,MKL,Markel Group Inc.,21815494656,1760.74,1767.82,56997,1704.17,2207.59,2207.59,534781800.0,1785355200,Financial Services,Insurance - Property & Casualty,NYQ
564,KEY,KeyCorp,21310556160,19.97,20.1,14401967,16.47,24.07,44.875,563121000.0,1792499400,Financial Services,Banks - Regional,NYQ
565,IFF,International Flavors & Fragrances Inc.,21572931584,84.55,84.65,1265323,59.5,89.32,157.4,156522600.0,1785873600,Basic Materials,Specialty Chemicals,NYQ
566,ARXS,"Arxis, Inc.",20632272896,47.89,46.77,652359,33.15,61.5,61.5,1776346200.0,1785355200,Industrials,Aerospace & Defense,NMS
567,VRSK,"Verisk Analytics, Inc.",23119613952,177.63,175.49,1414405,155.94,245.69,322.92,1254922200.0,1793881800,Industrials,Consulting Services,NMS
568,SITM,SiTime Corporation,18343862272,612.37,645.06,384046,243.677,901.81,901.81,1574260200.0,1793822400,Technology,Semiconductors,NGM
569,CRCL,Circle Internet Group,21455052800,84.51,80.84,12952018,49.9,159.47,298.99,1749130200.0,1793795400,Financial Services,Capital Markets,NYQ
570,JBHT,"J.B. Hunt Transport Services, Inc.",21530937344,229.26,228.42,713200,136.51,299.76,299.76,438359400.0,1792094400,Industrials,Integrated Freight & Logistics,NMS
571,BSP,Bending Spoons S.p.A.,24144685056,38.01,38.01,1539598,30.11,58.94,58.94,1782912600.0,1786624200,Technology,Software - Application,NMS
572,THC,Tenet Healthcare Corporation,21239302144,263.78,260.57,522654,157.58,283.05,283.05,322151400.0,1793277000,Healthcare,Medical Care Facilities,NYQ
573,PTC,PTC Inc.,21123534848,194.45,193.73,3660581,108.5,206.82,219.69,629130600.0,1785355200,Technology,Software - Application,NMS
574,RIVN,"Rivian Automotive, Inc.",20212133888,13.96,14.33,25651512,12.39,22.69,179.47,1636554600.0,1793304000,Consumer Cyclical,Auto Manufacturers,NMS
575,USFD,US Foods Holding Corp.,21077102592,97.43,97.12,1362256,69.875,111.42,111.42,1464269400.0,1786019400,Consumer Defensive,Food Distribution,NYQ
576,EIX,Edison International,21280212992,55.3,54.3,4837219,51.1,81.62,88.77,105283800.0,1793304000,Utilities,Utilities - Regulated Electric,NYQ
577,RS,"Reliance, Inc.",20546906112,402.45,396.91,172825,260.31,433.02,433.02,779722200.0,1792612800,Basic Materials,Steel,NYQ
578,BG,Bunge Global SA,19736397824,102.73,107.82,1528281,79.11,134.87,135.0,996759000.0,1793277000,Consumer Defensive,Farm Products,NYQ
579,LUV,Southwest Airlines Co.,20380413952,41.66,41.36,6872769,29.26,55.11,66.99,315671400.0,1792612800,Industrials,Airlines,NYQ
580,HSAI,Hesai Group,20126775296,16.01,15.61,530104,14.29,29.35,30.85,1675953000.0,1787056200,Consumer Cyclical,Auto Parts,NMS
581,DINO,HF Sinclair Corporation,21565181952,121.3,120.72,3079249,45.71,124.22,120.83,322151400.0,1793190600,Energy,Oil & Gas Refining & Marketing,NYQ
582,OMC,Omnicom Group Inc.,20981979136,76.48,76.45,1915968,66.33,89.57,107.0,322151400.0,1785268800,Communication Services,Advertising Agencies,NYQ
583,CW,Curtiss-Wright Corporation,18932594688,512.6,507.29,268865,501.6,808.16,808.16,322151400.0,1793822400,Industrials,Aerospace & Defense,NYQ
584,PKG,Packaging Corporation of America,20538048512,230.51,229.94,459504,191.5,259.98,259.98,949069800.0,1792612800,Consumer Cyclical,Packaging & Containers,NYQ
585,AMRZ,Amrize Ltd,19798708224,36.2,36.5,2518243,35.785,65.94,65.94,1750685400.0,1786046400,Basic Materials,Building Materials,NYQ
586,SOFI,"SoFi Technologies, Inc.",20406810624,15.8,15.61,29112956,14.88,32.73,32.73,1609770600.0,1793104200,Financial Services,Credit Services,NMS
587,EXE,Expand Energy Corporation,20423264256,88.22,88.86,2106977,83.25,126.621,126.621,1612967400.0,1785268800,Energy,Oil & Gas E&P,NMS
588,DOW,Dow Inc.,20528924672,28.42,28.59,8410298,20.65,42.74,71.86,1553088600.0,1792672200,Basic Materials,Chemicals,NYQ
589,STE,STERIS plc,20904024064,214.4,210.76,596972,195.14,269.44,269.44,707405400.0,1785960000,Healthcare,Medical Devices,NYQ
590,BRO,"Brown & Brown, Inc.",21040300032,62.88,63.75,1637368,53.81,95.69,125.68,350749800.0,1793044800,Financial Services,Insurance Brokers,NYQ
591,VIV,Telefônica Brasil S.A.,19493197824,12.2,12.65,2632770,11.17,17.26,37.875,911226600.0,1794340800,Communication Services,Telecom Services,NYQ
592,CMS,CMS Energy Corporation,20536166400,65.49,65.34,2661875,62.29,80.36,80.36,99153000.0,1793104200,Utilities,Utilities - Regulated Electric,NYQ
593,YPF,YPF Sociedad Anónima,19619436544,50.04,49.9,1196836,24.0,57.87,69.98,741360600.0,1793217600,Energy,Oil & Gas Integrated,NYQ
594,VTRS,Viatris Inc.,20261142528,17.64,17.44,8831095,9.73,18.43,76.69,322151400.0,1793881800,Healthcare,Drug Manufacturers - Specialty & Generic,NMS
595,RGLD,"Royal Gold, Inc.",20015261696,236.23,231.18,528797,168.88,306.25,306.25,360941400.0,1785960000,Basic Materials,Gold,NMS
596,STZ,"Constellation Brands, Inc.",20753657856,122.64,123.63,2378260,110.6,168.6,274.87,700842600.0,1791316800,Consumer Defensive,Beverages - Brewers,NYQ
597,NTNX,"Nutanix, Inc.",20192651264,74.63,73.11,2094726,34.01,74.66,83.36,1475242200.0,1787774400,Technology,Software - Infrastructure,NMS
598,BCH,Banco de Chile,19642771456,38.89,38.75,382360,30.64,46.77,46.77,1028295000.0,1793304000,Financial Services,Banks - Regional,NYQ
599,U,Unity Software Inc.,20631369728,46.88,45.89,5743312,16.78,52.15,210.0,1600435800.0,1786019400,Technology,Software - Application,NYQ
600,WWD,"Woodward, Inc.",19810463744,335.51,323.45,735398,244.69,450.92,450.92,765466200.0,1785355200,Industrials,Aerospace & Defense,NMS
601,CRS,Carpenter Technology Corporation,19120191488,385.81,387.1,608567,233.78,625.99,625.99,99153000.0,1792672200,Industrials,Metal Fabrication,NYQ
602,NI,NiSource Inc.,19546867712,40.76,40.53,3209296,38.42,49.21,49.21,99153000.0,1785933000,Utilities,Utilities - Regulated Gas,NYQ
603,AMCR,Amcor plc,19272374272,41.72,41.88,2716155,36.25,50.94,68.05,1337088600.0,1786537800,Consumer Cyclical,Packaging & Containers,NYQ
604,FSLR,"First Solar, Inc.",19110279168,177.82,178.85,1287834,168.6,320.95,320.95,1163773800.0,1785441600,Technology,Solar,NMS
605,SWKS,"Skyworks Solutions, Inc.",17954889728,76.35,80.75,9163263,51.93,92.8,204.0,463411800.0,1785268800,Technology,Semiconductors,NMS
606,PAAS,Pan American Silver Corp.,19184373760,46.27,45.31,3261551,33.08,69.99,69.99,802963800.0,1793822400,Basic Materials,Gold,NYQ
607,WES,"Western Midstream Partners, LP",18849024000,45.62,45.82,570262,36.9,50.07,66.24,1355149800.0,1785960000,Energy,Oil & Gas Midstream,NYQ
608,LSCC,Lattice Semiconductor Corporation,17902915584,126.05,124.98,1042171,60.5,157.01,157.01,626625000.0,1785873600,Technology,Semiconductors,NMS
609,SNA,Snap-on Incorporated,18640904192,360.37,358.88,207330,320.8,423.02,423.02,99153000.0,1792672200,Industrials,Tools & Accessories,NYQ
610,LYB,LyondellBasell Industries N.V.,19391967232,60.03,60.34,3001653,41.58,83.94,121.95,1272461400.0,1793363400,Basic Materials,Specialty Chemicals,NYQ
611,SQM,Sociedad Química y Minera de Chile S.A.,18255114240,63.91,64.52,558327,41.86,98.0,115.76,748618200.0,1794945600,Basic Materials,Specialty Chemicals,NYQ
612,ESS,"Essex Property Trust, Inc.",18720104448,271.57,268.58,408537,238.46,303.35,363.36,770995800.0,1793131200,Real Estate,REIT - Residential,NYQ
613,MKSI,MKS Inc.,17884844032,264.5,260.38,636381,126.92,447.62,447.62,922804200.0,1785960000,Technology,Scientific & Technical Instruments,NMS
614,WCC,"WESCO International, Inc.",17821118464,365.69,355.93,843574,207.39,388.64,388.64,926515800.0,1793277000,Industrials,Industrial Distribution,NYQ
615,PR,Permian Resources Corporation,19288940544,23.03,22.84,7148034,11.92,24.645,24.645,1460727000.0,1785960000,Energy,Oil & Gas E&P,NYQ
616,NDSN,Nordson Corporation,18278862848,328.17,326.87,410112,223.29,339.12,339.12,322237800.0,1787169600,Industrials,Specialty Industrial Machinery,NMS
617,BEKE,KE Holdings Inc.,19604111360,17.84,17.09,10018609,13.81,19.88,79.4,1597325400.0,1787315400,Real Estate,Real Estate Services,NYQ
618,SMTC,Semtech Corporation,17479888896,187.3,187.49,2508859,60.28,201.99,201.99,322151400.0,1787688000,Technology,Semiconductors,NMS
619,ZBRA,Zebra Technologies Corporation,18317740032,387.18,382.14,338214,199.05,390.8,615.0,682263000.0,1793709000,Technology,Communication Equipment,NMS
620,EVRG,"Evergy, Inc.",18666717184,80.96,80.52,1481328,71.41,88.62,88.62,99153000.0,1786019400,Utilities,Utilities - Regulated Electric,NMS
621,LEN,Lennar Corporation,18244569088,76.69,77.6,3803868,73.75,133.76,187.6089,322151400.0,1789588800,Consumer Cyclical,Residential Construction,NYQ
622,MTZ,"MasTec, Inc.",17076845568,212.65,216.66,1784429,182.34,441.43,441.43,99153000.0,1785441600,Industrials,Engineering & Construction,NYQ
623,SSNC,"SS&C Technologies Holdings, Inc.",19014092800,81.03,80.65,747686,61.4,89.93,91.07,1270042200.0,1792699200,Technology,Software - Application,NMS
624,WF,Woori Financial Group Inc.,17696120832,72.92,72.67,67657,48.83,84.71,100.11919,1065015000.0,0,Financial Services,Banks - Regional,NYQ
625,BCE,BCE Inc.,17512835072,18.78,19.96,9300400,18.68,26.52,136.27354,406218600.0,1786019400,Communication Services,Telecom Services,NYQ
626,TSN,"Tyson Foods, Inc.",18796754944,53.43,52.34,3484846,49.96,69.48,100.72,322151400.0,1794832200,Consumer Defensive,Farm Products,NYQ
627,FTAI,FTAI Aviation Ltd.,17456609280,169.965,171.06,962946,149.5,323.51,323.51,1431610200.0,1793277000,Industrials,Aerospace & Defense,NMS
628,DD,"DuPont de Nemours, Inc.",17555587072,130.0,132.48,615195,93.70293,157.98,157.98,76253400.0,1793709000,Basic Materials,Specialty Chemicals,NYQ
629,BR,"Broadridge Financial Solutions, Inc.",18679310336,165.45,165.21,751110,133.83,236.02,271.91,1174570200.0,1785846600,Technology,Information Technology Services,NYQ
630,BBY,"Best Buy Co., Inc.",18248407040,87.01,88.4,2350055,55.1,96.53,141.97,482682600.0,1795523400,Consumer Cyclical,Specialty Retail,NYQ
631,PKX,POSCO Holdings Inc.,17386729472,57.48,56.75,168610,47.32,92.4,201.0,782141400.0,1785414600,Basic Materials,Steel,NYQ
632,SBAC,SBA Communications Corporation,19360020480,182.49,170.01,2355496,156.6,224.46,391.15,929539800.0,1785787200,Real Estate,REIT - Specialty,NMS
633,APG,APi Group Corporation,17424703488,40.32,39.98,2082948,33.52,49.99,49.99,1588167000.0,1785414600,Industrials,Engineering & Construction,NYQ
634,CDE,"Coeur Mining, Inc.",17608525824,17.13,16.87,26320248,13.55,27.77,360.0,322151400.0,1785960000,Basic Materials,Gold,NYQ
635,KSPI,Joint Stock Company Kaspi.kz,17670635520,92.99,92.83,575944,68.59,109.94,143.72,1705674600.0,1786365000,Technology,Software - Infrastructure,NMS
636,DT,"Dynatrace, Inc.",18429532160,63.5,61.12,8383751,31.635,63.7766,80.128,1564666200.0,1785933000,Technology,Software - Application,NYQ
637,IONQ,"IonQ, Inc.",16160861184,39.89,39.45,13151483,25.89,84.64,84.64,1609770600.0,1785960000,Technology,Computer Hardware,NYQ
638,GPC,Genuine Parts Company,17510946816,127.02,128.17,649635,90.78,151.57,187.73,322151400.0,1792499400,Consumer Cyclical,Auto Parts,NYQ
639,TPG,TPG Inc.,17677078528,45.26,45.24,3255858,36.95,70.38,72.98,1642084200.0,1793277000,Financial Services,Asset Management,NMS
640,CF,"CF Industries Holdings, Inc.",16880254976,111.54,113.58,4419724,75.42,141.96,141.96,1123767000.0,1793822400,Basic Materials,Agricultural Inputs,NYQ
641,IEX,IDEX Corporation,17271834624,234.29,231.75,591539,159.27,243.8,246.36,612797400.0,1793190600,Industrials,Specialty Industrial Machinery,NYQ
642,FTV,Fortive Corporation,17293496320,57.26,56.42,1582621,47.95,64.56,65.63677,1467725400.0,1793190600,Technology,Scientific & Technical Instruments,NYQ
643,MGA,Magna International Inc.,17118595072,63.99,63.82,632903,43.11,73.22,104.28,465831000.0,1793363400,Consumer Cyclical,Auto Parts,NYQ
644,FN,Fabrinet,17425776640,486.28,487.33,689978,366.49,748.89,748.89,1277472600.0,1786996800,Technology,Electronic Components,NYQ
645,TLN,Talen Energy Corporation,17906362368,378.57,359.22,1249666,279.77,449.841,451.28,1685712600.0,1785960000,Utilities,Utilities - Independent Power Producers,NMS
646,TOST,"Toast, Inc.",18097180672,31.31,30.53,5829387,22.26,39.725,69.93,1632317400.0,1785873600,Technology,Software - Infrastructure,NYQ
647,EWBC,"East West Bancorp, Inc.",17199097856,125.53,126.25,663698,92.67,137.47,137.47,918052200.0,1792526400,Financial Services,Banks - Regional,NMS
648,STRL,"Sterling Infrastructure, Inc.",15691910144,513.0,518.41,380831,281.58,1005.68,1005.68,679325400.0,1785787200,Industrials,Engineering & Construction,NMS
649,FIS,"Fidelity National Information Services, Inc.",17554630656,34.04,34.34,4145287,32.1,69.04,158.21,993043800.0,1785846600,Technology,Information Technology Services,NYQ
650,STLA,Stellantis N.V.,16877611008,4.48,4.52,25356816,4.3,12.22,29.51,1276090200.0,1793190600,Consumer Cyclical,Auto Manufacturers,NYQ
651,BURL,"Burlington Stores, Inc.",17397925888,276.97,276.84,1443636,226.85,378.33,378.33,1380720600.0,1787833800,Consumer Cyclical,Apparel Retail,NYQ
652,GIS,"General Mills, Inc.",17265047552,32.29,32.59,7584785,31.18,49.71,90.89,322151400.0,1790166600,Consumer Defensive,Packaged Foods,NYQ
653,ZBH,"Zimmer Biomet Holdings, Inc.",17002357760,89.14,88.88,1604127,79.12,106.88,175.1068,996067800.0,1793795400,Healthcare,Medical Devices,NYQ
654,OVV,Ovintiv Inc.,17669208064,63.88,63.37,3145547,35.47,67.51,496.8,1018272600.0,1793736000,Energy,Oil & Gas E&P,NYQ
655,RVTY,"Revvity, Inc.",17204389888,154.18,152.16,1224310,81.22,166.25,203.16,99153000.0,1793709000,Healthcare,Diagnostics & Research,NYQ
656,PAA,"Plains All American Pipeline, L.P.",17173487616,24.34,24.42,1854344,15.69,26.39,61.09,911399400.0,1793968200,Energy,Oil & Gas Midstream,NMS
657,IP,International Paper Company,17009783808,32.12,31.88,3689678,29.26,50.25,63.390152,-252322200.0,1793190600,Consumer Cyclical,Packaging & Containers,NYQ
658,CDW,CDW Corporation,17773727744,142.17,139.88,1406589,97.12,161.1,263.37,1372339800.0,1785933000,Technology,Information Technology Services,NMS
659,MEDP,"Medpace Holdings, Inc.",17083328512,612.05,602.7,159763,373.0,677.9,677.9,1470922200.0,1792612800,Healthcare,Diagnostics & Research,NMS
660,TSCO,Tractor Supply Company,17559052288,33.7,33.48,10217921,28.36,58.21,63.99,761495400.0,1792672200,Consumer Cyclical,Specialty Retail,NMS
661,LNT,Alliant Energy Corporation,17073897472,65.85,65.5,2268559,62.54,78.81,78.81,99153000.0,1793304000,Utilities,Utilities - Regulated Electric,NMS
662,CLH,"Clean Harbors, Inc.",16729862144,316.93,317.34,230950,201.34,335.94,335.94,564762600.0,1793190600,Industrials,Waste Management,NYQ
663,EFX,Equifax Inc.,17126947840,145.78,145.54,1026289,137.01,238.94,309.63,322151400.0,1792499400,Industrials,Consulting Services,NYQ
664,WIT,Wipro Limited,16818843648,1.7,1.67,5255506,1.59,3.09,4.98,971962200.0,1792067400,Technology,Information Technology Services,NYQ
665,BEN,Franklin Templeton Inc.,16258460672,32.0,32.4,4158685,21.11,36.28,59.43,433171800.0,1793968200,Financial Services,Asset Management,NYQ
666,IREN,IREN Limited,13866924032,35.19,35.71,37655795,28.93,76.87,76.87,1637159400.0,1787860800,Financial Services,Capital Markets,NMS
667,RGA,"Reinsurance Group of America, Incorporated",16715919360,255.98,255.93,530015,178.21,258.53,258.53,1221226200.0,1793908800,Financial Services,Insurance - Reinsurance,NYQ
668,RCI,Rogers Communications Inc.,16087909376,29.78,31.04,3741726,29.255,41.14,64.55,821370600.0,1792758600,Communication Services,Telecom Services,NYQ
669,FDXF,"FedEx Freight Holding Company, Inc.",17264859136,115.47,115.65,958668,107.67,200.0,200.0,1779888600.0,1793304000,Industrials,Integrated Freight & Logistics,NYQ
670,RBC,RBC Bearings Incorporated,15946127360,503.68,490.99,284734,364.5,667.69,667.69,1123680600.0,1785501000,Industrials,Tools & Accessories,NYQ
671,J,Jacobs Solutions Inc.,16285921280,139.15,138.59,652464,105.68,168.44,168.44,322151400.0,1785873600,Industrials,Engineering & Construction,NYQ
672,NVR,"NVR, Inc.",15798853632,5899.16,6002.55,25379,5501.01,8200.0,9964.77,490887000.0,1792672200,Consumer Cyclical,Residential Construction,NYQ
673,AS,"Amer Sports, Inc.",16372470784,28.14,27.45,4094589,26.1,42.76,42.76,1706797800.0,1787056200,Consumer Cyclical,Leisure,NYQ
674,CHRW,"C.H. Robinson Worldwide, Inc.",16600240128,142.31,141.34,1888689,123.64,210.33,210.33,877008600.0,1793190600,Industrials,Integrated Freight & Logistics,NMS
675,DOCN,"DigitalOcean Holdings, Inc.",15852076032,134.82,123.9,1825683,37.5,187.5,187.5,1616592600.0,1785846600,Technology,Software - Infrastructure,NYQ
676,FUTU,Futu Holdings Limited,15941516288,113.71,108.76,1278850,80.5,202.53,204.25,1552055400.0,1787229000,Financial Services,Capital Markets,NGM
677,BMNR,"Bitmine Immersion Technologies, Inc.",14495529984,24.03,24.04,22711211,12.8,56.85,161.0,1749130200.0,0,Financial Services,Capital Markets,NYQ
678,INIO,Innio N.V.,14842501120,19.79,19.2,3664687,17.45,42.95,42.95,1780925400.0,1785241800,Industrials,Specialty Industrial Machinery,NMS
679,HST,"Host Hotels & Resorts, Inc.",15735554048,22.65,22.54,4915490,15.61,25.71,38.160793,322151400.0,1793822400,Real Estate,REIT - Hotel & Motel,NMS
680,INVH,Invitation Homes Inc.,15822796800,26.79,26.48,4510923,24.25,30.893,45.8,1485959400.0,1793217600,Real Estate,REIT - Residential,NYQ
681,CRBG,"Corebridge Financial, Inc.",15196252160,34.09,34.45,4423763,22.19,35.64,36.57,1663335000.0,1793649600,Financial Services,Asset Management,NYQ
682,AKAM,"Akamai Technologies, Inc.",15370490880,106.95,100.9,5793256,70.82,165.45,345.5,941203800.0,1793908800,Technology,Software - Infrastructure,NMS
683,APA,APA Corporation,16074128384,45.88,45.47,4563623,21.63,47.44,149.23,295623000.0,1793822400,Energy,Oil & Gas E&P,NMS
684,ONTO,Onto Innovation Inc.,14453837824,294.53,292.67,567170,118.97,386.46,386.46,1572269400.0,1786046400,Technology,Semiconductor Equipment & Materials,NYQ
685,GFL,GFL Environmental Inc.,15438887936,42.78,42.33,2455603,33.33,47.01,52.0,1583245800.0,1793217600,Industrials,Waste Management,NYQ
686,NWSA,News Corporation,15692868608,29.12,28.97,3342022,22.2,31.66,31.66,1371648600.0,1785960000,Communication Services,Entertainment,NMS
687,BSAC,Banco Santander-Chile,15179336704,32.22,31.94,428357,26.31,37.72,38.45769,783613800.0,1793363400,Financial Services,Banks - Regional,NYQ
688,TIGO,Millicom International Cellular S.A.,13329591296,79.48,87.95,1402799,44.881,107.13,107.13,1547044200.0,1793881800,Communication Services,Telecom Services,NMS
689,BALL,Ball Corporation,15474557952,58.46,58.37,1757342,44.83,68.29,102.76,99153000.0,1793709000,Consumer Cyclical,Packaging & Containers,NYQ
690,JAZZ,Jazz Pharmaceuticals plc,14178641920,218.42,222.45,1288280,128.8,266.38,266.38,1180704600.0,1785787200,Healthcare,Biotechnology,NMS
691,LECO,"Lincoln Electric Holdings, Inc.",14233088000,261.13,258.78,235688,216.22,310.0,310.0,765725400.0,1793104200,Industrials,Tools & Accessories,NMS
692,ASND,Ascendis Pharma A/S,15084168192,229.23,222.69,815733,186.054,282.15,282.15,1422455400.0,0,Healthcare,Biotechnology,NMS
693,RBA,"RB Global, Inc.",15897567232,85.84,84.03,2144158,78.05,119.33,119.58,889540200.0,1794227400,Industrials,Specialty Business Services,NYQ
694,VNOM,"Viper Energy, Inc.",15441788928,42.99,42.63,1790980,35.1,51.13,56.76,1403098200.0,1793649600,Energy,Oil & Gas Midstream,NMS
695,FICO,Fair Isaac Corporation,14418150400,667.58,707.43,1059749,586.05,1858.91,2402.52,553959000.0,1785355200,Technology,Software - Application,NYQ
696,H,Hyatt Hotels Corporation,15260697600,161.94,159.43,561477,134.18,206.86,206.86,1257431400.0,1793277000,Consumer Cyclical,Lodging,NYQ
697,PHYS,Sprott Physical Gold Trust,15034549248,31.7,31.2,2796253,29.3,42.07,42.07,1267194600.0,0,N/A,N/A,ASE
698,JHX,James Hardie Industries plc,14582725632,25.12,25.15,5550728,16.46,31.43,43.57,1003757400.0,1786046400,Basic Materials,Building Materials,NYQ
699,XP,XP Inc.,16349813760,32.22,30.2059,11229521,14.8,32.29,53.08,1576074600.0,1786996800,Financial Services,Capital Markets,NMS
700,SOLV,Solventum Corporation,14858829824,87.29,86.41,1063924,62.38,94.16,96.05,1711459800.0,1785960000,Healthcare,Medical Instruments & Supplies,NYQ
701,EQH,"Equitable Holdings, Inc.",14434764800,52.92,53.48,2203718,35.195,55.225,56.61,1525959000.0,1793649600,Financial Services,Asset Management,NYQ
702,KIM,Kimco Realty Corporation,14864692224,22.16,22.09,3444465,19.76,26.65,53.6,690820200.0,1793277000,Real Estate,REIT - Retail,NYQ
703,ZTO,ZTO Express (Cayman) Inc.,15072832512,20.15,19.9,1283686,18.11,26.2,38.99,1477575000.0,1787083200,Industrials,Integrated Freight & Logistics,NYQ
704,CRL,"Charles River Laboratories International, Inc.",14536539136,301.79,298.0,679782,146.2,333.3,460.21,961767000.0,1793795400,Healthcare,Diagnostics & Research,NYQ
705,NBIX,"Neurocrine Biosciences, Inc.",14478910464,142.44,141.25,1019510,122.14,186.12,186.12,832858200.0,1785441600,Healthcare,Drug Manufacturers - Specialty & Generic,NMS
706,PFGC,Performance Food Group Company,14903034880,94.88,94.72,912420,80.82,117.475,117.475,1443619800.0,1786537800,Consumer Defensive,Food Distribution,NYQ
707,LAMR,Lamar Advertising Company,14873981952,146.47,145.7,382420,114.45,166.33,166.33,838992600.0,1793881800,Real Estate,REIT - Specialty,NMS
708,LOGI,Logitech International S.A.,14071116800,98.27,101.5,820203,83.32,129.66,140.17,859473000.0,1793131200,Technology,Computer Hardware,NMS
709,ARMK,Aramark,14483559424,54.94,55.54,1251547,35.07,62.65,62.65,1386858600.0,1786451400,Industrials,Specialty Business Services,NYQ
710,UNM,Unum Group,14511983616,91.67,92.64,1243309,69.02,96.77,96.77,531671400.0,1793736000,Financial Services,Insurance - Life,NYQ
711,LDOS,"Leidos Holdings, Inc.",15269892096,121.68,119.22,952077,98.86,205.77,205.77,1161091800.0,1793709000,Technology,Information Technology Services,NYQ
712,PNFP,"Pinnacle Financial Partners, Inc.",14203076608,93.99,94.67,590736,81.08,110.33,131.91,966951000.0,1792612800,Financial Services,Banks - Regional,NYQ
713,WPC,W. P. Carey Inc.,14436755456,63.37,63.13,1144199,62.24,77.22,91.69442,885393000.0,1793131200,Real Estate,REIT - Diversified,NYQ
714,KEP,Korea Electric Power Corporation,14161727488,11.03,10.92,411252,10.78,23.41,28.37,783264600.0,1786537800,Utilities,Utilities - Regulated Electric,NYQ
715,ROL,"Rollins, Inc.",15387029504,31.98,32.26,6705198,29.29,66.14,66.14,322151400.0,1792612800,Consumer Cyclical,Personal Services,NYQ
716,EXEL,"Exelixis, Inc.",14832211968,59.86,59.02,2665498,33.76,61.14,61.14,955978200.0,1785960000,Healthcare,Biotechnology,NMS
717,WMG,Warner Music Group Corp.,15023712256,28.72,28.91,1721141,23.34,35.42,50.23,1591191000.0,1785960000,Communication Services,Entertainment,NMS
718,CX,"CEMEX, S.A.B. de C.V.",13794625536,9.56,9.56,4012630,9.11,13.67,31.4302,937402200.0,1793017800,Basic Materials,Building Materials,NYQ
719,SGI,Somnigroup International Inc.,14318574592,62.19,62.34,1171123,60.08,98.56,98.56,1071757800.0,1786019400,Consumer Cyclical,"Furnishings, Fixtures & Appliances",NYQ
720,W,Wayfair Inc.,14483002368,105.74,105.13,907382,55.6,119.98,369.0,1412256600.0,1793795400,Consumer Cyclical,Internet Retail,NYQ
721,EMA,Emera Incorporated,14024469504,45.66,45.85,735726,45.27,55.49,55.49,1262701800.0,1793968200,Utilities,Utilities - Regulated Electric,NYQ
722,GIB,CGI Inc.,14513914880,70.09,69.68,279057,59.63,95.2,122.79,907767000.0,1794400200,Technology,Information Technology Services,NYQ
723,OHI,"Omega Healthcare Investors, Inc.",14179992576,44.41,44.14,1379540,39.26,52.39,52.39,713194200.0,1793736000,Real Estate,REIT - Healthcare Facilities,NYQ
724,BEP,Brookfield Renewable Partners L.P.,14365472768,29.53,29.29,554283,26.29,38.12,49.87,1132065000.0,1793795400,Utilities,Utilities - Renewable,NYQ
725,TRMB,Trimble Inc.,14011777024,60.09,59.85,1428818,47.92,84.42,96.49,648480600.0,1786537800,Technology,Scientific & Technical Instruments,NMS
726,SUI,"Sun Communities, Inc.",14404207616,114.0,111.8,1126176,109.77,137.85,211.79,755447400.0,1785182400,Real Estate,REIT - Residential,NYQ
727,OWL,Blue Owl Capital Inc.,14872314880,9.49,9.27,20942092,7.95,17.33,26.725,1607956200.0,1793277000,Financial Services,Asset Management,NYQ
728,CHTR,"Charter Communications, Inc.",13435016192,103.38,109.67,5113835,102.37,268.77,825.62,1262701800.0,1793968200,Communication Services,Telecom Services,NMS
729,RML,Resolution Minerals Ltd,13638810624,5.31,5.26,5854,5.2501,14.75,14.75,1788960600.0,0,Basic Materials,Other Industrial Metals & Mining,NCM
730,TTMI,"TTM Technologies, Inc.",12748266496,121.01,117.5,2124221,53.36,223.83,223.83,969888600.0,1785960000,Technology,Electronic Components,NMS
731,EG,"Everest Group, Ltd.",14124313600,368.37,373.1,311363,302.44,401.07,417.92,812727000.0,1793217600,Financial Services,Insurance - Reinsurance,NYQ
732,SKM,"SK Telecom Co., Ltd.",13144395776,34.24,33.99,765070,19.66,47.18,86.69687,835882200.0,1785960000,Communication Services,Telecom Services,NYQ
733,JLL,Jones Lang LaSalle Incorporated,13796329472,299.87,303.14,397091,259.83,393.84,393.84,869146200.0,1793190600,Real Estate,Real Estate Services,NYQ
734,MAA,"Mid-America Apartment Communities, Inc.",13902108672,116.86,116.19,841483,113.95,144.41,231.63,759767400.0,1793217600,Real Estate,REIT - Residential,NYQ
735,MLI,"Mueller Industries, Inc.",13427921920,60.71,60.49,828670,48.265,71.12,71.12,667492200.0,1784637000,Industrials,Metal Fabrication,NYQ
736,VICR,Vicor Corporation,12267618304,266.07,262.32,598551,49.83,382.65,382.65,639149400.0,1792499400,Technology,Electronic Components,NMS
737,CG,The Carlyle Group Inc.,13690305536,38.42,38.39,2136715,37.08,67.3,69.85,1336051800.0,1793822400,Financial Services,Asset Management,NMS
738,NLY,"Annaly Capital Management, Inc.",13792973824,18.3,18.27,10380671,17.76,24.52,86.0,876317400.0,1792526400,Real Estate,REIT - Mortgage,NYQ
739,YUMC,"Yum China Holdings, Inc.",14494315520,42.92,41.78,2840344,39.715,58.39,69.67,1476711000.0,1785414600,Consumer Cyclical,Restaurants,NYQ
740,MAS,Masco Corporation,13556635648,68.75,69.5,1306223,58.16,83.64,86.7,322151400.0,1793190600,Industrials,Building Products & Equipment,NYQ
741,AGI,Alamos Gold Inc.,13772088320,32.9,32.22,1866662,27.05,55.41,55.41,1051882200.0,1793217600,Basic Materials,Gold,NYQ
742,ULS,UL Solutions Inc.,14130852864,69.99,70.65,748418,63.17,107.54,107.54,1712928600.0,1785846600,Industrials,Specialty Business Services,NYQ
743,SWK,"Stanley Black & Decker, Inc.",13375543296,88.57,89.17,1299481,61.9,104.68,225.0,322151400.0,1793795400,Industrials,Tools & Accessories,NYQ
744,SMMT,Summit Therapeutics Inc.,14032415744,17.59,17.17,5748461,12.07,29.23,36.91,1425565800.0,1784836800,Healthcare,Biotechnology,NGM
745,SUN,Sunoco LP,14244086784,75.6,73.66,249064,49.01,80.22,80.22,1348147800.0,1793709000,Energy,Oil & Gas Refining & Marketing,ASE
746,IESC,"IES Holdings, Inc.",12616278016,297.52,300.43,194706,170.065,408.255,408.255,885997800.0,1785501000,Industrials,Engineering & Construction,NGM
747,NXT,Nextpower Inc.,13229798400,86.11,85.26,1322063,76.715,163.13,163.13,1675953000.0,1793217600,Technology,Solar,NMS
748,GEN,Gen Digital Inc.,13917148160,23.25,22.75,7432119,17.78,31.65,34.2,614611800.0,1793217600,Technology,Software - Infrastructure,NMS
749,TYL,"Tyler Technologies, Inc.",13495820288,329.55,331.15,472159,270.71,524.43,661.31,322151400.0,1793217600,Technology,Software - Application,NYQ
750,RNR,RenaissanceRe Holdings Ltd.,13769465856,331.38,331.34,406946,231.17,340.24,340.24,806851800.0,1793131200,Financial Services,Insurance - Reinsurance,NYQ
751,EQX,Equinox Gold Corp.,13332391936,11.42,11.12,10162627,8.485,18.96,18.96,1546439400.0,1794254400,Basic Materials,Gold,ASE
752,IVZ,Invesco Ltd.,13028658176,29.51,30.09,5028503,20.67,33.66,51.1,809357400.0,1793104200,Financial Services,Asset Management,NYQ
753,WY,Weyerhaeuser Company,13766057984,19.1,19.17,9929207,18.26,27.75,87.09,105283800.0,1793304000,Real Estate,REIT - Specialty,NYQ
754,EMBJ,Embraer S.A.,12663512064,71.16,71.0,3359961,53.56,80.75,80.75,964186200.0,1794313800,Industrials,Aerospace & Defense,NYQ
755,ARCC,Ares Capital Corporation,13326503936,18.56,18.74,3991275,17.4,21.14,23.84,1096983000.0,1793104200,Financial Services,Asset Management,NMS
756,CHKP,Check Point Software Technologies Ltd.,14006163456,137.18,134.74,879632,112.23,210.66,234.36,835968600.0,1793622600,Technology,Software - Infrastructure,NMS
757,BWXT,"BWX Technologies, Inc.",13177990144,143.83,142.22,786505,131.86,241.82,241.82,1280755800.0,1793649600,Industrials,Aerospace & Defense,NYQ
758,DKS,"DICK'S Sporting Goods, Inc.",13463653376,136.65,134.63,1375685,120.15,244.38,254.6,1034775000.0,1787661000,Consumer Cyclical,Specialty Retail,NYQ
759,GWRE,"Guidewire Software, Inc.",13719014400,167.32,164.78,818632,102.3,255.89,272.6,1327501800.0,1788465600,Technology,Software - Application,NYQ
760,DOC,"Healthpeak Properties, Inc.",13328207872,18.8,18.52,5694674,15.7,22.95,51.056465,485703000.0,1793649600,Real Estate,REIT - Healthcare Facilities,NYQ
761,AMKR,"Amkor Technology, Inc.",12203985920,49.12,51.0,4242726,29.39,96.68,96.68,894029400.0,1793044800,Technology,Semiconductor Equipment & Materials,NMS
762,HTHT,H World Group Limited,13928328192,44.16,42.67,1714543,36.56,56.64,64.53,1269610200.0,1786969800,Consumer Cyclical,Lodging,NMS
763,GNRC,Generac Holdings Inc.,13285841920,224.94,224.4,966403,134.8,296.44,524.31,1265898600.0,1785328200,Industrials,Specialty Industrial Machinery,NYQ
764,REG,Regency Centers Corporation,13470377984,72.05,71.48,1192882,66.86,83.66,93.49,751901400.0,1793908800,Real Estate,REIT - Retail,NMS
765,AIZ,"Assurant, Inc.",13144290304,266.49,272.86,373997,206.03,303.94,303.94,1075991400.0,1793736000,Financial Services,Insurance - Property & Casualty,NYQ
766,CACI,CACI International Inc,13495118848,610.65,599.4,251193,434.7,683.5,683.5,322151400.0,1792612800,Technology,Information Technology Services,NYQ
767,ALLE,Allegion plc,12796335104,150.48,149.99,803060,125.0,183.11,183.11,1384785000.0,1792672200,Industrials,Security & Protection Services,NYQ
768,FLUT,Flutter Entertainment plc,13844950016,79.78,81.58,2517299,73.5,255.26,313.685,1033738200.0,1793822400,Consumer Cyclical,Gambling,NYQ
769,BBIO,"BridgeBio Pharma, Inc.",12775467008,65.35,65.04,1846398,52.75,93.415,93.415,1561642200.0,1786392000,Healthcare,Biotechnology,NMS
770,FPS,"Forgent Power Solutions, Inc.",12768961536,40.03,39.8,6050587,25.95,66.0,66.0,1770301800.0,1789475400,Industrials,Electrical Equipment & Parts,NYQ
771,TEM,"Tempus AI, Inc.",12798236672,70.93,69.28,6244124,40.77,101.56,104.32,1718371800.0,1785441600,Healthcare,Health Information Services,NMS
772,PAG,"Penske Automotive Group, Inc.",12880429056,196.16,198.05,404431,140.12,227.0,227.0,846077400.0,1785328200,Consumer Cyclical,Auto & Truck Dealerships,NYQ
773,GLXY,Galaxy Digital,11980414976,20.33,20.085,3851476,16.43,45.92,45.92,1747402200.0,1785933000,Financial Services,Capital Markets,NMS
774,CSL,Carlisle Companies Incorporated,12722819072,320.36,321.25,311288,293.43,432.91,481.26,99153000.0,1785355200,Industrials,Building Products & Equipment,NYQ
775,COKE,"Coca-Cola Consolidated, Inc.",13062578176,196.24,191.86,593775,123.42,219.65,219.65,99153000.0,1785960000,Consumer Defensive,Beverages - Non-Alcoholic,NMS
776,TXT,Textron Inc.,12754549760,74.16,73.22,1488480,71.87,101.57,101.57,99153000.0,1793277000,Industrials,Aerospace & Defense,NYQ
777,BWA,BorgWarner Inc.,12484747264,61.3,61.72,2260569,40.5,78.82,78.82,745248600.0,1793277000,Consumer Cyclical,Auto Parts,NYQ
778,TME,Tencent Music Entertainment Group,13657432064,8.38,7.96,9570538,7.66,23.855,32.248,1544625000.0,1786451400,Communication Services,Internet Content & Information,NYQ
779,JBS,JBS N.V.,13900422144,12.98,12.75,6482042,10.61,18.65,18.65,1749821400.0,1794254400,Consumer Defensive,Packaged Foods,NYQ
780,CORT,Corcept Therapeutics Incorporated,13100445696,121.19,118.54,496517,28.66,126.38,126.38,1081949400.0,1785355200,Healthcare,Biotechnology,NCM
781,HAS,"Hasbro, Inc.",13162269696,93.32,92.5,1138536,69.5,106.98,126.87,322151400.0,1792499400,Consumer Cyclical,Leisure,NMS
782,AVY,Avery Dennison Corporation,12718767104,167.82,167.62,510777,152.42,199.54,233.48,99153000.0,1793277000,Consumer Cyclical,Packaging & Containers,NYQ
783,GL,Globe Life Inc.,12616373248,164.17,166.08,353730,127.85,191.55,191.55,339255000.0,1792612800,Financial Services,Insurance - Life,NYQ
784,GGG,Graco Inc.,12666407936,78.21,78.37,1589263,72.51,95.69,95.69,322151400.0,1792612800,Industrials,Specialty Industrial Machinery,NYQ
785,GRAB,Grab Holdings Limited,13051253760,3.19,3.11,74446937,2.74,6.24,18.109,1606833000.0,1785787200,Technology,Software - Application,NMS
786,AIT,"Applied Industrial Technologies, Inc.",12319814656,335.38,332.12,130310,238.34,374.8,374.8,322151400.0,1793104200,Industrials,Industrial Distribution,NYQ
787,TOL,"Toll Brothers, Inc.",12267530240,133.13,134.57,690394,123.15,168.36,169.52,521213400.0,1787083200,Consumer Cyclical,Residential Construction,NYQ
788,DTM,"DT Midstream, Inc.",12650916864,124.01,123.76,615780,104.99,152.88,152.88,1625146200.0,1785414600,Energy,Oil & Gas Midstream,NYQ
789,TLK,Perusahaan Perseroan (Persero) PT Telekomunikasi Indonesia Tbk,12647934976,12.83,12.88,851994,12.38,23.52,36.19,816359400.0,1785528000,Communication Services,Telecom Services,NYQ
790,QXO,"QXO, Inc.",11215275008,10.81,11.12,20514665,10.75,27.61,290.0,1334669400.0,1786651200,Industrials,Industrial Distribution,NYQ
791,ALB,Albemarle Corporation,11950371840,101.27,102.1,2510005,88.01,221.0,334.55,761927400.0,1793822400,Basic Materials,Specialty Chemicals,NYQ
792,RPM,RPM International Inc.,12463867904,97.73,99.43,1444375,92.92,121.78,141.79,322151400.0,1791289800,Basic Materials,Specialty Chemicals,NYQ
793,LII,Lennox International Inc.,12318807040,356.44,361.54,377497,350.22,587.27,689.44,933255000.0,1793190600,Industrials,Building Products & Equipment,NYQ
794,DOCU,"DocuSign, Inc.",13285026816,71.08,71.43,2249236,40.16,75.0,314.76,1524835800.0,1788465600,Technology,Software - Application,NMS
795,AEG,Aegon Ltd.,12195122176,8.24,8.27,4465407,6.75,9.61,62.560097,488813400.0,1787229000,Financial Services,Insurance - Diversified,NYQ
796,NVMI,Nova Ltd.,11227574272,353.0,354.59,184343,266.43,615.99,615.99,955459800.0,1786019400,Technology,Semiconductor Equipment & Materials,NMS
797,BAX,Baxter International Inc.,12588853248,24.35,23.9,3011393,15.73,30.0,95.19,373041000.0,1793277000,Healthcare,Medical Instruments & Supplies,NYQ
798,CNA,CNA Financial Corporation,12493644800,46.17,46.69,382098,41.53,55.71,55.71,99153000.0,1785760200,Financial Services,Insurance - Property & Casualty,NYQ
799,ICLR,ICON Public Limited Company,12666405888,164.17,164.5,712871,66.57,203.91,347.72,895239000.0,1793131200,Healthcare,Diagnostics & Research,NMS
800,PAC,"Grupo Aeroportuario del Pacífico, S.A.B. de C.V.",11989616640,201.5,196.69,109238,193.11,300.41,300.41,1141050600.0,1784032200,Industrials,Airports & Air Services,NYQ
801,HALO,"Halozyme Therapeutics, Inc.",12532449280,110.42,109.84,1845170,61.23,116.85,116.85,1079447400.0,1786046400,Healthcare,Biotechnology,NMS
802,BTSG,"BrightSpring Health Services, Inc.",12611866624,63.74,63.66,1607040,27.89,73.75,73.75,1706279400.0,1793363400,Healthcare,Health Information Services,NMS
803,SJM,The J. M. Smucker Company,12800622592,119.83,119.41,928285,88.25,135.89,163.07,783613800.0,1787747400,Consumer Defensive,Packaged Foods,NYQ
804,PEN,"Penumbra, Inc.",12580981760,319.4,317.52,555295,221.26,362.41,362.41,1442583000.0,0,Healthcare,Medical Devices,NYQ
805,AMH,American Homes 4 Rent,12647019520,30.85,30.49,2322885,27.22,35.07,44.07,1375363800.0,1793822400,Real Estate,REIT - Residential,NYQ
806,UDR,"UDR, Inc.",12534466560,34.12,33.57,4290077,32.94,42.0,61.06,322151400.0,1785182400,Real Estate,REIT - Residential,NYQ
807,RMBS,Rambus Inc.,11656368128,107.47,108.47,1077379,77.89,174.1,174.1,863616600.0,1793044800,Technology,Semiconductors,NMS
808,GME,GameStop Corp.,13399545856,26.56,25.28,16185023,17.79,26.88,120.75,1013610600.0,1788870600,Consumer Cyclical,Specialty Retail,NYQ
809,SEIC,SEI Investments Company,12566007808,104.7,103.25,961735,75.08,112.15,112.15,354378600.0,1792612800,Financial Services,Asset Management,NMS
810,TU,TELUS Corporation,12159000576,7.72,8.04,8519005,7.64,15.41,27.5,834499800.0,1785501000,Communication Services,Telecom Services,NYQ
811,GDDY,GoDaddy Inc.,13215687680,104.35,103.19,2203221,71.59,137.927,216.0,1427808600.0,1793304000,Technology,Software - Infrastructure,NYQ
812,MAIR,Madison Air Solutions Corporation,12151721984,24.22,24.0,1158769,22.91,44.5,44.5,1776346200.0,1785414600,Industrials,Building Products & Equipment,NYQ
813,MKC,"McCormick & Company, Incorporated",12056779776,44.81,45.94,3364011,43.25,72.41,107.35,99153000.0,1790857800,Consumer Defensive,Packaged Foods,NYQ
814,SANM,Sanmina Corporation,11656889344,217.49,210.48,558617,118.1,288.68,363.0,734794200.0,1785182400,Technology,Electronic Components,NMS
815,EHC,Encompass Health Corporation,12166922240,123.33,122.54,604359,92.77,127.99,127.99,527952600.0,1793217600,Healthcare,Medical Care Facilities,NYQ
816,TRU,TransUnion,12545969152,65.48,64.59,2199354,60.96,89.12,125.35,1435239000.0,1793104200,Financial Services,Financial Data & Stock Exchanges,NYQ
817,ARW,"Arrow Electronics, Inc.",11601345536,227.9,226.75,314315,101.79,249.43,249.43,322151400.0,1786046400,Technology,Electronics & Computer Distribution,NYQ
818,HBM,Hudbay Minerals Inc.,11601061888,26.12,25.39,4029950,14.34,32.15,32.15,1234535400.0,1785328200,Basic Materials,Copper,NYQ
819,BF-B,Brown-Forman Corporation,12109427712,26.39,26.54,2157533,22.61,31.92,83.4,322151400.0,1788352200,Consumer Defensive,Beverages - Wineries & Distilleries,NYQ
820,CR,Crane Company,11834622976,204.75,202.12,250834,159.58,230.5,230.5,1680096600.0,1793131200,Industrials,Specialty Industrial Machinery,NYQ
821,QNT,Quantinuum Inc.,10972487680,41.3,41.52,1114503,41.04,86.79,86.79,1780579800.0,1786478400,Technology,Software - Application,NGM
822,WTS,"Watts Water Technologies, Inc.",11774869504,352.72,347.14,192978,260.0,394.54,394.54,525015000.0,1793822400,Industrials,Specialty Industrial Machinery,NYQ
823,WSO,"Watsco, Inc.",11546487808,279.9,282.23,554780,277.34,459.0,571.42,455463000.0,1793104200,Industrials,Industrial Distribution,NYQ
824,AEIS,"Advanced Energy Industries, Inc.",11560960000,288.66,284.24,252211,174.12,397.44,397.44,816618600.0,1785787200,Industrials,Electrical Equipment & Parts,NMS
825,FROG,JFrog Ltd.,12605093888,102.23,97.25,1125305,34.05,105.76,105.76,1600263000.0,1786046400,Technology,Software - Application,NMS
826,BJ,"BJ's Wholesale Club Holdings, Inc.",12452102144,98.58,99.04,2150809,83.212,105.78,121.1,1530192600.0,1787315400,Consumer Defensive,Discount Stores,NYQ
827,FMS,Fresenius Medical Care AG,11208539136,21.06,20.88,1010172,20.02,27.54,57.94,842967000.0,1793736000,Healthcare,Medical Care Facilities,NYQ
828,MANH,"Manhattan Associates, Inc.",11946105856,204.89,206.78,449082,119.06,227.03,312.6,893338200.0,1793131200,Technology,Software - Application,NMS
829,UHAL,U-Haul Holding Company,11219411968,57.39,57.8,145393,41.95,76.45,79.04,783959400.0,1785960000,Industrials,Rental & Leasing Services,NYQ
830,PNW,Pinnacle West Capital Corporation,11988830208,98.92,97.98,1357442,86.18,111.16,111.16,99153000.0,1793709000,Utilities,Utilities - Regulated Electric,NYQ
831,MOG-A,Moog Inc.,11499484160,363.09,362.92,246313,192.33,448.85,448.85,328455000.0,1785501000,Industrials,Aerospace & Defense,NYQ
832,IT,"Gartner, Inc.",12070926336,191.15,195.41,706625,124.25,261.1,584.01,749827800.0,1785846600,Technology,Information Technology Services,NYQ
833,FRO,Frontline plc,12489144320,56.1,56.26,2905114,20.47,56.85,361.8,997104600.0,1787920200,Energy,Oil & Gas Midstream,NYQ
834,ELS,"Equity LifeStyle Properties, Inc.",11832148992,59.01,58.5,2369432,57.46,69.0,88.7,730650600.0,1784750400,Real Estate,REIT - Residential,NYQ
835,VIAV,Viavi Solutions Inc.,11179619328,45.46,44.09,2779068,12.43,60.43,698.1655,753546600.0,1785960000,Technology,Communication Equipment,NMS
836,CCK,"Crown Holdings, Inc.",11774412800,108.26,108.88,609330,89.21,122.91,130.42,322151400.0,1792440000,Consumer Cyclical,Packaging & Containers,NYQ
837,AFG,"American Financial Group, Inc.",11698560000,141.08,141.98,259913,123.09,148.71,152.29,322151400.0,1785873600,Financial Services,Insurance - Property & Casualty,NYQ
838,FIG,"Figma, Inc.",11992721408,22.5,22.63,7790297,16.6,67.68,142.92,1753968600.0,1785960000,Technology,Software - Application,NYQ
839,ERIE,Erie Indemnity Company,11610441728,222.04,226.54,151387,204.63,330.54,547.0,812640600.0,1793304000,Financial Services,Insurance Brokers,NMS
840,FIVE,"Five Below, Inc.",11821753344,214.73,209.73,1022723,143.02,263.88,263.88,1342704600.0,1788379200,Consumer Cyclical,Specialty Retail,NMS
841,DVA,DaVita Inc.,11436149760,179.25,177.02,369636,101.0,247.49,247.49,815149800.0,1785873600,Healthcare,Medical Care Facilities,NYQ
842,MDGL,"Madrigal Pharmaceuticals, Inc.",10899371008,471.75,476.91,312984,393.61,615.0,615.0,1170772200.0,1785414600,Healthcare,Biotechnology,NMS
843,HL,Hecla Mining Company,11467086848,17.07,16.73,29083053,11.81,34.17,35.833332,322151400.0,1785873600,Basic Materials,Other Precious Metals & Mining,NYQ
844,WSE,Wise Group plc,11676867584,11.87,11.68,1914500,10.36,17.47,17.47,1778506200.0,1794513600,Technology,Information Technology Services,NMS
845,LFUS,"Littelfuse, Inc.",10832566272,426.5,425.3,98366,233.36,500.57,500.57,717168600.0,1785328200,Technology,Electronic Components,NMS
846,SAIL,"SailPoint, Inc.",11857835008,20.77,20.02,2870096,10.3,23.89,26.35,1739457000.0,1788957000,Technology,Software - Infrastructure,NMS
847,ALLY,Ally Financial Inc.,11434865664,37.59,37.83,2738266,35.92,47.29,56.61,1390919400.0,1792499400,Financial Services,Credit Services,NYQ
848,AUR,"Aurora Innovation, Inc.",11684225024,5.83,5.73,14400747,3.6,8.565,17.77,1620653400.0,1793217600,Consumer Cyclical,Auto Parts,NMS
849,GLPI,"Gaming and Leisure Properties, Inc.",11464905728,38.28,38.26,2201872,37.33,49.95,55.13,1381757400.0,1793304000,Real Estate,REIT - Specialty,NMS
850,AA,Alcoa Corporation,11136978944,42.2,42.83,4068751,35.12,84.38,117.19431,-252322200.0,1792094400,Basic Materials,Aluminum,NYQ
851,TECH,Bio-Techne Corporation,11363049472,72.46,72.45,2227954,43.2,72.69,135.9625,603037800.0,1786537800,Healthcare,Biotechnology,NMS
852,CPT,Camden Property Trust,11293185024,97.58,96.76,604801,95.3,119.81,180.37,743347800.0,1793908800,Real Estate,REIT - Residential,NYQ
853,TWST,Twist Bioscience Corporation,10593601536,159.78,152.05,3538034,23.3,219.71,219.71,1540992600.0,1785760200,Healthcare,Biotechnology,NMS
854,CSGP,"CoStar Group, Inc.",12022212608,29.67,29.81,4093566,25.89,79.08,101.05,899299800.0,1793131200,Real Estate,Real Estate Services,NMS
855,SNN,Smith & Nephew plc,11400382464,27.24,26.96,982895,26.12,37.51,52.26,942762600.0,1785846600,Healthcare,Medical Devices,NYQ
856,PINS,"Pinterest, Inc.",12119098368,21.4,20.53,13204888,13.84,35.42,89.9,1555594200.0,1785873600,Communication Services,Internet Content & Information,NYQ
857,HUT,Hut 8 Corp.,10387075072,84.27,79.59,6362047,31.67,140.8,140.8,1520519400.0,1793795400,Financial Services,Capital Markets,NMS
858,FORM,"FormFactor, Inc.",10911122432,139.67,137.13,812916,38.12,160.27,160.27,1055424600.0,1793217600,Technology,Semiconductor Equipment & Materials,NMS
859,ELAN,Elanco Animal Health Incorporated,11447384064,22.92,22.54,2520305,19.4,27.98,37.61,1537450200.0,1793968200,Healthcare,Drug Manufacturers - Specialty & Generic,NYQ
860,RRX,Regal Rexnord Corporation,10985976832,165.03,160.01,1045792,127.96,247.8,247.8,322151400.0,1793709000,Industrials,Specialty Industrial Machinery,NYQ
861,CGNX,Cognex Corporation,10584643584,62.92,60.91,1751890,34.6,72.88,101.82,616944600.0,1785960000,Technology,Scientific & Technical Instruments,NMS
862,FRHC,Freedom Holdings Corp.,10821576704,169.65,166.7,54143,107.975,178.0,194.01,1518013800.0,1786365000,Financial Services,Financial Conglomerates,NCM
863,DECK,Deckers Outdoor Corporation,11288114176,82.89,82.56,1960109,77.2,122.29,223.98,750691800.0,1784836800,Consumer Cyclical,Footwear & Accessories,NYQ
864,AAOI,"Applied Optoelectronics, Inc.",9309125632,109.64,105.9,14448250,18.5,233.67,233.67,1380202200.0,1786046400,Technology,Communication Equipment,NGM
865,FHN,First Horizon Corporation,10934776832,23.08,23.31,3361278,19.8,26.56,46.46669,322151400.0,1792067400,Financial Services,Banks - Regional,NYQ
866,ONON,On Holding AG,11727593472,35.09,34.04,11120917,26.365,51.08,64.05,1631712600.0,1786451400,Consumer Cyclical,Footwear & Accessories,NYQ
867,HUBS,"HubSpot, Inc.",11686839296,228.3,231.84,1460664,169.63,497.96,881.13,1412861400.0,1785960000,Technology,Software - Application,NYQ
868,AHR,"American Healthcare REIT, Inc.",11074336768,50.8,50.44,1711562,40.3,58.7,58.7,1707316200.0,1793908800,Real Estate,REIT - Healthcare Facilities,NYQ
869,YARIY,Yara International ASA,11006726144,21.61,21.89,700,17.48,31.28,45.15,1141655400.0,0,Basic Materials,Agricultural Inputs,OID
870,AR,Antero Resources Corporation,11037061120,35.9,36.06,3008069,29.1,45.75,68.43,1381411800.0,1785355200,Energy,Oil & Gas E&P,NYQ
871,HRL,Hormel Foods Corporation,10561231872,19.19,19.42,6312126,19.165,26.6,55.11,322151400.0,1787833800,Consumer Defensive,Packaged Foods,NYQ
872,WTRG,"Essential Utilities, Inc.",11056014336,38.98,38.72,1386511,36.11,42.51,54.52,322151400.0,1785873600,Utilities,Utilities - Regulated Water,NYQ
873,HMY,Harmony Gold Mining Company Limited,10568774656,16.88,16.3789,3628354,13.03,26.06,26.06,769181400.0,1787833800,Basic Materials,Gold,NYQ
874,BMRN,BioMarin Pharmaceutical Inc.,10606873600,54.795,54.89,2146354,49.26,70.98,151.75,932995800.0,1786046400,Healthcare,Biotechnology,NMS
875,GSAT,"Globalstar, Inc.",10860003328,83.82,83.22,636816,40.5,84.85,265.2,1162477800.0,1786019400,Communication Services,Telecom Services,NMS
876,TXRH,"Texas Roadhouse, Inc.",10601010176,161.5,162.76,1146604,153.83,216.3,216.3,1096983000.0,1793908800,Consumer Cyclical,Restaurants,NMS
877,BXP,"BXP, Inc.",10680811520,59.05,59.32,1450571,49.72,74.96,147.83,866640600.0,1793131200,Real Estate,REIT - Office,NYQ
878,BSY,"Bentley Systems, Incorporated",10564189184,34.97,34.82,1589328,28.077,52.85,71.92,1600867800.0,1793881800,Technology,Software - Application,NMS
879,COO,"The Cooper Companies, Inc.",10338743296,54.37,54.3,3182621,51.01,89.83,115.8975,412007400.0,1788984000,Healthcare,Medical Instruments & Supplies,NMS
880,CART,Maplebear Inc.,11335043072,47.76,46.3,2733163,32.73,52.68,53.5,1695130200.0,1786046400,Consumer Cyclical,Internet Retail,NMS
881,IAG,IAMGOLD Corporation,10734799872,18.8,18.4,2777850,10.87,24.87,24.87,1058275800.0,1793908800,Basic Materials,Gold,NYQ
882,SF,Stifel Financial Corp.,10621461504,70.34,70.11,754221,67.81,89.82667,89.82667,427469400.0,0,Financial Services,Capital Markets,NYQ
883,LI,Li Auto Inc.,11277747200,11.54,10.9,4955883,10.66,23.81,47.7,1596115800.0,1787747400,Consumer Cyclical,Auto Manufacturers,NMS
884,AES,The AES Corporation,10658772992,14.94,14.93,5586048,13.21,17.65,72.8125,677943000.0,0,Utilities,Utilities - Diversified,NYQ
885,PAYP,PayPay Corporation,10637918208,15.71,15.45,667956,12.07,24.89,24.89,1773322200.0,1785528000,Technology,Software - Infrastructure,NMS
886,KNX,Knight-Swift Transportation Holdings Inc.,10492879872,64.47,65.05,3078852,41.24,82.86,82.86,783091800.0,1792612800,Industrials,Trucking,NYQ
887,AVTR,"Avantor, Inc.",10598543360,15.67,15.39,4244050,7.265,16.375,44.37,1558099800.0,1793190600,Healthcare,Medical Instruments & Supplies,NYQ
888,TXG,"10x Genomics, Inc.",10507982848,80.65,77.28,3684561,11.16,102.81,208.99,1568295000.0,1786046400,Healthcare,Medical Devices,NMS
889,CHYM,"Chime Financial, Inc.",11387840512,30.08,28.96,5741511,15.88,35.55,44.94,1749735000.0,1785960000,Technology,Software - Application,NMS
890,SCI,Service Corporation International,10482186240,76.91,76.77,709540,68.41,90.99,90.99,322151400.0,1785355200,Consumer Cyclical,Personal Services,NYQ
891,FNF,"Fidelity National Financial, Inc.",10405881856,38.8,39.77,2018764,37.88,58.41,64.33944,1129296600.0,1793908800,Financial Services,Insurance - Specialty,NYQ
892,DDS,"Dillard's, Inc.",10031435776,642.24,648.82,176967,503.06,741.98,741.98,322151400.0,1786624200,Consumer Cyclical,Department Stores,ASE
893,UHS,"Universal Health Services, Inc.",10452391936,177.35,175.72,397326,140.08,246.33,246.33,363533400.0,1793131200,Healthcare,Medical Care Facilities,NYQ
894,RDY,Dr. Reddy's Laboratories Limited,10395697152,12.48,12.2,1936707,11.36,15.67,16.892,986995800.0,1792758600,Healthcare,Drug Manufacturers - Specialty & Generic,NYQ
895,MICC,The Magnum Ice Cream Company N.V.,10434969600,17.28,17.44,798675,12.94,20.685,20.685,1765204200.0,1785441600,Consumer Defensive,Packaged Foods,NYQ
896,IBRX,"ImmunityBio, Inc.",11138879488,10.51,9.91,18586461,1.95,12.43,45.42,1438090200.0,1785846600,Healthcare,Biotechnology,NMS
897,LULU,lululemon athletica inc.,10945555456,94.5,92.68,3390358,90.38,225.98,516.39,1185543000.0,1788465600,Consumer Cyclical,Apparel Retail,NMS
898,SUZ,Suzano S.A.,10554474496,8.57,8.51,2356279,7.555,11.535,14.445,1225809000.0,1793908800,Basic Materials,Paper & Paper Products,NYQ
899,EGP,"EastGroup Properties, Inc.",10538493952,195.98,195.12,220758,166.11,226.71,229.84,99153000.0,1792612800,Real Estate,REIT - Industrial,NYQ
900,HII,"Huntington Ingalls Industries, Inc.",10434337792,264.8,265.02,393705,256.79,460.0,460.0,1300800600.0,1793277000,Industrials,Aerospace & Defense,NYQ
901,DCI,"Donaldson Company, Inc.",10068279296,86.93,87.16,492616,79.61,112.84,112.84,322151400.0,1787747400,Industrials,Specialty Industrial Machinery,NYQ
902,ELPC,Companhia Paranaense de Energia,10534692864,14.19,14.06,670656,8.255,14.51,14.51,1703860200.0,1794513600,Utilities,Utilities - Regulated Electric,NYQ
903,EVR,Evercore Inc.,10455130112,271.86,266.75,520205,251.13,388.71,388.71,1155562200.0,1785328200,Financial Services,Capital Markets,NYQ
904,NYT,The New York Times Company,10696327168,66.32,66.6,1882385,54.1,87.1,87.1,105283800.0,1785933000,Communication Services,Publishing,NYQ
905,GMED,"Globus Medical, Inc.",10022652928,74.65,73.33,1078349,56.66,101.4,101.4,1344000600.0,1786046400,Healthcare,Medical Devices,NYQ
906,VSAT,"Viasat, Inc.",9919796224,72.01,67.41,2934836,29.13,93.03,97.31,849623400.0,1785873600,Technology,Communication Equipment,NMS
907,AGNC,AGNC Investment Corp.,10278124544,8.67,8.68,32515013,8.41,12.19,36.77,1210858200.0,1792440000,Real Estate,REIT - Mortgage,NMS
908,BNT,Brookfield Wealth Solutions Ltd.,10168301568,37.06,36.62,5701,35.73,49.86,56.666668,1624887000.0,1794486600,Financial Services,Insurance - Diversified,NYQ
909,MOH,"Molina Healthcare, Inc.",10279745536,196.93,195.76,509032,121.06,244.89,423.92,1057152600.0,1792612800,Healthcare,Healthcare Plans,NYQ
910,EGO,Eldorado Gold Corporation,9822116864,37.66,36.86,2604345,24.44,51.16,110.6,1043332200.0,1793217600,Basic Materials,Gold,NYQ
911,JKHY,"Jack Henry & Associates, Inc.",10468422656,149.31,149.05,892425,121.04,193.39,212.62,501345000.0,1787083200,Technology,Information Technology Services,NMS
912,CLX,The Clorox Company,10134620160,83.8,83.44,1496915,79.12,128.9,239.87,99153000.0,1785787200,Consumer Defensive,Household & Personal Products,NYQ
913,GGB,Gerdau S.A.,10044427264,5.12,4.92,15953294,3.13,5.48,20.805555,921076200.0,1793044800,Basic Materials,Steel,NYQ
914,MOD,Modine Manufacturing Company,9643143168,181.56,181.89,714533,111.18,323.25,323.25,401376600.0,1785355200,Consumer Cyclical,Auto Parts,NYQ
915,ALGN,"Align Technology, Inc.",10138098688,142.71,141.03,1079153,124.91,200.44,737.45,980865000.0,1793217600,Healthcare,Medical Instruments & Supplies,NMS
916,BPOP,"Popular, Inc.",9967941632,156.29,155.79,329586,108.74,179.24,290.0,322151400.0,1792672200,Financial Services,Banks - Regional,NMS
917,RTO,Rentokil Initial plc,10185739264,20.24,20.25,2332159,19.5,34.67,43.69,848327400.0,1785441600,Industrials,Specialty Business Services,NYQ
918,ENSG,"The Ensign Group, Inc.",10012921856,171.8,171.49,205323,141.58,218.0,218.0,1194618600.0,1785155400,Healthcare,Medical Care Facilities,NMS
919,OSCR,"Oscar Health, Inc.",10299483136,33.37,33.1,5310065,10.69,34.48,37.0,1614781800.0,1786019400,Healthcare,Healthcare Plans,NYQ
920,AM,Antero Midstream Corporation,10010874880,21.09,21.19,2218181,16.96,23.835,23.835,1493904600.0,1785355200,Energy,Oil & Gas Midstream,NYQ
921,DPZ,"Domino's Pizza, Inc.",10234165248,309.36,308.65,612867,282.0,442.35,567.57,1089725400.0,1791894600,Consumer Cyclical,Restaurants,NMS
922,RGEN,Repligen Corporation,11039705088,173.88,163.84,1339910,100.99,198.87,327.32,515165400.0,1785241800,Healthcare,Medical Instruments & Supplies,NMS
923,PAYC,"Paycom Software, Inc.",10466531328,232.22,229.9,406866,104.9,244.98,558.97,1397568600.0,1785960000,Technology,Software - Application,NYQ
924,SNAP,Snap Inc.,10536161280,6.23,5.86,48978222,3.81,9.13,83.34,1488465000.0,1793822400,Communication Services,Internet Content & Information,NYQ
925,ESTC,Elastic N.V.,10313293824,98.23,95.26,1170779,42.05,108.0,189.84,1538746200.0,1787860800,Technology,Software - Application,NYQ
926,MXL,"MaxLinear, Inc.",8721057792,96.16,93.7,2888364,12.77,128.3,128.3,1269437400.0,1792699200,Technology,Semiconductors,NMS
927,DKNG,DraftKings Inc.,9720569856,19.58,19.87,9563074,18.52,36.98,74.38,1564061400.0,1786046400,Consumer Cyclical,Gambling,NMS
928,RYAN,"Ryan Specialty Holdings, Inc.",9484514304,37.01,37.79,1627250,29.28,58.94,77.16,1626960600.0,1793304000,Financial Services,Insurance Brokers,NYQ
929,BIO,"Bio-Rad Laboratories, Inc.",9790450688,366.16,360.4,138950,236.73,396.23,832.7,320509800.0,1785873600,Healthcare,Medical Devices,NYQ
930,UMBF,UMB Financial Corporation,9896289280,130.3,130.39,496005,103.38,153.32,153.32,322151400.0,1793131200,Financial Services,Banks - Regional,NMS
931,DRS,"Leonardo DRS, Inc.",9672148992,36.24,35.87,1188609,32.43,50.59,151.875,488467800.0,1793277000,Industrials,Aerospace & Defense,NMS
932,PBF,PBF Energy Inc.,9989099520,84.27,89.34,3392696,25.62,89.48,89.48,1355409000.0,1793277000,Energy,Oil & Gas Refining & Marketing,NYQ
933,WMS,"Advanced Drainage Systems, Inc.",9485238272,125.79,126.21,739432,122.9,179.315,184.27,1406295000.0,1786019400,Industrials,Building Products & Equipment,NYQ
934,AMG,"Affiliated Managers Group, Inc.",10014517248,387.26,386.99,310718,231.53,393.42,393.42,880122600.0,1785414600,Financial Services,Asset Management,NYQ
935,PSO,Pearson plc,10200141824,16.97,16.63,669417,12.02,17.75,43.625,848327400.0,1785528000,Communication Services,Publishing,NYQ
936,WTFC,Wintrust Financial Corporation,9662988288,143.25,144.2,294747,119.61,167.22,167.22,892733400.0,1792440000,Financial Services,Banks - Regional,NMS
937,SSB,SouthState Bank Corporation,9721697280,100.25,100.57,781747,84.48,112.2,114.27,854461800.0,1792612800,Financial Services,Banks - Regional,NYQ
938,PCVX,"Vaxcyte, Inc.",10621720576,71.38,65.015,4380939,39.87,90.75,121.055,1591968600.0,0,Healthcare,Biotechnology,NMS
939,SOLS,"Solstice Advanced Materials, Inc.",9745286144,61.35,60.23,1686196,40.43,90.8,90.8,1760967000.0,1793795400,Basic Materials,Specialty Chemicals,NMS
940,DAR,Darling Ingredients Inc.,9509202944,60.26,62.25,2697215,29.15,69.98,87.59,779117400.0,1793277000,Consumer Defensive,Packaged Foods,NYQ
941,MSGS,Madison Square Garden Sports Corp.,9687359488,402.3,407.17,309722,207.9,438.93,438.93,1442496600.0,1786624200,Communication Services,Entertainment,NYQ
942,SIMO,Silicon Motion Technology Corporation,8948383744,263.9,261.89,447232,79.76,355.0,355.0,1120138200.0,1793217600,Technology,Semiconductors,NMS
943,FDS,FactSet Research Systems Inc.,10213712896,287.18,286.52,657592,185.0,320.48,499.87,835968600.0,1790771400,Financial Services,Financial Data & Stock Exchanges,NYQ
944,KRYS,"Krystal Biotech, Inc.",9815269376,331.61,327.3,196947,179.19,382.535,382.535,1505914200.0,1785760200,Healthcare,Biotechnology,NMS
945,GKOS,Glaukos Corporation,9773048832,165.69,161.29,1196004,73.16,191.62,191.62,1435239000.0,1793217600,Healthcare,Medical Devices,NYQ
946,ONB,Old National Bancorp,9403570176,24.58,24.73,3371748,19.39,27.36,33.9494,456586200.0,1792585800,Financial Services,Banks - Regional,NMS
947,ALSN,"Allison Transmission Holdings, Inc.",9072023552,109.86,109.11,774394,76.01,137.62,137.62,1331818200.0,1785787200,Consumer Cyclical,Auto Parts,NYQ
948,LKNCY,Luckin Coffee Inc.,9390268416,32.8,32.51,163321,27.22,42.13,51.38,1558099800.0,1785760200,Consumer Cyclical,Restaurants,OID
949,ENLT,Enlight Renewable Energy Ltd,9430948864,67.41,67.11,104427,32.75,108.65,108.65,1672756200.0,1785846600,Utilities,Utilities - Renewable,NMS
950,MTCH,"Match Group, Inc.",9584921600,41.09,41.5,2181246,28.81,44.935,182.0,727453800.0,1785873600,Communication Services,Internet Content & Information,NMS
951,OC,Owens Corning,9024197632,114.16,117.2,1001613,97.53,159.91,214.53,1162391400.0,1785933000,Industrials,Building Products & Equipment,NYQ
952,CFR,"Cullen/Frost Bankers, Inc.",9337233408,150.24,152.36,385333,119.0,170.8,170.8,322151400.0,1793277000,Financial Services,Banks - Regional,NYQ
953,HSIC,"Henry Schein, Inc.",9362624512,84.01,84.63,1087373,61.95,92.18,92.68,815409000.0,1785846600,Healthcare,Medical Distribution,NMS
954,OGE,OGE Energy Corp.,9606029312,46.5,46.11,1563235,41.7,50.59,50.59,99153000.0,1793190600,Utilities,Utilities - Regulated Electric,NYQ
955,QGEN,Qiagen N.V.,9370743808,45.38,44.53,1255460,32.53,57.82,62.756256,835968600.0,1785960000,Healthcare,Diagnostics & Research,NYQ
956,PODD,Insulet Corporation,9382236160,135.28,134.47,864469,126.4,354.88,354.88,1179235800.0,1793795400,Healthcare,Medical Devices,NMS
957,TTC,The Toro Company,9067804672,95.79,96.81,566568,67.64,105.19,118.13,322151400.0,1788438600,Industrials,Tools & Accessories,NYQ
958,VMI,"Valmont Industries, Inc.",9031005184,467.81,468.7,135728,378.02,585.71,585.71,99153000.0,1792499400,Industrials,Conglomerates,NYQ
959,TFII,TFI International Inc.,9380690944,114.13,115.14,285745,80.63,167.69,167.69,1132065000.0,1793304000,Industrials,Trucking,NYQ
960,MUSA,Murphy USA Inc.,9725777920,529.14,518.22,248385,349.83,636.05,636.05,1376919000.0,1793217600,Consumer Cyclical,Specialty Retail,NYQ
961,CTVA,"Corteva, Inc.",8833675264,13.24,13.75,30644503,9.082521,14.62,14.62,1558704600.0,1794427200,Basic Materials,Agricultural Inputs,NYQ
962,LGN,Legence Corp.,8465603072,51.53,51.55,532368,30.65,107.238,107.238,1757683800.0,1786624200,Industrials,Engineering & Construction,NMS
963,RRC,Range Resources Corporation,9555154944,40.89,40.77,2714637,32.68,48.31,95.41,330269400.0,1793131200,Energy,Oil & Gas E&P,NYQ
964,FLS,Flowserve Corporation,9187712000,72.28,69.65,1553358,48.71,92.41,92.41,322151400.0,1785355200,Industrials,Specialty Industrial Machinery,NYQ
965,FRT,Federal Realty Investment Trust,9280330752,106.16,105.46,720281,90.03,128.21,171.08,105283800.0,1793363400,Real Estate,REIT - Retail,NYQ
966,JEF,Jefferies Financial Group Inc.,9026537472,44.38,44.4,1517449,35.53,66.6,82.68,322151400.0,1790625600,Financial Services,Capital Markets,NYQ
967,APTV,Aptiv PLC,9094339584,43.8,44.21,2085066,42.56,88.93,180.81,1321540200.0,1793709000,Consumer Cyclical,Auto Parts,NYQ
968,FCFS,"FirstCash Holdings, Inc.",9268553728,213.7,211.49,188546,146.77,238.93,238.93,676560600.0,1784809800,Financial Services,Credit Services,NMS
969,AXSM,"Axsome Therapeutics, Inc.",8818311168,168.35,170.08,894482,119.2,260.19,260.19,1447943400.0,1793622600,Healthcare,Biotechnology,NGM
970,BRKR,Bruker Corporation,8964822016,58.84,57.92,1465523,32.37,66.98,94.86,965395800.0,1785846600,Healthcare,Medical Devices,NMS
971,SSL,Sasol Limited,9686079488,15.11,15.14,1803335,5.24,15.34,67.93,388675800.0,1788265800,Basic Materials,Specialty Chemicals,NYQ
972,ESI,Element Solutions Inc,8850853888,36.32,36.71,5256564,22.86,49.25,49.25,1382448600.0,1792612800,Basic Materials,Specialty Chemicals,NYQ
973,XPEV,XPeng Inc.,9483968512,9.9,9.55,11003225,9.18,28.235,74.49,1598535000.0,1787574600,Consumer Cyclical,Auto Manufacturers,NYQ
974,ZION,"Zions Bancorporation, National Association",9120625664,62.49,62.73,1205350,46.19,73.34,88.56,322151400.0,1792440000,Financial Services,Banks - Regional,NMS
975,KNTK,Kinetik Holdings Inc.,9045425152,53.46,54.41,740121,31.33,56.92,104.8,1542119400.0,1785960000,Energy,Oil & Gas Midstream,NYQ
976,ORI,Old Republic International Corporation,9215494144,38.17,38.55,918546,36.65,46.76,46.76,322151400.0,1792672200,Financial Services,Insurance - Property & Casualty,NYQ
977,SAIA,"Saia, Inc.",8959269888,336.75,341.26,217812,249.32,494.71,628.34,1031751000.0,1793277000,Industrials,Trucking,NMS
978,R,"Ryder System, Inc.",9147645952,238.55,235.18,407115,157.67,284.25,284.25,315671400.0,1792672200,Industrials,Rental & Leasing Services,NYQ
979,AYI,Acuity Inc.,8930971648,298.34,300.43,273484,257.04,380.17,380.17,1007389800.0,1790857800,Industrials,Electrical Equipment & Parts,NYQ
980,TIMB,TIM S.A.,8541453824,17.98,18.7,1075512,17.14,28.22,41.195717,911226600.0,1793736000,Communication Services,Telecom Services,NYQ
981,KT,KT Corporation,8664159232,18.3,18.55,4920157,17.13,24.58,79.875,927725400.0,0,Communication Services,Telecom Services,NYQ
982,LTH,"Life Time Group Holdings, Inc.",9077023744,40.62,40.28,2913153,24.14,47.235,47.235,1633613400.0,1793277000,Consumer Cyclical,Leisure,NYQ
983,JXN,Jackson Financial Inc.,8785095680,129.71,133.06,471193,89.67,140.9,140.9,1630503000.0,1793736000,Financial Services,Insurance - Life,NYQ
984,HLI,"Houlihan Lokey, Inc.",9096426496,130.16,125.53,870370,112.83,204.18,211.777,1439472600.0,1793217600,Financial Services,Capital Markets,NYQ
985,SIRI,Sirius XM Holdings Inc.,8935643136,26.51,26.33,7466714,19.77,32.66,694.375,779463000.0,1793277000,Communication Services,Entertainment,NMS
986,PTGX,"Protagonist Therapeutics, Inc.",9300520960,143.73,139.91,761527,73.08,160.81,160.81,1470922200.0,1785960000,Healthcare,Biotechnology,NGM
987,S,"SentinelOne, Inc.",9143250944,26.27,25.4,7386603,11.81,26.5,78.53,1625059800.0,1787860800,Technology,Software - Infrastructure,NYQ
988,VOYA,"Voya Financial, Inc.",8576756224,94.67,96.64,878027,64.5,105.64,105.64,1367501400.0,1793649600,Financial Services,Financial Conglomerates,NYQ
989,LLYVA,"Liberty Live Holdings, Inc.",8770872320,95.33,95.65,77158,74.38,106.055,106.055,1691155800.0,1793881800,Communication Services,Entertainment,NMS
990,YMM,Full Truck Alliance Co. Ltd.,8952854528,8.56,8.33,6149110,7.455,13.4,21.5,1624455000.0,1787142600,Technology,Software - Application,NYQ
991,SPXC,"SPX Technologies, Inc.",8487549952,169.46,168.58,342179,166.17,251.08,251.08,322151400.0,1793304000,Industrials,Building Products & Equipment,NYQ
992,JAN,"Janus Living, Inc.",8745719808,28.15,28.1,776239,22.76,32.83,32.83,1774013400.0,1793649600,Real Estate,REIT - Residential,NYQ
993,EDU,New Oriental Education & Technology Group Inc.,9089384448,58.63,57.38,312730,44.25,64.97,199.74,1158327000.0,1793190600,Consumer Defensive,Education & Training Services,NYQ
994,DY,"Dycom Industries, Inc.",8120234496,269.23,277.21,706219,263.36,566.47,566.47,455203800.0,1787747400,Industrials,Engineering & Construction,NYQ
995,ARWR,"Arrowhead Pharmaceuticals, Inc.",8863717376,62.75,60.74,2765660,34.61,95.49,2925.0,756052200.0,1785873600,Healthcare,Biotechnology,NMS
996,IDCC,"InterDigital, Inc.",8549788672,331.31,328.3,115661,249.14,412.6,412.6,374423400.0,1785414600,Technology,Software - Application,NMS
997,NIO,NIO Inc.,8970288128,3.58,3.41,43791908,3.36,7.54,66.99,1536759000.0,1788265800,Consumer Cyclical,Auto Manufacturers,NYQ
998,AG,First Majestic Silver Corp.,8520438272,17.28,16.98,9332338,10.19,32.04,32.04,1164724200.0,1793881800,Basic Materials,Silver,NYQ
999,AVT,"Avnet, Inc.",8170656768,99.36,99.56,1110917,44.25,108.63,108.63,105283800.0,1785933000,Technology,Electronics & Computer Distribution,NMS
1000,KYMR,"Kymera Therapeutics, Inc.",9245752320,112.4,109.3,1305178,55.26,130.05,130.05,1598016600.0,1785933000,Healthcare,Biotechnology,NGM
1001,LINE,"Lineage, Inc.",8633248768,34.43,34.44,1165361,31.33,45.75,89.85,1721914200.0,1794254400,Real Estate,REIT - Industrial,NMS
1002,MP,MP Materials Corp.,8217607168,46.14,46.14,4113787,37.81,100.251,100.251,1592832600.0,1793908800,Basic Materials,Other Industrial Metals & Mining,NYQ
1003,CTRE,"CareTrust REIT, Inc.",8513643520,36.03,35.79,1302152,32.79,43.62,43.62,1401370200.0,1786046400,Real Estate,REIT - Healthcare Facilities,NYQ
1004,CUBE,CubeSmart,8594774016,37.97,37.51,1896376,35.09,43.26,57.34,1098451800.0,1793304000,Real Estate,REIT - Industrial,NYQ
1005,MHK,"Mohawk Industries, Inc.",7997842432,118.07,119.44,968446,92.99,140.3,286.85,702138600.0,1793304000,Consumer Cyclical,"Furnishings, Fixtures & Appliances",NYQ
1006,PRI,"Primerica, Inc.",8472696832,275.29,275.39,172457,230.09,327.28,327.28,1270128600.0,1785960000,Financial Services,Insurance - Life,NYQ
1007,AAL,American Airlines Group Inc.,8446736384,12.76,12.8,70645862,10.09,18.79,63.27,1127827800.0,1792672200,Industrials,Airlines,NMS
1008,CYTK,"Cytokinetics, Incorporated",8745963520,62.91,62.01,1118458,54.3,88.31,110.25,1083331800.0,1793822400,Healthcare,Biotechnology,NMS
1009,TTEK,"Tetra Tech, Inc.",8536521216,33.34,33.41,1615952,25.81,43.14,51.2,692980200.0,1785355200,Industrials,Engineering & Construction,NMS
1010,GTLB,GitLab Inc.,9178820608,55.09,53.56,2370535,18.73,55.55,137.0,1634218200.0,1788292800,Technology,Software - Infrastructure,NMS
1011,PNR,Pentair plc,8374212096,52.47,52.3,2050068,51.13,112.13,113.95,105283800.0,1785241800,Industrials,Specialty Industrial Machinery,NYQ
1012,REXR,"Rexford Industrial Realty, Inc.",8400030720,36.74,37.23,3918018,32.14,44.38,84.68,1374240600.0,1792699200,Real Estate,REIT - Industrial,NYQ
1013,GAP,"The Gap, Inc.",8160005120,23.23,23.36,3773560,18.11,29.36,53.75,322151400.0,1787860800,Consumer Cyclical,Apparel Retail,NYQ
1014,NEU,NewMarket Corporation,8215700992,893.36,903.63,107479,580.03,981.66,981.66,322151400.0,1793217600,Basic Materials,Specialty Chemicals,NYQ
1015,RHP,"Ryman Hospitality Properties, Inc.",8297430016,120.28,119.95,412713,83.82,137.46,137.46,688311000.0,1793649600,Real Estate,REIT - Hotel & Motel,NYQ
1016,SM,SM Energy Company,8800600064,37.0,37.08,1931363,17.45,41.56,94.0,724516200.0,1793736000,Energy,Oil & Gas E&P,NYQ
1017,BRX,Brixmor Property Group Inc.,8377614336,27.3,27.08,1948070,24.66,32.86,32.86,1383139800.0,1793044800,Real Estate,REIT - Retail,NYQ
1018,TKR,The Timken Company,8046749184,116.12,114.34,820445,71.39,146.37,146.37,99153000.0,1785846600,Industrials,Tools & Accessories,NYQ
1019,ALV,"Autoliv, Inc.",8038516736,109.76,111.03,540144,99.16,132.17,132.17,862234200.0,1792758600,Consumer Cyclical,Auto Parts,NYQ
1020,ZETA,Zeta Global Holdings Corp.,8247934464,33.09,33.03,5348223,14.365,34.8,38.2,1623331800.0,1785873600,Technology,Software - Infrastructure,NYQ
1021,RAL,Ralliant Corporation,8098848256,73.2,71.86,928256,37.27,75.41,75.41,1750858200.0,1785414600,Technology,Electronic Components,NYQ
1022,WAL,Western Alliance Bancorporation,8102920704,74.27,75.5,838074,65.82,97.23,124.93,1120224600.0,1792440000,Financial Services,Banks - Regional,NYQ
1023,UGP,Ultrapar Participações S.A.,8418398208,7.9,7.79,7422900,3.6,8.28,13.97,939303000.0,1794427200,Energy,Oil & Gas Refining & Marketing,NYQ
1024,PCOR,"Procore Technologies, Inc.",8541409792,56.21,54.78,3822719,38.03,82.315,108.75,1621517400.0,1785355200,Technology,Software - Application,NYQ
1025,KTOS,"Kratos Defense & Security Solutions, Inc.",7951875584,42.36,41.93,4182628,40.93,134.0,1635.0,941812200.0,1785873600,Industrials,Aerospace & Defense,NMS
1026,ADC,Agree Realty Corporation,8225740288,65.95,65.82,1059687,64.43,82.08,82.08,766416600.0,1792526400,Real Estate,REIT - Retail,NYQ
1027,BAH,Booz Allen Hamilton Holding Corporation,8893871104,73.94,72.87,1185890,59.5,109.1,190.59,1290090600.0,1792758600,Industrials,Consulting Services,NYQ
1028,OSK,Oshkosh Corporation,7731668992,125.23,127.35,683532,116.77,180.49,180.49,497107800.0,1785241800,Industrials,Farm & Heavy Construction Machinery,NYQ
1029,BVN,Compañía de Minas Buenaventura S.A.A.,8244413440,32.46,31.43,581793,21.0,44.67,57.2,832167000.0,1793304000,Basic Materials,Other Precious Metals & Mining,NYQ
1030,AGCO,AGCO Corporation,7232876544,103.28,108.13,1483308,98.22,143.78,158.62,703431000.0,1793277000,Industrials,Farm & Heavy Construction Machinery,NYQ
1031,FR,"First Industrial Realty Trust, Inc.",8143037952,59.43,59.3,828911,50.24,69.88,69.88,772464600.0,1792612800,Real Estate,REIT - Industrial,NYQ
1032,COLB,"Columbia Banking System, Inc.",8025937920,28.37,28.53,1598516,23.83,33.68,50.68,708701400.0,1792699200,Financial Services,Banks - Regional,NMS
1033,WLK,Westlake Corporation,7960446976,62.29,62.31,766074,56.33,124.23,162.64,1092317400.0,1785846600,Basic Materials,Specialty Chemicals,NYQ
1034,PCTY,Paylocity Holding Corporation,8524149760,153.96,153.02,445898,92.99,161.93,314.495,1395235800.0,1785873600,Technology,Software - Application,NMS
1035,PB,"Prosperity Bancshares, Inc.",7944886272,66.11,66.69,578341,61.07,77.2,86.76,910881000.0,1793190600,Financial Services,Banks - Regional,NYQ
1036,TGTX,"TG Therapeutics, Inc.",8476237824,55.37,53.34,1619911,26.76,59.3,233.4375,1272893400.0,1785760200,Healthcare,Biotechnology,NCM
1037,EAT,"Brinker International, Inc.",8119519744,193.87,190.2,1026217,100.3,254.99,254.99,442247400.0,1786537800,Consumer Cyclical,Restaurants,NYQ
1038,LNC,Lincoln National Corporation,7701925888,40.23,40.54,1603324,32.18,47.67,86.68,322151400.0,1793881800,Financial Services,Insurance - Life,NYQ
1039,SNEX,StoneX Group Inc.,7385966080,61.235,60.1,587426,36.44889,94.66,94.66,794500200.0,1785960000,Financial Services,Capital Markets,NMS
1040,HESM,Hess Midstream LP,6651313664,32.26,34.0,3702612,31.63,41.44,44.14,1491399000.0,1785760200,Energy,Oil & Gas Midstream,NYQ
1041,NTSK,"Netskope, Inc.",8480238080,20.755,19.61,6232910,7.665,24.98,27.99,1758202200.0,1788379200,Technology,Software - Infrastructure,NMS
1042,UGI,UGI Corporation,7962052608,37.12,36.94,1075910,31.62,41.34,59.31,99153000.0,1785960000,Utilities,Utilities - Regulated Gas,NYQ
1043,LEVI,Levi Strauss & Co.,7170884096,18.7,19.05,8694790,17.72,25.7,30.84,1553175000.0,1791403200,Consumer Cyclical,Apparel Manufacturing,NYQ
1044,SEI,"Solaris Energy Infrastructure, Inc.",7687854080,76.4,73.08,1532545,38.499,86.19,86.19,1494595800.0,1785960000,Energy,Oil & Gas Equipment & Services,NYQ
1045,ARE,"Alexandria Real Estate Equities, Inc.",7832055808,45.51,45.6,1195499,39.41,78.54,224.95,864826200.0,1793044800,Real Estate,REIT - Office,NYQ
1046,ZWS,Zurn Elkay Water Solutions Corporation,7724291072,46.57,46.24,662164,43.06,55.0,55.0,1333027800.0,1785268800,Industrials,Pollution & Treatment Controls,NYQ
1047,HNGE,"Hinge Health, Inc.",8303455744,102.9,98.0,1668125,30.08,103.28,100.36,1747920600.0,1793649600,Healthcare,Health Information Services,NYQ
1048,WYNN,"Wynn Resorts, Limited",7738487808,75.15,75.29,1707551,73.98,134.72,249.31,1035552600.0,1793908800,Consumer Cyclical,Resorts & Casinos,NMS
1049,KMX,"CarMax, Inc.",7467610624,52.61,53.79,2011129,30.26,65.28,155.98,855066600.0,1797510600,Consumer Cyclical,Auto & Truck Dealerships,NYQ
1050,MGM,MGM Resorts International,7488765440,29.27,30.01,5456731,29.19,51.59,100.5,578583000.0,1793217600,Consumer Cyclical,Resorts & Casinos,NYQ
1051,CBSH,"Commerce Bancshares, Inc.",7801275904,54.39,54.61,773220,46.99,60.92,69.28798,322151400.0,1784205000,Financial Services,Banks - Regional,NMS
1052,CNM,"Core & Main, Inc.",7442295296,40.35,40.37,1284417,39.415,59.66,67.18,1626960600.0,1788957000,Industrials,Industrial Distribution,NYQ
1053,ABVX,ABIVAX Société Anonyme,7692985344,88.15,89.05,884878,69.81,148.83,148.83,1697808600.0,1790020800,Healthcare,Biotechnology,NGM
1054,CAI,"Caris Life Sciences, Inc.",8395617280,29.7,27.5,5033899,14.19,33.65,42.5,1750253400.0,1785960000,Healthcare,Biotechnology,NMS
1055,ACM,AECOM,7629124096,59.28,59.46,2902124,56.39,135.52,135.52,1178803800.0,1786392000,Industrials,Engineering & Construction,NYQ
1056,AOS,A. O. Smith Corporation,7662525440,56.38,56.56,2264651,54.16,81.87,92.45,433776600.0,1793277000,Industrials,Specialty Industrial Machinery,NYQ
1057,BOKF,BOK Financial Corporation,7624418816,125.47,126.42,212097,102.72,146.84,146.84,684077400.0,1792440000,Financial Services,Banks - Regional,NMS
1058,PRAX,"Praxis Precision Medicines, Inc.",7255287808,259.86,263.55,517225,50.56,392.7,914.265,1602855000.0,1786019400,Healthcare,Biotechnology,NMS
1059,GIL,Gildan Activewear Inc.,7772501504,41.97,41.9,1225436,39.93,73.7,73.7,898263000.0,1785414600,Consumer Cyclical,Apparel Manufacturing,NYQ
1060,NNN,"NNN REIT, Inc.",7655586816,40.24,40.27,2146862,38.9,50.0,59.26,466176600.0,1793795400,Real Estate,REIT - Retail,NYQ
1061,CBC,"Central Bancompany, Inc.",7764755968,32.42,32.37,589355,22.5,33.818,33.818,1763735400.0,1793104200,Financial Services,Banks - Regional,NMS
1062,ATR,"AptarGroup, Inc.",7653896192,120.38,121.81,542172,103.23,146.91,178.03,735571800.0,1793304000,Healthcare,Medical Instruments & Supplies,NYQ
1063,THG,"The Hanover Insurance Group, Inc.",7637118976,219.33,221.93,199720,166.54,236.07,236.07,813418200.0,1793217600,Financial Services,Insurance - Property & Casualty,NYQ
1064,IDA,"IDACORP, Inc.",7832969728,135.42,134.08,520283,124.12,154.91,154.91,99153000.0,1785414600,Utilities,Utilities - Regulated Electric,NYQ
1065,STN,Stantec Inc.,7515044352,66.86,67.87,191205,65.35,114.52,114.52,1123248600.0,1786564800,Industrials,Engineering & Construction,NYQ
1066,KNSL,"Kinsale Capital Group, Inc.",7675873792,336.98,339.65,343960,287.2,478.71,548.47,1469712600.0,1792699200,Financial Services,Insurance - Property & Casualty,NYQ
1067,CAE,CAE Inc.,7640697344,23.74,23.15,372860,22.76,34.24,34.24,1027949400.0,1786564800,Industrials,Aerospace & Defense,NMS
1068,CHRD,Chord Energy Corporation,7741936640,141.54,142.34,531975,84.25,157.06,190.23,1276781400.0,1785960000,Energy,Oil & Gas E&P,NMS
1069,HQY,"HealthEquity, Inc.",7660263424,92.61,93.05,555906,72.76,107.62,116.65,1406813400.0,1787833800,Healthcare,Health Information Services,NMS
1070,APLD,Applied Digital Corporation,7160527360,23.68,23.85,23535071,19.005,50.725,50.725,1649856600.0,1791403200,Technology,Information Technology Services,NMS
1071,POWL,"Powell Industries, Inc.",6992501760,191.93,189.27,443582,92.59,328.0,328.0,322151400.0,1785787200,Industrials,Electrical Equipment & Parts,NMS
1072,CWEN,"Clearway Energy, Inc.",7445940736,30.19,29.95,821865,28.57,41.74,41.79,1431696600.0,1785960000,Utilities,Utilities - Renewable,NYQ
1073,SLAB,Silicon Laboratories Inc.,7408755200,222.04,221.75,151571,115.51,223.5,223.5,953908200.0,0,Technology,Semiconductors,NMS
1074,WULF,TeraWulf Inc.,6870798848,13.77,13.65,14870610,10.47,29.84,43.98,765552600.0,1785933000,Financial Services,Capital Markets,NCM
1075,NFG,National Fuel Gas Company,7476247552,78.66,78.21,576019,75.03,97.06,97.06,105283800.0,1785355200,Energy,Oil & Gas Integrated,NYQ
1076,SFD,"Smithfield Foods, Inc.",7328011776,18.61,18.88,1759218,18.39,29.805,29.805,1738074600.0,1793104200,Consumer Defensive,Packaged Foods,NMS
1077,VIST,"Vista Energy, S.A.B. de C.V.",7329509888,66.26,67.16,528653,34.6,81.44,81.44,1564147800.0,1793217600,Energy,Oil & Gas E&P,NYQ
1078,AUGO,Aura Minerals Inc.,7650950144,91.26,82.49,1259483,29.11,110.321,110.321,1752672600.0,1793908800,Basic Materials,Gold,NMS
1079,AVAV,"AeroVironment, Inc.",6968026624,137.11,137.6,1249884,134.25,411.16,417.86,1169562600.0,1788984000,Industrials,Aerospace & Defense,NMS
1080,KEX,Kirby Corporation,7193999872,136.25,138.11,445113,79.81,157.69,157.69,322151400.0,1793190600,Industrials,Marine Shipping,NYQ
1081,CEF,Sprott Physical Gold and Silver Trust,7307507712,0.0,40.9,171054,36.16,61.38,61.38,512922600.0,0,N/A,N/A,ASE
1082,EMN,Eastman Chemical Company,7167135744,62.69,63.76,982073,56.11,83.47,130.47,755879400.0,1793304000,Basic Materials,Specialty Chemicals,NYQ
1083,SBSW,Sibanye Stillwater Limited,7233702912,10.0,9.91,4048227,7.87,21.29,21.29,1360593000.0,1788265800,Basic Materials,Other Precious Metals & Mining,NYQ
1084,IONS,"Ionis Pharmaceuticals, Inc.",7524825600,45.28,43.3,4862012,42.63,86.74,86.74,674487000.0,1785328200,Healthcare,Biotechnology,NMS
1085,PLXS,Plexus Corp.,6997242368,262.54,261.38,159847,132.03,307.06,307.06,507997800.0,1785355200,Technology,Electronic Components,NMS
1086,CHWY,"Chewy, Inc.",7616521728,18.95,18.91,6424979,17.4,39.7,120.0,1560519000.0,1788957000,Consumer Cyclical,Internet Retail,NYQ
1087,ALGM,"Allegro MicroSystems, Inc.",6630320640,35.57,36.27,2550674,22.41,71.77,71.77,1603978200.0,1793277000,Technology,Semiconductors,NMS
1088,AAON,"AAON, Inc.",7104205824,86.16,85.95,521762,73.19,150.46,150.46,724516200.0,1786365000,Industrials,Building Products & Equipment,NMS
1089,MORN,"Morningstar, Inc.",7669649920,204.45,202.74,229568,141.49,227.51,365.0,1115127000.0,1793217600,Financial Services,Financial Data & Stock Exchanges,NMS
1090,CAMT,Camtek Ltd.,7131363840,152.81,150.5,245482,91.91,215.99,215.99,964791000.0,1786365000,Technology,Semiconductor Equipment & Materials,NGM
1091,VFS,VinFast Auto Ltd.,7158980608,3.06,3.07,224716,2.78,5.285,93.0,1631021400.0,1792413000,Consumer Cyclical,Auto Manufacturers,NMS
1092,DBX,"Dropbox, Inc.",7471328768,34.36,34.14,2767523,21.695,38.17,43.5,1521811800.0,1786046400,Technology,Software - Infrastructure,NMS
1093,OKLO,Oklo Inc.,6454812672,34.7,34.57,7427445,33.7,193.84,193.84,1625751000.0,1786105800,Utilities,Utilities - Independent Power Producers,NYQ
1094,ACA,"Arcosa, Inc.",7227539456,147.18,146.5,423888,89.132,147.21,147.05,1541428200.0,1785960000,Industrials,Engineering & Construction,NYQ
1095,COMP,"Compass, Inc.",7208183296,9.39,9.52,10618770,6.37,13.955,22.11,1617283800.0,1785873600,Real Estate,Real Estate Services,NYQ
1096,SSD,"Simpson Manufacturing Co., Inc.",7013298176,171.12,171.95,208748,156.32,213.49,218.38,769959000.0,1785182400,Basic Materials,Lumber & Wood Production,NYQ
1097,FSS,Federal Signal Corporation,6932495872,113.57,112.61,264575,101.19,134.51,134.51,322151400.0,1785414600,Industrials,Farm & Heavy Construction Machinery,NYQ
1098,APPF,"AppFolio, Inc.",7161315840,202.2,197.45,378338,142.56,265.02,326.04,1435325400.0,1792699200,Technology,Software - Application,NGM
1099,RIOT,"Riot Platforms, Inc.",6336247296,16.885,16.84,11615748,11.5,30.32,79.5,1459431000.0,1786392000,Financial Services,Capital Markets,NCM
1100,SOBO,South Bow Corporation,6929297920,33.22,33.84,1806970,25.015,39.019,39.019,1727962200.0,1793822400,Energy,Oil & Gas Midstream,NYQ
1101,NCLH,Norwegian Cruise Line Holdings Ltd.,7149554688,15.57,15.49,16389746,13.63,25.13,64.27,1358519400.0,1785414600,Consumer Cyclical,Travel Services,NYQ
1102,AXTA,Axalta Coating Systems Ltd.,6983472640,32.63,32.81,1327844,24.937,38.61,41.655,1415802600.0,1793277000,Basic Materials,Specialty Chemicals,NYQ
1103,SYRE,"Spyre Therapeutics, Inc.",7908450816,85.69,79.9,1116435,18.12,110.175,318.75,1460035800.0,1793736000,Healthcare,Biotechnology,NMS
1104,GTES,Gates Industrial Corporation Ltd.,6751541760,26.67,26.74,1219753,20.88,30.34,30.34,1516890600.0,1793363400,Industrials,Specialty Industrial Machinery,NYQ
1105,STAG,"STAG Industrial, Inc.",7087044096,36.01,35.88,1042915,35.14,42.61,48.27,1302874200.0,1793131200,Real Estate,REIT - Industrial,NYQ
1106,AMRX,"Amneal Pharmaceuticals, Inc.",6934574080,19.91,19.65,1681244,9.56,21.175,24.48,1525699800.0,1793709000,Healthcare,Drug Manufacturers - Specialty & Generic,NMS
1107,SSRM,SSR Mining Inc.,7240819200,35.51,33.62,1956743,18.19,39.44,48.16,838906200.0,1793736000,Basic Materials,Gold,NMS
1108,MSA,MSA Safety Incorporated,6971482624,180.71,178.1,193680,151.11,208.92,208.92,99239400.0,1785441600,Industrials,Security & Protection Services,NYQ
1109,CLF,Cleveland-Cliffs Inc.,7405609472,12.98,12.19,24780945,7.73,16.7,121.95,99153000.0,1792413000,Basic Materials,Steel,NYQ
1110,ALKS,Alkermes plc,6812866048,40.61,40.11,1626918,27.0,55.67,98.5,679671000.0,1785241800,Healthcare,Drug Manufacturers - Specialty & Generic,NMS
1111,TAL,TAL Education Group,7133457920,12.86,12.49,2530102,8.88,13.37,90.96,1287581400.0,1785414600,Consumer Defensive,Education & Training Services,NYQ
1112,VCTR,"Victory Capital Holdings, Inc.",6916136448,112.44,111.72,586896,57.03,123.55,123.55,1518100200.0,1785960000,Financial Services,Asset Management,NMS
1113,PRMB,Primo Brands Corporation,6974655488,19.27,19.34,4510247,14.36,26.21,37.75,708701400.0,1793881800,Consumer Defensive,Beverages - Non-Alcoholic,NYQ
1114,AXS,AXIS Capital Holdings Limited,7058032128,96.73,97.5,499802,88.07,119.99,119.99,1057066200.0,1793217600,Financial Services,Insurance - Specialty,NYQ
1115,VLY,Valley National Bancorp,6973878272,12.62,12.75,4492780,9.64,15.2,20.361885,638202600.0,1792672200,Financial Services,Banks - Regional,NMS
1116,TRNO,Terreno Realty Corporation,7060186624,64.79,64.48,402305,56.01,78.94,86.0,1265812200.0,1793822400,Real Estate,REIT - Industrial,NYQ
1117,NPO,Enpro Inc.,6592674304,311.45,307.68,98067,202.0,390.42,390.42,1022247000.0,1785846600,Industrials,Specialty Industrial Machinery,NYQ
1118,AWI,"Armstrong World Industries, Inc.",6841082880,161.87,163.1,258930,150.28,206.08,206.08,1161178200.0,1793104200,Industrials,Building Products & Equipment,NYQ
1119,ENS,EnerSys,6484888064,179.81,179.31,490841,110.9,244.3,244.3,1091453400.0,1786564800,Industrials,Electrical Equipment & Parts,NYQ
1120,FLR,Fluor Corporation,6777997312,50.68,51.01,1597031,39.33,58.35,101.365,975681000.0,1793968200,Industrials,Engineering & Construction,NYQ
1121,VSXY,Victorias Secret & Co.,6610046464,82.87,86.61,1424779,28.15,102.46,102.46,1626874200.0,1788438600,Consumer Cyclical,Apparel Retail,NYQ
1122,SARO,"StandardAero, Inc.",6674644992,20.17,20.33,3353941,19.851,34.48,34.48,1727875800.0,1786046400,Industrials,Aerospace & Defense,NYQ
1123,BTG,B2Gold Corp.,6935621120,5.25,5.12,16346999,3.57,6.29,7.55,1214314200.0,1786046400,Basic Materials,Gold,ASE
1124,DUOL,"Duolingo, Inc.",6985240064,149.92,151.22,621458,87.89,343.998,544.93,1627479000.0,1793736000,Technology,Software - Application,NMS
1125,ESE,ESCO Technologies Inc.,6679748096,257.83,254.06,154546,193.68,362.15,362.15,654787800.0,1786046400,Technology,Scientific & Technical Instruments,NYQ
1126,CELH,"Celsius Holdings, Inc.",7231741440,28.58,27.4,5045626,23.56,66.74,99.62,1169476200.0,1786019400,Consumer Defensive,Beverages - Non-Alcoholic,NCM
1127,URBN,"Urban Outfitters, Inc.",7039554048,82.18,80.96,808650,59.54,85.43,85.43,752855400.0,1787774400,Consumer Cyclical,Apparel Retail,NMS
1128,QLYS,"Qualys, Inc.",7002719744,202.42,193.86,658712,74.51,204.41,206.35,1348839000.0,1785873600,Technology,Software - Infrastructure,NMS
1129,TAP,Molson Coors Beverage Company,6936086528,37.2,37.92,2281531,35.52,54.82,112.19,171811800.0,1793881800,Consumer Defensive,Beverages - Brewers,NYQ
1130,PDI,PIMCO Dynamic Income Fund,6844212736,14.36,14.33,3607995,13.73,19.93,34.11,1337952600.0,0,Financial Services,Asset Management,NYQ
1131,NICE,NICE Ltd.,6884583424,117.49,117.31,252597,83.1,138.58,319.88,822580200.0,1785933000,Technology,Software - Application,NMS
1132,HIMS,"Hims & Hers Health, Inc.",7214050816,30.92,28.06,15946607,13.74,65.299,72.98,1568381400.0,1786392000,Healthcare,Drug Manufacturers - Specialty & Generic,NYQ
1133,NOV,NOV Inc.,6762389504,18.97,18.99,1935105,12.38,21.93,86.55,846599400.0,1793131200,Energy,Oil & Gas Equipment & Services,NYQ
1134,LB,LandBridge Company LLC,6756428800,86.25,87.46,160151,43.75,91.69,91.69,1719581400.0,1793822400,Energy,Oil & Gas E&P,NYQ
1135,BROS,Dutch Bros Inc.,6673833984,38.05,39.78,4189234,37.4,74.024,86.88,1631712600.0,1785960000,Consumer Cyclical,Restaurants,NYQ
1136,PACS,"PACS Group, Inc.",6855931904,43.3,43.73,763380,10.31,49.49,49.49,1712842200.0,1785873600,Healthcare,Medical Care Facilities,NYQ
1137,CIG,Companhia Energética de Minas Gerais - CEMIG,6865636864,2.4,2.36,5181971,1.87,2.76,10.935273,848327400.0,1794513600,Utilities,Utilities - Regulated Electric,NYQ
1138,PATH,"UiPath, Inc.",7025175040,13.48,13.25,25606832,9.2,19.84,90.0,1619011800.0,1788465600,Technology,Software - Infrastructure,NYQ
1139,MAC,The Macerich Company,6564425728,22.25,22.2,2742173,16.03,26.68,95.93,763309800.0,1785873600,Real Estate,REIT - Retail,NYQ
1140,DSGX,The Descartes Systems Group Inc.,7085131264,82.82,81.35,385873,62.56,98.35,124.31,917447400.0,1789070400,Technology,Software - Application,NMS
1141,ECG,"Everus Construction Group, Inc.",6249534464,122.44,122.17,289311,78.14,171.577,171.577,1730122200.0,1785873600,Industrials,Engineering & Construction,NYQ
1142,TTAN,"ServiceTitan, Inc.",7002604544,72.59,72.93,1669392,53.0,111.36,131.33,1734013800.0,1788897600,Technology,Software - Application,NMS
1143,PL,Planet Labs PBC,6250908672,17.18,17.19,7794477,10.52,51.76,51.76,1619443800.0,1788465600,Industrials,Aerospace & Defense,NYQ
1144,MOS,The Mosaic Company,5957364224,18.74,19.73,13888061,18.68,32.25,163.25,570205800.0,1785873600,Basic Materials,Agricultural Inputs,NYQ
1145,PPC,Pilgrim's Pride Corporation,6821809152,28.65,28.5,998253,25.0,44.84,57.16,567873000.0,1785355200,Consumer Defensive,Packaged Foods,NMS
1146,MATX,"Matson, Inc.",6748313088,225.67,227.79,194840,88.5,240.87,240.87,105283800.0,1785787200,Industrials,Marine Shipping,NYQ
1147,BZ,Kanzhun Limited,6881964544,15.73,15.18,2470443,12.57,23.49,44.96,1623418200.0,1787661000,Communication Services,Internet Content & Information,NMS
1148,CHE,Chemed Corporation,6532627968,499.82,498.25,134462,365.21,557.0,654.62,105283800.0,1793131200,Healthcare,Medical Care Facilities,NYQ
1149,NE,Noble Corporation plc,6762444800,42.36,42.15,662283,26.695,54.98,55.34,1623245400.0,1785182400,Energy,Oil & Gas Drilling,NYQ
1150,LW,"Lamb Weston Holdings, Inc.",6595549696,47.87,49.46,1961597,37.62,67.07,117.382,1478788200.0,1791289800,Consumer Defensive,Packaged Foods,NYQ
1151,MGY,Magnolia Oil & Gas Corporation,6620151296,24.1,24.48,4000471,21.065,32.76,32.76,1498743000.0,1793822400,Energy,Oil & Gas E&P,NYQ
1152,VNO,Vornado Realty Trust,6660382208,33.63,33.81,783560,24.57,41.6,99.90117,322151400.0,1793649600,Real Estate,REIT - Office,NYQ
1153,IMVT,"Immunovant, Inc.",6293660160,30.47,30.26,1494823,16.595,45.42,53.75,1561123800.0,1786019400,Healthcare,Biotechnology,NMS
1154,ETSY,"Etsy, Inc.",7040577536,76.71,75.14,2974813,44.0,87.974,307.75,1429191000.0,1785960000,Consumer Cyclical,Internet Retail,NYQ
1155,MTDR,Matador Resources Company,6717378560,54.28,54.48,759403,37.14,66.84,73.78,1328193000.0,1785960000,Energy,Oil & Gas E&P,NYQ
1156,GLBE,Global-E Online Ltd.,6784202752,40.39,40.15,814049,26.845,43.99,83.77,1620826200.0,1786537800,Consumer Cyclical,Internet Retail,NMS
1157,TBBB,BBB Foods Inc.,6702084608,55.59,53.07,1038127,24.53,55.87,54.74,1707489000.0,1786564800,Consumer Defensive,Discount Stores,NYQ
1158,LNTH,"Lantheus Holdings, Inc.",6539782656,100.15,100.12,973530,50.155,111.86,126.89,1435239000.0,1786019400,Healthcare,Drug Manufacturers - Specialty & Generic,NGM
1159,MTRN,Materion Corporation,5842818048,280.45,277.11,217637,109.61,324.99,324.99,322151400.0,1785933000,Basic Materials,Other Industrial Metals & Mining,NYQ
1160,OR,OR Royalties Inc.,6532356096,34.84,34.18,647011,27.54,48.06,48.06,1467811800.0,1794427200,Basic Materials,Gold,NYQ
1161,HXL,Hexcel Corporation,6424968704,84.96,85.13,834486,60.82,111.74,111.74,322151400.0,1792612800,Industrials,Aerospace & Defense,NYQ
1162,GGAL,Grupo Financiero Galicia S.A.,6237581312,36.81,36.76,805732,31.14,62.52,74.0,964531800.0,1787661000,Financial Services,Banks - Regional,NCM
1163,TEX,Terex Corporation,5791580672,50.67,52.35,1672551,41.7,74.69,96.94,322324200.0,1785414600,Industrials,Farm & Heavy Construction Machinery,NYQ
1164,OMF,"OneMain Holdings, Inc.",6450375168,56.07,56.42,745767,45.78,71.93,71.93,1381930200.0,1793363400,Financial Services,Credit Services,NYQ
1165,INGM,Ingram Micro Holding Corporation,6376622592,27.72,27.6,1177116,19.03,31.69,31.69,1729776600.0,1785441600,Technology,Information Technology Services,NYQ
1166,CIFR,Cipher Digital Inc.,5611215360,13.52,13.5,18485662,11.72,30.14,30.14,1603200600.0,1785846600,Technology,Information Technology Services,NMS
1167,CAG,"Conagra Brands, Inc.",6440281088,13.49,13.57,9144240,12.53,20.32,41.68,322151400.0,1790771400,Consumer Defensive,Packaged Foods,NYQ
1168,TXNM,"TXNM Energy, Inc.",6454470656,58.61,58.58,622798,55.64,59.53,59.53,99153000.0,1785501000,Utilities,Utilities - Regulated Electric,NYQ
1169,RNG,"RingCentral, Inc.",6619532800,79.27,78.35,917297,24.14,81.9,449.0,1380288600.0,1792699200,Technology,Software - Application,NYQ
1170,XMTR,"Xometry, Inc.",6366928896,111.07,106.48,484474,35.86,112.94,112.94,1625059800.0,1785846600,Industrials,Industrial Distribution,NMS
1171,LAD,"Lithia Motors, Inc.",6380379136,290.24,288.87,244364,239.78,439.49,439.49,850919400.0,1792585800,Consumer Cyclical,Auto & Truck Dealerships,NYQ
1172,NXE,NexGen Energy Ltd.,5866928640,8.75,8.67,7153256,7.33,13.96,13.96,1376487000.0,1785873600,Energy,Uranium,NYQ
1173,ST,Sensata Technologies Holding plc,6154711552,42.29,42.23,769491,28.16,53.89,65.58,1268317800.0,1785355200,Technology,Scientific & Technical Instruments,NYQ
1174,ZG,"Zillow Group, Inc.",6717015040,29.87,29.9,1819654,27.25,76.32,212.4,1311168600.0,1793822400,Communication Services,Internet Content & Information,NMS
1175,CVLT,"Commvault Systems, Inc.",6517157888,157.25,151.0,458072,71.75,177.81,200.68,1158931800.0,1793104200,Technology,Software - Application,NMS
1176,TFPM,Triple Flag Precious Metals Corp.,6429353984,31.21,30.62,261064,26.61,41.7,41.7,1661866200.0,1793736000,Basic Materials,Other Precious Metals & Mining,NYQ
1177,ACT,"Enact Holdings, Inc.",6320124416,45.97,46.64,249476,34.64,50.56,50.56,1631799000.0,1793822400,Financial Services,Insurance - Specialty,NMS
1178,FAF,First American Financial Corporation,6248520192,61.2,62.81,893977,56.2,79.87,81.54,1275053400.0,1792612800,Financial Services,Insurance - Specialty,NYQ
1179,XE,"X-Energy, Inc.",5571279360,13.71,13.77,3604327,13.22,37.1,37.1,1777037400.0,1786624200,Industrials,Specialty Industrial Machinery,NMS
1180,GDS,GDS Holdings Limited,6205694464,30.97,30.44,1973688,26.97,48.61,116.76,1478093400.0,1786624200,Technology,Information Technology Services,NGM
1181,MBLY,Mobileye Global Inc.,6036331520,7.1,7.06,3978355,6.47,15.65,48.11,1666791000.0,1784809800,Consumer Cyclical,Auto Parts,NMS
1182,DPC,DPC Holdings PLC,5785991680,38.73,38.84,826838,37.65,57.25,57.25,1782394200.0,1786451400,Industrials,Aerospace & Defense,NYQ
1183,UBSI,"United Bankshares, Inc.",6190439936,45.46,45.7,597510,34.1,49.62,49.62,549811800.0,1784809800,Financial Services,Banks - Regional,NMS
1184,RYTM,"Rhythm Pharmaceuticals, Inc.",6250391552,90.78,89.64,1405324,74.5,122.2,122.2,1507555800.0,1785846600,Healthcare,Biotechnology,NGM
1185,FIGR,"Figure Technology Solutions, Inc.",6403744768,28.54,27.6,4733800,24.11,78.0,78.0,1757597400.0,1786624200,Financial Services,Capital Markets,NMS
1186,BLTE,"Belite Bio, Inc",6221643776,154.49,152.52,158399,77.64,200.0,200.0,1651239000.0,1786624200,Healthcare,Biotechnology,NCM
1187,CAVA,"CAVA Group, Inc.",6265484288,53.64,54.31,1663491,43.41,98.79,172.43,1686835800.0,1786478400,Consumer Cyclical,Restaurants,NYQ
1188,BILI,Bilibili Inc.,6380798976,15.49,14.85,2918455,14.315,36.4,157.66,1522243800.0,1787833800,Communication Services,Internet Content & Information,NMS
1189,BLCO,Bausch + Lomb Corporation,6178958336,17.3,17.15,234317,14.39,18.915,21.95,1651843800.0,1793190600,Healthcare,Medical Instruments & Supplies,NYQ
1190,GRAL,"GRAIL, Inc.",6279178752,140.58,132.61,773493,41.5,166.475,166.475,1718199000.0,1785960000,Healthcare,Diagnostics & Research,NMS
1191,INGR,Ingredion Incorporated,5996753408,95.09,95.11,629044,93.72,123.49,155.44,881850600.0,1785846600,Consumer Defensive,Packaged Foods,NYQ
1192,FNB,F.N.B. Corporation,6022196224,17.06,17.28,7428774,14.46,19.59,35.48,526051800.0,1792440000,Financial Services,Banks - Regional,NYQ
1193,PAGP,"Plains GP Holdings, L.P.",6202471936,26.62,26.57,832662,16.68,28.7,86.88,1381930200.0,1793968200,Energy,Oil & Gas Midstream,NMS
1194,DOX,Amdocs Limited,6143778816,58.84,60.245,1201143,49.74,85.63,99.75,898263000.0,1793736000,Technology,Software - Infrastructure,NMS
1195,ELF,"e.l.f. Beauty, Inc.",6445443584,109.23,105.96,919612,48.82,141.5,221.83,1474551000.0,1785960000,Consumer Defensive,Household & Personal Products,NYQ
1196,SFM,"Sprouts Farmers Market, Inc.",6074150400,65.14,66.01,2749986,61.88,114.34,182.0,1375363800.0,1793217600,Consumer Defensive,Grocery Stores,NMS
1197,RIG,Transocean Ltd.,6154009600,5.51,5.54,15807413,3.08,7.66,187.97885,738595800.0,1785960000,Energy,Oil & Gas Drilling,NYQ
1198,BLDR,"Builders FirstSource, Inc.",5686472704,52.85,53.81,1921695,52.06,131.5,214.7,1119965400.0,1793277000,Industrials,Building Products & Equipment,NYQ
1199,VIPS,Vipshop Holdings Limited,6133949952,12.9,12.72,2773867,12.02,20.49,46.0,1332509400.0,1787661000,Consumer Cyclical,Internet Retail,NYQ
1200,CZR,"Caesars Entertainment, Inc.",6011513856,29.5,29.52,4742104,17.86,30.88,119.81,1411392600.0,1793131200,Consumer Cyclical,Resorts & Casinos,NMS
1201,LUMN,"Lumen Technologies, Inc.",5796722688,5.62,5.75,18142077,5.13,11.95,49.94,322151400.0,1785873600,Communication Services,Telecom Services,NMS
1202,ENIC,Enel Chile S.A.,6197323776,4.48,4.4,458541,3.62,4.74,6.81,1461245400.0,1793217600,Utilities,Utilities - Renewable,NYQ
1203,GATX,GATX Corporation,5817567232,164.78,162.78,140837,150.42,205.56,205.56,99153000.0,1793277000,Industrials,Rental & Leasing Services,NYQ
1204,KNSA,"Kiniksa Pharmaceuticals International, plc",6224755712,79.78,78.75,430275,35.2,82.94,82.94,1527255000.0,1785241800,Healthcare,Drug Manufacturers - Specialty & Generic,NMS
1205,QBTS,D-Wave Quantum Inc.,5531159552,14.57,14.6,10641564,12.75,46.75,46.75,1607697000.0,1786019400,Technology,Computer Hardware,NMS
1206,OGC,OceanaGold Corporation,6139551744,27.6,26.67,601586,20.18,43.33,43.33,1214400600.0,1793822400,Basic Materials,Gold,NYQ
1207,SWX,"Southwest Gas Holdings, Inc.",6095594496,84.14,83.51,599490,76.74,94.47,95.62,99153000.0,1785933000,Utilities,Utilities - Regulated Gas,NYQ
1208,LEA,Lear Corporation,5821801984,118.03,118.53,540075,96.04,150.33,206.36,1257777000.0,1793363400,Consumer Cyclical,Auto Parts,NYQ
1209,IFS,Intercorp Financial Services Inc.,5943812608,53.84,53.0,228571,38.29,61.38,61.38,1561987800.0,1786478400,Financial Services,Banks - Regional,NYQ
1210,ANF,Abercrombie & Fitch Co.,6050293248,142.58,141.41,1002037,65.45,155.22,196.99,843744600.0,1787747400,Consumer Cyclical,Apparel Retail,NYQ
1211,IOVA,"Iovance Biotherapeutics, Inc.",6622441984,14.62,13.31,16965405,1.76,15.3,165.0,1287149400.0,1786019400,Healthcare,Biotechnology,NGM
1212,CRUS,"Cirrus Logic, Inc.",5356063744,106.87,113.2,1210846,106.26,180.42,180.42,613402200.0,1785960000,Technology,Semiconductors,NMS
1213,LYFT,"Lyft, Inc.",6139922944,16.22,16.13,7954309,12.46,25.54,88.6,1553866200.0,1786046400,Technology,Software - Application,NMS
1214,HR,Healthcare Realty Trust Incorporated,5951011840,17.15,17.19,4719791,16.31,22.04,44.19,738509400.0,1793304000,Real Estate,REIT - Healthcare Facilities,NYQ
1215,LGND,Ligand Pharmaceuticals Incorporated,6016765952,301.81,295.0,183043,175.89,326.63,326.63,722097000.0,1786019400,Healthcare,Biotechnology,NGM
1216,KOD,Kodiak Sciences Inc.,6276775424,99.87,94.26,1731645,10.94,104.0,171.21,1538659800.0,0,Healthcare,Biotechnology,NGM
1217,PJT,PJT Partners Inc.,5847744000,137.28,135.8,338750,127.73,195.62,195.62,1442928600.0,1785241800,Financial Services,Capital Markets,NYQ
1218,AVAL,Grupo Aval Acciones y Valores S.A.,5805279744,4.89,4.87,84926,3.35,6.2,13.92,1411479000.0,1786564800,Financial Services,Banks - Regional,NYQ
1219,M,"Macy's, Inc.",5920874496,22.67,22.79,5433483,16.69,26.59,73.61,697300200.0,1789043400,Consumer Cyclical,Department Stores,NYQ
1220,WEX,WEX Inc.,5876691968,172.43,174.41,434177,125.29,203.99,244.04,1108564200.0,0,Technology,Software - Infrastructure,NYQ
1221,HWC,Hancock Whitney Corporation,5808149504,72.4,72.71,748171,54.05,80.13,80.13,676042200.0,1792526400,Financial Services,Banks - Regional,NMS
1222,AGX,"Argan, Inc.",5508256256,392.61,398.66,187357,257.62,805.75,805.75,808752600.0,1788379200,Industrials,Engineering & Construction,NYQ
1223,POOL,Pool Corporation,5797802496,159.54,158.14,682013,152.7,305.63,582.27,813591000.0,1792672200,Industrials,Industrial Distribution,NMS
1224,SGHC,Super Group (SGHC) Limited,5736186880,11.29,11.54,1591583,8.46,15.86,15.86,1606141800.0,1785873600,Consumer Cyclical,Gambling,NYQ
1225,HLNE,Hamilton Lane Incorporated,5741780480,85.67,85.66,411574,71.88,155.66,203.72,1488378600.0,1793709000,Financial Services,Asset Management,NMS
1226,STEP,StepStone Group Inc.,5692601344,44.1,43.91,417138,38.85,77.795,77.795,1600263000.0,1786046400,Financial Services,Asset Management,NMS
1227,CVI,"CVR Energy, Inc.",5832785408,58.02,59.54,635389,19.62,61.09,72.32,1193146200.0,1785355200,Energy,Oil & Gas Refining & Marketing,NYQ
1228,MKTX,MarketAxess Holdings Inc.,5792754688,164.58,164.31,443184,108.75,195.97,606.45,1099665000.0,1785414600,Financial Services,Capital Markets,NMS
1229,INSW,"International Seaways, Inc.",5934841856,119.82,121.82,560166,42.26,122.7494,121.82,1479306600.0,1786365000,Energy,Oil & Gas Midstream,NYQ
1230,WFRD,Weatherford International plc,5572222976,77.92,76.9,611303,60.84,113.15,135.0,1609770600.0,1792526400,Energy,Oil & Gas Equipment & Services,NMS
1231,LSTR,"Landstar System, Inc.",5739073024,169.11,169.47,179634,121.12,228.46,228.46,731341800.0,1793131200,Industrials,Integrated Freight & Logistics,NMS
1232,CROX,"Crocs, Inc.",5512724992,114.98,116.84,847343,73.21,141.28,183.88,1139409000.0,1793277000,Consumer Cyclical,Footwear & Accessories,NMS
1233,VSH,"Vishay Intertechnology, Inc.",5221026816,34.04,34.56,2706181,11.77,69.47,69.47,322151400.0,1793795400,Technology,Semiconductors,NYQ
1234,LOAR,Loar Holdings Inc.,5815243264,62.07,61.62,1012373,53.15,83.43,99.67,1714051800.0,1793881800,Industrials,Aerospace & Defense,NYQ
1235,JOBY,"Joby Aviation, Inc.",5419841024,5.44,5.75,39085631,5.23,18.77,20.95,1604932200.0,1785960000,Industrials,Airports & Air Services,NYQ
1236,CMBT,Cmb.Tech NV,5977497088,20.6,20.81,974402,8.95,20.885,21.26,1422282600.0,1795696200,Energy,Oil & Gas Midstream,NYQ
1237,NOVT,Novanta Inc.,5342894080,141.28,136.33,281814,98.27,176.38,187.61,922285800.0,1785933000,Technology,Scientific & Technical Instruments,NMS
1238,VAL,Valaris Limited,5808305664,83.65,83.96,307723,47.25,114.12,114.12,1620048600.0,1785960000,Energy,Oil & Gas Drilling,NYQ
1239,VFC,V.F. Corporation,5897018368,15.0,14.53,8599889,12.46,22.27,100.25,322151400.0,1793190600,Consumer Cyclical,Apparel Manufacturing,NYQ
1240,LKQ,LKQ Corporation,5525565440,21.84,22.01,2465539,21.17,37.13,60.43,1065447000.0,1793277000,Consumer Cyclical,Auto Parts,NMS
1241,PI,"Impinj, Inc.",5794033152,189.63,183.45,232578,87.36,247.064,247.064,1469107800.0,1793217600,Technology,Semiconductors,NMS
1242,BGC,"BGC Group, Inc.",5458355712,11.48,11.23,2211978,8.27,12.89,57.79743,944836200.0,1785414600,Financial Services,Capital Markets,NMS
1243,HOMB,"Home BancShares, Inc.",5651402240,28.25,28.48,1033661,25.5,31.7,32.91,1151069400.0,1792008000,Financial Services,Banks - Regional,NYQ
1244,ORA,"Ormat Technologies, Inc.",5468307968,88.92,88.64,536417,87.06,146.39,146.39,1100183400.0,1793822400,Utilities,Utilities - Renewable,NYQ
1245,CPB,The Campbell's Company,5729088000,19.21,19.37,7043784,18.6,32.04,67.89,99153000.0,1788438600,Consumer Defensive,Packaged Foods,NMS
1246,AXTI,"AXT, Inc.",4489142272,68.46,71.66,8728062,4.35,143.16,143.16,895757400.0,1793304000,Technology,Semiconductor Equipment & Materials,NMS
1247,GBCI,"Glacier Bancorp, Inc.",5563956736,42.73,42.98,893572,39.9,54.58,67.35,448813800.0,1792699200,Financial Services,Banks - Regional,NYQ
1248,KGS,"Kodiak Gas Services, Inc.",5406032896,53.47,53.57,823110,32.55,77.68,77.68,1688045400.0,1786046400,Energy,Oil & Gas Equipment & Services,NYQ
1249,CGON,"CG Oncology, Inc.",5657028608,63.82,63.26,516483,35.8,80.97,80.97,1706193000.0,1786019400,Healthcare,Biotechnology,NMS
1250,FSV,FirstService Corporation,5665278976,129.73,128.22,78890,119.41,189.05,209.66,1433251800.0,1792672200,Real Estate,Real Estate Services,NMS
1251,CPA,"Copa Holdings, S.A.",5479191040,134.23,134.52,287457,107.44,160.47,162.83,1134657000.0,1785960000,Industrials,Airlines,NYQ
1252,MBGL,"Mobility Global, Inc.",5830400000,18.22,18.08,2215332,16.95,26.0,26.0,1782480600.0,1794486600,Technology,Software - Infrastructure,NYQ
1253,VRNS,"Varonis Systems, Inc.",5756807680,50.12,48.88,1575185,19.7,63.8,75.333336,1393597800.0,1785268800,Technology,Software - Infrastructure,NMS
1254,TTD,"The Trade Desk, Inc.",5711364608,12.08,12.34,10375518,11.62,55.11,141.53,1474464600.0,1786046400,Communication Services,Advertising Agencies,NGM
1255,JBTM,JBT Marel Corporation,5554969600,107.08,105.36,376923,103.26,170.19,177.56,1216733400.0,1785787200,Industrials,Specialty Industrial Machinery,NYQ
1256,PEGA,Pegasystems Inc.,5861036544,35.65,35.49,1170683,25.1,68.1,74.4,837783000.0,1792526400,Technology,Software - Application,NMS
1257,BB,BlackBerry Limited,5230457344,8.91,8.63,8398756,3.12,13.59,148.13,918138600.0,1797537600,Technology,Software - Infrastructure,NYQ
1258,ACI,"Albertsons Companies, Inc.",5916120064,12.19,12.34,6199956,10.86,20.0,37.99,1593178200.0,1791894600,Consumer Defensive,Grocery Stores,NYQ
1259,SXT,Sensient Technologies Corporation,5548913664,130.37,132.03,188314,82.6,138.82,138.82,322151400.0,1793363400,Basic Materials,Specialty Chemicals,NYQ
1260,MTG,MGIC Investment Corporation,5626574336,27.43,27.87,1780909,24.69,31.89,78.95,681571800.0,1793822400,Financial Services,Insurance - Specialty,NYQ
1261,BIRK,Birkenstock Holding plc,5556496896,33.65,33.12,884284,29.93,50.73,64.78,1697031000.0,1786624200,Consumer Cyclical,Footwear & Accessories,NYQ
1262,G,Genpact Limited,5752609280,34.4,34.67,1288971,26.85,48.64,56.76,1186061400.0,1793908800,Technology,Information Technology Services,NYQ
1263,CACC,Credit Acceptance Corporation,5684405248,547.6,542.82,69186,401.9,668.86,703.27,707751000.0,1785873600,Financial Services,Credit Services,NMS
1264,NAVN,"Navan, Inc.",6156104192,23.64,23.08,1960044,8.105,30.88,30.88,1761831000.0,1788984000,Technology,Software - Application,NMS
1265,SNDR,"Schneider National, Inc.",5521978368,31.5,31.73,600915,20.11,39.27,39.27,1491485400.0,1793304000,Industrials,Trucking,NYQ
1266,EPAM,"EPAM Systems, Inc.",5841709568,113.24,113.86,502730,73.06,222.53,725.4,1328711400.0,1793881800,Technology,Information Technology Services,NYQ
1267,EPRT,"Essential Properties Realty Trust, Inc.",5501378048,25.37,25.05,1657026,24.62,34.73,34.879,1529587800.0,1792612800,Real Estate,REIT - Retail,NYQ
1268,ESNT,Essent Group Ltd.,5616382464,62.49,63.59,559769,55.34,70.37,70.37,1383226200.0,1786105800,Financial Services,Insurance - Specialty,NYQ
1269,RDNT,"RadNet, Inc.",5580458496,70.91,68.21,507435,50.82,85.84,93.65,852301800.0,1786305600,Healthcare,Diagnostics & Research,NGM
1270,RUSHA,"Rush Enterprises, Inc.",5196838400,44.52,45.16,679034,30.446667,55.74,55.74,1065533400.0,1793131200,Consumer Cyclical,Auto & Truck Dealerships,NMS
1271,MUR,Murphy Oil Corporation,5544761344,38.68,38.6,849424,26.49,43.34,87.62521,322151400.0,1793822400,Energy,Oil & Gas E&P,NYQ
1272,MMED,"MiniMed Group, Inc.",5545406464,19.71,19.8,18395551,10.65,24.43,24.43,1772807400.0,1788265800,Healthcare,Medical Instruments & Supplies,NMS
1273,DLB,"Dolby Laboratories, Inc.",5502105088,58.74,58.45,583877,48.26,69.95,104.74,1108650600.0,1785441600,Industrials,Specialty Business Services,NYQ
1274,BXSL,Blackstone Secured Lending Fund,5558665728,23.86,24.11,1136999,22.47,28.59,38.32,1635427800.0,0,Financial Services,Asset Management,NYQ
1275,BEPC,Brookfield Renewable Corporation,5500599808,29.63,29.38,1420518,27.57,45.18,63.31,1595597400.0,1793795400,Utilities,Utilities - Renewable,NYQ
1276,VIRT,"Virtu Financial, Inc.",5078172160,57.51,57.81,749998,31.55,68.76,68.76,1429191000.0,1793881800,Financial Services,Capital Markets,NYQ
1277,HAFN,Hafnia Limited,5738750464,10.72,10.85,4177888,5.17,10.895,10.895,1712755800.0,1795032000,Industrials,Marine Shipping,NYQ
1278,CHDN,Churchill Downs Incorporated,5573231104,79.96,76.16,1845656,73.09,118.35,150.45,733415400.0,1793217600,Consumer Cyclical,Gambling,NMS
1279,OTEX,Open Text Corporation,5749884928,23.695,23.24,1075601,19.78,39.9,55.25,822493800.0,1793881800,Technology,Software - Application,NMS
1280,AUB,Atlantic Union Bankshares Corporation,5398403072,37.8,37.92,856247,30.87,43.62,44.54,749914200.0,1792499400,Financial Services,Banks - Regional,NYQ
1281,ASB,Associated Banc-Corp,5410542592,28.65,28.76,1114573,23.86,32.46,35.46,322151400.0,1792699200,Financial Services,Banks - Regional,NYQ
1282,CORZ,"Core Scientific, Inc.",4951856128,15.41,15.36,6922948,13.355,30.46,30.46,1706106600.0,1785241800,Technology,Software - Infrastructure,NMS
1283,STVN,Stevanato Group S.p.A.,5298647552,19.4,19.21,267097,12.89,27.99,36.3,1626442200.0,1785846600,Healthcare,Medical Instruments & Supplies,NYQ
1284,FTDR,"Frontdoor, Inc.",5497686528,79.8,79.59,541408,48.47,93.43,93.43,1536845400.0,1793881800,Consumer Cyclical,Personal Services,NMS
1285,WPP,WPP plc,5474594816,25.38,24.9748,246615,14.81,27.78,123.33,567786600.0,1786019400,Communication Services,Advertising Agencies,NYQ
1286,BKH,Black Hills Corporation,5801339392,76.08,76.52,1809870,59.91,78.69,87.12,99239400.0,1793822400,Utilities,Utilities - Regulated Gas,NYQ
1287,GVA,Granite Construction Incorporated,4998025216,112.5,113.83,451998,97.26,162.08,162.08,640618200.0,1785414600,Industrials,Engineering & Construction,NYQ
1288,MWH,"SOLV Energy, Inc.",5304555520,26.21,25.69,1192917,23.36,48.4,48.4,1770906600.0,1786624200,Utilities,Utilities - Renewable,NMS
1289,RYN,Rayonier Inc.,5679756288,18.98,18.6,4444734,17.71,26.45,45.87,761495400.0,1785960000,Real Estate,REIT - Specialty,NYQ
1290,CAKE,The Cheesecake Factory Incorporated,5396540416,108.45,106.91,1136955,43.07,118.46,118.46,716823000.0,1793131200,Consumer Cyclical,Restaurants,NMS
1291,AROC,"Archrock, Inc.",5309240320,30.28,30.34,991928,22.88,42.23,92.75,1187703000.0,1785873600,Energy,Oil & Gas Equipment & Services,NYQ
1292,ACMR,"ACM Research, Inc.",4970863616,71.37,70.8,555318,28.46,127.19,127.19,1509629400.0,1786105800,Technology,Semiconductor Equipment & Materials,NGM
1293,EXLS,"ExlService Holdings, Inc.",5577823744,36.79,36.87,1515993,24.85,43.88,52.43,1161351000.0,1793131200,Technology,Information Technology Services,NMS
1294,CRGY,Crescent Energy Company,4980483072,12.66,13.01,41805696,7.68,15.47,19.65,1638973800.0,1785787200,Energy,Oil & Gas E&P,NYQ
1295,WH,"Wyndham Hotels & Resorts, Inc.",5496075264,74.06,73.36,983075,66.87,90.35,113.07,1526909400.0,1792612800,Consumer Cyclical,Lodging,NYQ
1296,ABCB,Ameris Bancorp,5302813696,79.02,79.66,334506,68.8,93.22,93.22,769354200.0,1792699200,Financial Services,Banks - Regional,NYQ
1297,GXO,"GXO Logistics, Inc.",5339714048,46.56,46.36,586393,43.61,66.85,105.92,1626960600.0,1793736000,Industrials,Integrated Freight & Logistics,NYQ
1298,BBUC,Brookfield Business Corporation,5479138816,26.67,26.24,272472,24.8,38.25,38.25,1646663400.0,1793881800,Industrials,Conglomerates,NYQ
1299,PTCT,"PTC Therapeutics, Inc.",5399913472,64.7,62.56,1167194,61.23,90.87,90.87,1371735000.0,1785441600,Healthcare,Biotechnology,NMS
1300,ROAD,"Construction Partners, Inc.",4926949888,86.81,88.33,494033,85.22,151.0,151.0,1525440600.0,1786105800,Industrials,Engineering & Construction,NMS
1301,OCTV,Octave Intelligence plc,5508343808,20.52,20.04,1052285,15.41,30.0,30.0,1779370200.0,1794486600,Technology,Software - Application,NMS
1302,PSMT,"PriceSmart, Inc.",5211725312,168.88,167.22,220346,111.68,199.84,199.84,873207000.0,1793044800,Consumer Defensive,Discount Stores,NMS
1303,ORKA,"Oruka Therapeutics, Inc.",5436478464,82.11,77.28,1206680,24.46,115.52,75932640.0,871047000.0,1786365000,Healthcare,Biotechnology,NGM
1304,MAAS,Maase Inc.,5112067584,11.56,12.29,88599,2.85,24.9,888.0,1553866200.0,0,Technology,Information Technology Services,NGM
1305,TFX,Teleflex Incorporated,5301634048,125.12,124.19,424660,100.18,145.0,449.38,322151400.0,1786019400,Healthcare,Medical Instruments & Supplies,NYQ
1306,EXP,Eagle Materials Inc.,5052225536,164.7,167.3,368080,164.09,245.53,321.93,766157400.0,1785328200,Basic Materials,Building Materials,NYQ
1307,LAUR,"Laureate Education, Inc.",5436967424,39.47,39.2,846847,24.977,40.925,40.925,1485959400.0,1793277000,Consumer Defensive,Education & Training Services,NMS
1308,PECO,"Phillips Edison & Company, Inc.",5314146816,37.57,37.39,847374,32.98,44.375,44.375,1614263400.0,1793044800,Real Estate,REIT - Retail,NMS
1309,RRR,"Red Rock Resorts, Inc.",5049412096,49.51,50.37,486062,47.495,68.99,68.99,1461763800.0,1785873600,Consumer Cyclical,Resorts & Casinos,NMS
1310,BCPC,Balchem Corporation,5350088192,167.83,168.63,264221,140.35,183.9,186.03,518189400.0,1792758600,Basic Materials,Specialty Chemicals,NMS
1311,VEON,VEON Ltd.,5289227776,76.81,77.07,140433,42.6,78.83,1137.0,848068200.0,1793968200,Communication Services,Telecom Services,NMS
1312,CRSP,CRISPR Therapeutics AG,5162420736,53.39,50.44,1465256,44.12,75.16,220.2,1476883800.0,1785787200,Healthcare,Biotechnology,NGM
1313,TVTX,"Travere Therapeutics, Inc.",4913358848,52.125,52.04,1169383,22.59,68.73,68.73,1352385000.0,1785873600,Healthcare,Biotechnology,NGM
1314,COGT,"Cogent Biosciences, Inc.",5379274240,31.0,30.08,2522126,13.78,43.73,70.64,1522330200.0,1786365000,Healthcare,Biotechnology,NMS
1315,SRRK,Scholar Rock Holding Corporation,5138120704,42.19,42.2,1258329,27.07,61.76,70.0,1527255000.0,1786019400,Healthcare,Biotechnology,NMS
1316,SAIC,Science Applications International Corporation,5641935872,134.66,129.34,656220,81.08,142.66,156.34,1379338200.0,1788179400,Technology,Information Technology Services,NMS
1317,CWST,"Casella Waste Systems, Inc.",5331763200,83.78,84.05,556005,74.05,107.96,121.24,878135400.0,1786046400,Industrials,Waste Management,NMS
1318,IRDM,Iridium Communications Inc.,5030944256,47.47,47.56,885024,15.65,57.18,68.34,1206019800.0,1784723400,Communication Services,Telecom Services,NMS
1319,NJR,New Jersey Resources Corporation,5196173312,51.21,51.01,566093,43.46,60.86,60.86,322151400.0,1785787200,Utilities,Utilities - Regulated Gas,NYQ
1320,AN,"AutoNation, Inc.",5203109888,157.38,157.07,379550,152.86,235.81,235.81,642432600.0,1785501000,Consumer Cyclical,Auto & Truck Dealerships,NYQ
1321,SHC,Sotera Health Company,5153868288,18.06,17.83,1595050,13.09,19.85,30.38,1605882600.0,1786019400,Healthcare,Diagnostics & Research,NMS
1322,USAR,"USA Rare Earth, Inc.",4710962176,12.56,12.63,10893750,11.45,43.98,43.98,1689600600.0,1786392000,Basic Materials,Other Industrial Metals & Mining,NGM
1323,OLLI,"Ollie's Bargain Outlet Holdings, Inc.",5068807168,85.33,86.71,1426469,60.29,133.28,141.74,1437053400.0,1788352200,Consumer Defensive,Discount Stores,NGM
1324,POR,Portland General Electric Company,5338215424,45.39,45.35,1118710,43.15,54.62,63.08,1143815400.0,1793277000,Utilities,Utilities - Regulated Electric,NYQ
1325,HRB,"H&R Block, Inc.",5395819520,44.05,44.59,1494695,28.16,58.67,68.45,99153000.0,1786478400,Consumer Cyclical,Personal Services,NYQ
1326,MTN,"Vail Resorts, Inc.",5203822080,146.03,146.09,720214,118.51,163.34,376.24,855066600.0,1790625600,Consumer Cyclical,Resorts & Casinos,NYQ
1327,RLI,RLI Corp.,5112671744,55.71,56.3,699037,47.26,67.12,91.145,322151400.0,1792440000,Financial Services,Insurance - Property & Casualty,NYQ
1328,GRFS,"Grifols, S.A.",5077130240,7.46,7.41,330560,6.96,9.9,25.73,1307021400.0,1785268800,Healthcare,Drug Manufacturers - General,NMS
1329,MAIN,Main Street Capital Corporation,5025144832,53.74,54.47,431391,48.95,65.23,67.77,1191936600.0,1786046400,Financial Services,Asset Management,NYQ
1330,KLIC,"Kulicke and Soffa Industries, Inc.",4814801920,92.01,90.92,262826,35.02,135.8,135.8,99153000.0,1785960000,Technology,Semiconductor Equipment & Materials,NMS
1331,OUT,OUTFRONT Media Inc.,5280534528,29.98,29.58,1084310,16.97,34.96,36.567623,1396013400.0,1785960000,Real Estate,REIT - Specialty,NYQ
1332,GLNG,Golar LNG Limited,4892488192,47.92,48.42,1256012,35.02,57.79,74.44,1058275800.0,1786624200,Energy,Oil & Gas Midstream,NMS
1333,MIRM,"Mirum Pharmaceuticals, Inc.",5584819200,86.01,81.35,1139676,63.232,130.0,130.0,1563456600.0,1785960000,Healthcare,Biotechnology,NGM
1334,IBP,"Installed Building Products, Inc.",4928842240,185.44,187.83,345235,178.54,349.0,349.0,1392301800.0,1786019400,Consumer Cyclical,Residential Construction,NYQ
1335,ACIW,"ACI Worldwide, Inc.",5135592960,50.87,51.07,426215,38.05,61.08,61.08,793636200.0,1786019400,Technology,Software - Infrastructure,NMS
1336,BYD,Boyd Gaming Corporation,5008137728,68.93,70.0,1018841,65.0,91.41,91.41,750691800.0,1792699200,Consumer Cyclical,Resorts & Casinos,NYQ
1337,RGTI,"Rigetti Computing, Inc.",4682775040,14.03,14.14,10159090,12.53,58.15,58.15,1619098200.0,1786046400,Technology,Computer Hardware,NCM
1338,UEC,Uranium Energy Corp.,4554422784,9.19,9.14,6438489,8.91,20.34,20.34,1175779800.0,1790685000,Energy,Uranium,ASE
1339,AX,"Axos Financial, Inc.",5028521984,88.44,88.46,212193,74.89,105.74,105.74,1110983400.0,1793304000,Financial Services,Banks - Regional,NYQ
1340,SIGI,"Selective Insurance Group, Inc.",5016911360,84.22,85.13,253423,72.78,100.4,109.58,322151400.0,1784836800,Financial Services,Insurance - Property & Casualty,NMS
1341,MRCY,"Mercury Systems, Inc.",4838046208,79.49,78.52,294169,65.04,128.45,128.45,886170600.0,1787083200,Industrials,Aerospace & Defense,NMS
1342,MMSI,"Merit Medical Systems, Inc.",5207345664,87.21,85.25,478987,59.74,94.75,111.45,642691800.0,1793304000,Healthcare,Medical Instruments & Supplies,NMS
1343,MYRG,MYR Group Inc.,4851845632,311.63,310.81,168002,190.14,503.57,503.57,1218634200.0,1785355200,Industrials,Engineering & Construction,NMS
1344,BLSH,Bullish,4942219776,32.59,31.41,923004,20.55,62.09,118.0,1755091800.0,1786624200,Technology,Software - Infrastructure,NYQ
1345,RSI,"Rush Street Interactive, Inc.",4616268800,18.9,20.32,2672505,15.51,34.53,34.53,1587994200.0,1793217600,Consumer Cyclical,Gambling,NYQ
1346,KLAR,Klarna Group plc,5330990592,14.06,13.46,7466034,12.06,40.08,47.48,1757597400.0,1787056200,Financial Services,Credit Services,NYQ
1347,NIQ,NIQ Global Intelligence plc,5335751680,18.09,17.91,992270,7.93,19.69,20.39,1753277400.0,1786392000,N/A,N/A,NYQ
1348,CNO,"CNO Financial Group, Inc.",4902707200,52.99,53.55,665268,38.22,57.59,57.59,1063200600.0,1785441600,Financial Services,Insurance - Life,NYQ
1349,DIOD,Diodes Incorporated,4372148736,94.94,96.24,354765,42.28,125.99,125.99,99153000.0,1785960000,Technology,Semiconductors,NMS
1350,ERAS,"Erasca, Inc.",5606685696,16.03,15.46,7586512,2.105,24.28,24.47,1626442200.0,0,Healthcare,Biotechnology,NMS
1351,WAY,Waystar Holding Corp.,5115847680,26.68,26.48,1316418,17.26,40.35,48.11,1717767000.0,1785355200,Healthcare,Health Information Services,NMS
1352,DOCS,"Doximity, Inc.",5436502528,30.5,29.38,4940945,17.15,71.37,107.79,1624541400.0,1786046400,Healthcare,Health Information Services,NYQ
1353,FND,"Floor & Decor Holdings, Inc.",4845293568,45.5,46.5,1976199,42.64,77.46,145.89,1493299800.0,1793304000,Consumer Cyclical,Home Improvement Retail,NYQ
1354,CLMT,"Calumet, Inc.",4959218176,56.42,57.75,1000178,17.45,59.87,59.87,1138285800.0,1793968200,Basic Materials,Specialty Chemicals,NMS
1355,OBDC,Blue Owl Capital Corporation,5017647616,10.11,10.17,2710989,9.815,13.575,19.19,1563456600.0,1793822400,Financial Services,Asset Management,NYQ
1356,WFG,West Fraser Timber Co. Ltd.,5031020544,64.25,64.21,100704,57.34,76.99,102.96,1234535400.0,1793217600,Basic Materials,Lumber & Wood Production,NYQ
1357,CE,Celanese Corporation,4940896768,45.02,44.81,1049141,35.13,70.7,176.5,1106317800.0,1793649600,Basic Materials,Chemicals,NYQ
1358,KRG,Kite Realty Group Trust,4906248704,23.91,23.79,1916716,21.38,29.92,87.2,1092317400.0,1793363400,Real Estate,REIT - Retail,NYQ
1359,RELY,"Remitly Global, Inc.",5107935744,24.13,23.52,2015018,12.08,27.479,53.65,1632403800.0,1785960000,Technology,Software - Infrastructure,NMS
1360,CNX,CNX Resources Corporation,5034521600,34.03,33.83,1662508,30.78,43.62,99.25,925479000.0,1793277000,Energy,Oil & Gas E&P,NYQ
1361,KVYO,"Klaviyo, Inc.",5183526400,17.32,17.57,3746595,12.53,33.355,49.55,1695216600.0,1785960000,Technology,Software - Application,NYQ
1362,OZK,Bank OZK,4842360320,44.41,44.86,1504875,42.37,53.39,56.86,869146200.0,1792526400,Financial Services,Banks - Regional,NMS
1363,BETA,"BETA Technologies, Inc.",4908083200,20.98,20.5,1320984,13.43,39.5,39.5,1762266600.0,1786537800,Industrials,Aerospace & Defense,NYQ
1364,STWD,"Starwood Property Trust, Inc.",4826863616,12.71,12.75,4600387,12.42,19.06,27.01,1250083800.0,1786019400,Real Estate,REIT - Mortgage,NYQ
1365,GTX,Garrett Motion Inc.,4893586944,26.24,25.75,1249367,12.264,36.25,36.25,1537191000.0,1785328200,Consumer Cyclical,Auto Parts,NMS
1366,GHC,Graham Holdings Company,4968248320,1173.16,1184.62,18659,929.76,1262.35,1262.35,99153000.0,1785414600,Industrials,Conglomerates,NYQ
1367,HCC,"Warrior Met Coal, Inc.",4914290176,93.07,89.8,556846,61.87,111.42,111.42,1492090200.0,1785960000,Basic Materials,Coking Coal,NYQ
1368,SBRA,"Sabra Health Care REIT, Inc.",4843573760,18.96,18.84,1393547,17.17,22.77,72.39,1017757800.0,1785787200,Real Estate,REIT - Healthcare Facilities,NMS
1369,MDA,MDA Space Ltd.,4563981824,28.15,27.33,1142589,23.23,49.37,49.37,1773322200.0,1786105800,Industrials,Aerospace & Defense,NYQ
1370,NXST,"Nexstar Media Group, Inc.",4974000128,161.45,162.11,301027,153.17,254.3,254.3,1069770600.0,1793881800,Communication Services,Broadcasting,NMS
1371,CSW,"CSW Industrials, Inc.",4685843968,287.59,286.62,79516,230.96,355.483,436.5,1443619800.0,1785414600,Industrials,Specialty Industrial Machinery,NYQ
1372,EQPT,EquipmentShare.com Inc.,3822176512,15.085,15.66,4929363,14.2,35.5,35.5,1769178600.0,1786564800,Industrials,Rental & Leasing Services,NMS
1373,WTM,"White Mountains Insurance Group, Ltd.",4918148608,2060.63,2059.77,20162,1830.13,2333.0,2333.0,498922200.0,1786019400,Financial Services,Insurance - Property & Casualty,NYQ
1374,EBC,"Eastern Bankshares, Inc.",4805598208,21.03,21.08,3648356,16.615,23.775,23.775,1602768600.0,1792699200,Financial Services,Banks - Regional,NMS
1375,RITM,Rithm Capital Corp.,4824636928,8.64,8.62,5005717,8.4,12.15,18.75,1367501400.0,1785241800,Real Estate,REIT - Mortgage,NYQ
1376,GOLF,Acushnet Holdings Corp.,4624511488,79.18,79.14,409651,75.16,119.65,119.65,1477661400.0,1786019400,Consumer Cyclical,Leisure,NYQ
1377,MIDD,The Middleby Corporation,4791307776,105.95,105.4,417478,89.15527,148.55,161.97908,555600600.0,1786451400,Industrials,Specialty Industrial Machinery,NMS
1378,FLG,"Flagstar Bank, National Association",4698850816,11.32,11.35,5867439,10.57,15.44,106.71,754065000.0,1792758600,Financial Services,Banks - Regional,NYQ
1379,BOX,"Box, Inc.",4992735744,36.39,36.31,1272393,21.34,36.87,38.8,1422023400.0,1787688000,Technology,Software - Infrastructure,NYQ
1380,HGTY,"Hagerty, Inc.",4882878464,14.21,14.2,219466,9.36,14.355,19.97,1622554200.0,1785933000,Financial Services,Insurance - Property & Casualty,NYQ
1381,BLLN,"BillionToOne, Inc.",4628576768,98.09,95.41,325029,61.96,150.44,150.44,1762439400.0,1785960000,Healthcare,Diagnostics & Research,NMS
1382,VSEC,VSE Corporation,4872921088,173.63,169.97,375835,154.76,247.85,247.85,404141400.0,1785960000,Industrials,Aerospace & Defense,NMS
1383,DFTX,"Definium Therapeutics, Inc.",4958140416,36.9,34.18,2770064,10.465,49.7,86.55,1479220200.0,1786046400,Healthcare,Biotechnology,NMS
1384,SYNA,Synaptics Incorporated,4757020160,119.82,119.08,2009021,58.28,149.11,299.39,1012314600.0,1786046400,Technology,Semiconductors,NMS
1385,DNTH,"Dianthus Therapeutics, Inc.",4607314944,82.37,82.43,738864,32.22,117.88,336.0,1529587800.0,1785873600,Healthcare,Biotechnology,NCM
1386,RXO,"RXO, Inc.",4797067264,29.08,28.93,1926876,10.425,29.9,32.82,1666877400.0,1786019400,Industrials,Trucking,NYQ
1387,REYN,Reynolds Consumer Products Inc.,4639509504,22.01,21.98,966231,20.44,27.32,36.0,1580481000.0,1785328200,Consumer Cyclical,Packaging & Containers,NMS
1388,SON,Sonoco Products Company,4738089984,47.92,48.4,694442,38.65,60.67,69.83,322151400.0,1792612800,Consumer Cyclical,Packaging & Containers,NYQ
1389,IEP,Icahn Enterprises L.P.,4663602688,6.56,6.64,913810,6.51,9.32,149.77,554045400.0,1785933000,Energy,Oil & Gas Refining & Marketing,NMS
1390,MEOH,Methanex Corporation,4804320768,62.1,62.04,684716,32.0,66.75,83.23,706282200.0,1793304000,Basic Materials,Chemicals,NMS
1391,LPX,Louisiana-Pacific Corporation,4593268736,65.69,65.06,881660,62.18,100.34,122.87,322151400.0,1793709000,Industrials,Building Products & Equipment,NYQ
1392,NSIT,"Insight Enterprises, Inc.",4801618432,163.605,161.37,238813,63.62,168.5,228.07,790957800.0,1786019400,Technology,Electronics & Computer Distribution,NMS
1393,HAE,Haemonetics Corporation,5400045056,118.69,119.47,1225339,48.17,121.1925,142.11,673882200.0,1793881800,Healthcare,Medical Devices,NYQ
1394,PRM,"Perimeter Solutions, Inc.",4542312448,27.75,27.7,532185,19.7,38.17,38.17,1636468200.0,1785501000,Basic Materials,Specialty Chemicals,NYQ
1395,CRC,California Resources Corporation,4703901696,52.96,53.05,639406,43.245,71.98,71.98,1603891800.0,1793649600,Energy,Oil & Gas E&P,NYQ
1396,SKY,"Champion Homes, Inc.",4322327040,79.63,81.47,468577,63.69,99.17,116.49,105283800.0,1785873600,Consumer Cyclical,Residential Construction,NYQ
1397,FBIN,"Fortune Brands Innovations, Inc.",4653636096,39.01,39.31,1284371,32.34,64.84,97.44444,1316179800.0,1785873600,Industrials,Building Products & Equipment,NYQ
1398,TPC,Tutor Perini Corporation,4385961984,83.36,84.24,228938,57.9,102.3,102.3,105283800.0,1785960000,Industrials,Engineering & Construction,NYQ
1399,DK,"Delek US Holdings, Inc.",4562409472,74.51,76.6,1150338,25.85,82.27,82.27,1146749400.0,1785933000,Energy,Oil & Gas Refining & Marketing,NYQ
1400,MANE,"Veradermics, Incorporated",5469019648,130.9,126.63,1113791,32.0,136.72,136.72,1770215400.0,1786451400,Healthcare,Biotechnology,NYQ
1401,HASI,"HA Sustainable Infrastructure Capital, Inc.",4688811520,36.49,36.35,636015,27.28,44.13,72.42,1366291800.0,1786046400,Financial Services,Asset Management,NYQ
1402,GEF,"Greif, Inc.",4651316224,81.82,81.88,309075,55.75,90.57,90.57,825517800.0,1793736000,Consumer Cyclical,Packaging & Containers,NYQ
1403,OPCH,"Option Care Health, Inc.",4654083072,31.07,31.05,6102088,18.01,36.8,91.8,840115800.0,1793795400,Healthcare,Medical Care Facilities,NMS
1404,BIPC,Brookfield Infrastructure Corporation,4595863040,37.36,37.13,736869,34.18,51.72,53.733334,1585661400.0,1793968200,Utilities,Utilities - Regulated Gas,NYQ
1405,CHH,"Choice Hotels International, Inc.",4806144000,105.64,104.82,369374,84.04,123.82,157.86,845472600.0,1793622600,Consumer Cyclical,Lodging,NYQ
1406,CON,"Concentra Group Holdings Parent, Inc.",4742384640,37.19,36.61,778318,18.545,37.255,36.945,1721914200.0,1793908800,Healthcare,Medical Care Facilities,NYQ
1407,ADT,ADT Inc.,4697495552,6.43,6.5,5811821,6.03,8.886,17.21,1516372200.0,1785414600,Industrials,Security & Protection Services,NYQ
1408,TFSL,TFS Financial Corporation,4506715136,16.07,16.19,688518,12.54,19.49,22.54,1177335000.0,1785441600,Financial Services,Banks - Regional,NMS
1409,PIPR,Piper Sandler Companies,4613356544,65.28,64.38,540118,62.69,95.065,95.065,1073053800.0,1785414600,Financial Services,Capital Markets,NYQ
1410,PRIM,Primoris Services Corporation,4535712768,83.6,82.66,1543640,65.0,205.5,205.5,1218029400.0,1785873600,Industrials,Engineering & Construction,NYQ
1411,OMAB,"Grupo Aeroportuario del Centro Norte, S.A.B. de C.V.",4357921792,90.28,90.43,250102,88.22,134.99,134.99,1164810600.0,1785182400,Industrials,Airports & Air Services,NMS
1412,SR,Spire Inc.,4635626496,78.42,77.99,331855,74.84,95.31,95.31,99153000.0,1785933000,Utilities,Utilities - Regulated Gas,NYQ
1413,AMTM,"Amentum Holdings, Inc.",4716529152,19.29,18.97,1270664,17.72,38.11,38.11,1727184600.0,1786392000,Industrials,Specialty Business Services,NYQ
1414,TREX,"Trex Company, Inc.",4561523200,44.78,44.44,1368421,29.77,54.3,140.98,923578200.0,1793795400,Industrials,Building Products & Equipment,NYQ
1415,LFST,"LifeStance Health Group, Inc.",4721514496,12.42,12.06,1799517,4.77,13.56,29.811,1623331800.0,1786019400,Healthcare,Medical Care Facilities,NMS
1416,MAT,"Mattel, Inc.",4768333312,16.69,16.58,8321306,12.4,22.48,48.48,203866200.0,1785873600,Consumer Cyclical,Leisure,NMS
1417,OGS,"ONE Gas, Inc.",4557079552,72.5,72.36,662903,70.37,90.78,96.97,1389882600.0,1793649600,Utilities,Utilities - Regulated Gas,NYQ
1418,HRI,Herc Holdings Inc.,4127446016,123.46,123.86,471838,88.45,188.35,246.88,1163687400.0,1785241800,Industrials,Rental & Leasing Services,NYQ
1419,FFIN,"First Financial Bankshares, Inc.",4410187264,30.77,31.43,1013070,28.12,36.52,55.0,752164200.0,1784232000,Financial Services,Banks - Regional,NMS
1420,GNTX,Gentex Corporation,4432777216,21.04,21.15,2061182,20.48,26.99,37.9,377879400.0,1792758600,Consumer Cyclical,Auto Parts,NMS
1421,CUZ,Cousins Properties Incorporated,4546999296,27.62,27.72,1223634,21.03,32.95,115.03175,322151400.0,1793304000,Real Estate,REIT - Office,NYQ
1422,UNF,UniFirst Corporation,4717256192,260.85,259.6,324417,147.66,306.67,306.67,443111400.0,1792585800,Industrials,Specialty Business Services,NYQ
1423,CIGI,Colliers International Group Inc.,4425590784,86.6,86.44,135307,83.7,171.51,171.51,790612200.0,1793795400,Real Estate,Real Estate Services,NMS
1424,CHEF,"The Chefs' Warehouse, Inc.",4663808512,114.32,111.4,352749,56.08,118.51,118.51,1311859800.0,1785328200,Consumer Defensive,Food Distribution,NMS
1425,ENVA,"Enova International, Inc.",4433653248,178.07,182.59,234365,103.02,267.45,267.45,1415889000.0,1792699200,Financial Services,Credit Services,NYQ
1426,TKC,Turkcell Iletisim Hizmetleri A.S.,4370296832,5.02,5.12,1480166,4.82,7.18,38.508396,963322200.0,1786647600,Communication Services,Telecom Services,NYQ
1427,ESAB,ESAB Corporation,4153789440,66.85,64.88,1093148,62.74,137.42,137.42,1648560600.0,1793795400,Industrials,Metal Fabrication,NYQ
1428,PSN,Parsons Corporation,4814787072,45.08,43.02,1183493,36.26,88.0,114.68,1557322200.0,1793190600,Technology,Information Technology Services,NYQ
1429,RDN,Radian Group Inc.,4488984064,33.93,34.17,2100294,30.53,41.05,67.35,720455400.0,1793822400,Financial Services,Insurance - Specialty,NYQ
1430,BWIN,"The Baldwin Insurance Group, Inc.",4483387392,31.87,31.85,3392302,15.88,32.705,55.82,1571923800.0,1785441600,Financial Services,Insurance Brokers,NMS
1431,ENPH,"Enphase Energy, Inc.",4335666176,32.81,32.91,3583545,25.78,73.74,339.92,1333114200.0,1793131200,Technology,Solar,NGM
1432,WHD,"Cactus, Inc.",4423174656,63.43,63.22,257501,33.2,74.07,74.07,1518100200.0,1785355200,Energy,Oil & Gas Equipment & Services,NYQ
1433,OII,"Oceaneering International, Inc.",4459923456,44.81,44.58,330849,22.02,54.25,87.64,183997800.0,1792612800,Energy,Oil & Gas Equipment & Services,NYQ
1434,HTFL,"Heartflow, Inc.",4325073408,49.74,47.63,800889,20.13,54.32,54.32,1754919000.0,1786651200,Healthcare,Health Information Services,NMS
1435,NNI,"Nelnet, Inc.",4481732608,125.26,125.96,84617,116.62,144.38,144.38,1071239400.0,1786046400,Financial Services,Credit Services,NYQ
1436,KRMN,Karman Holdings Inc.,4319273472,32.59,31.69,2121293,30.87,118.38,118.38,1739457000.0,1786046400,Industrials,Aerospace & Defense,NYQ
1437,CNR,"Core Natural Resources, Inc.",4390822912,88.46,88.55,457498,74.75,114.8,134.59,1510669800.0,1786019400,Energy,Thermal Coal,NYQ
1438,CVCO,"Cavco Industries, Inc.",4094068224,532.43,548.72,105322,443.34,713.01,713.01,1057066200.0,1785441600,Consumer Cyclical,Residential Construction,NMS
1439,ATAT,Atour Lifestyle Holdings Limited,4569809408,33.07,31.61,775605,30.775,43.173,43.173,1668177000.0,1787229000,Consumer Cyclical,Lodging,NMS
1440,VNT,Vontier Corporation,4358848000,32.24,32.2,895825,27.253,48.2,48.2,1600954200.0,1786019400,Technology,Scientific & Technical Instruments,NYQ
1441,BDC,Belden Inc.,4265384704,109.15,107.94,177367,98.0,159.99,159.99,754151400.0,1785414600,Technology,Communication Equipment,NYQ
1442,ALK,"Alaska Air Group, Inc.",4392698880,39.36,39.52,3438012,33.03,60.63,101.43,322151400.0,1792526400,Industrials,Airlines,NYQ
1443,CECO,CECO Environmental Corp.,3855066368,65.82,65.55,857381,42.82,101.24,101.24,344615400.0,1786365000,Industrials,Pollution & Treatment Controls,NMS
1444,DAVE,Dave Inc.,4699383808,368.42,353.4,180468,152.21,458.25,491.072,1619443800.0,1785960000,Technology,Software - Application,NGM
1445,PAM,Pampa Energía S.A.,4306526720,80.34,80.68,86897,58.5,94.5,97.55,1255095000.0,1793649600,Industrials,Conglomerates,NYQ
1446,BMA,Banco Macro S.A.,4153479424,64.96,65.9,158487,49.75,106.15,136.1,1143469800.0,1787169600,Financial Services,Banks - Regional,NYQ
1447,HHH,Howard Hughes Holdings Inc.,4403116032,73.73,71.93,436179,60.09,91.07,153.11725,1288963800.0,1785960000,Real Estate,Real Estate - Development,NYQ
1448,SIM,"Grupo Simec, S.A.B. de C.V.",4403022336,28.7,28.7,185,26.0,34.59,38.22,741533400.0,0,Basic Materials,Steel,ASE
1449,ACLS,"Axcelis Technologies, Inc.",4160045568,134.71,133.48,235264,73.6,193.78,201.0,963322200.0,1786019400,Technology,Semiconductor Equipment & Materials,NMS
1450,VSNT,"Versant Media Group, Inc.",4264171264,30.64,31.77,1233916,27.17,59.0,59.0,1765809000.0,1793709000,Communication Services,Entertainment,NMS
1451,FELE,"Franklin Electric Co., Inc.",4320344064,97.72,96.87,303341,89.54,115.82,115.82,322151400.0,1785241800,Industrials,Specialty Industrial Machinery,NMS
1452,UFPI,"UFP Industries, Inc.",4093534208,74.21,76.45,477391,74.015,118.0,141.33,752941800.0,1793217600,Basic Materials,Lumber & Wood Production,NMS
1453,ADPT,Adaptive Biotechnologies Corporation,4227693824,26.49,26.09,1519482,12.0,30.74,71.25,1561642200.0,1785355200,Healthcare,Diagnostics & Research,NMS
1454,ONDS,Ondas Inc.,3918897408,6.73,6.85,36881999,4.95,15.28,16.0,1607092200.0,1786624200,Technology,Communication Equipment,NCM
1455,KBR,"KBR, Inc.",4455234560,35.34,35.18,1176809,29.94,45.48,72.6,1163687400.0,1793277000,Industrials,Engineering & Construction,NYQ
1456,PARR,"Par Pacific Holdings, Inc.",4102658560,81.89,87.65,1002219,33.43,89.45,89.45,1346851800.0,1785873600,Energy,Oil & Gas Refining & Marketing,NYQ
1457,GFF,Griffon Corporation,4155057920,90.59,92.15,338374,65.01,108.57,108.57,105283800.0,1785933000,Industrials,Building Products & Equipment,NYQ
1458,XXI,"Twenty One Capital, Inc.",4097802752,6.29,6.32,894836,4.15,21.99,59.75,1723555800.0,1786451400,Consumer Defensive,Education & Training Services,NYQ
1459,EWTX,"Edgewise Therapeutics, Inc.",4242077440,39.06,39.23,991782,14.25,48.51,48.51,1616765400.0,1786019400,Healthcare,Biotechnology,NMS
1460,PTEN,"Patterson-UTI Energy, Inc.",4313462784,11.31,11.48,4434124,5.24,13.39,38.49,752250600.0,1793217600,Energy,Oil & Gas Drilling,NMS
1461,STNG,Scorpio Tankers Inc.,4263926272,85.14,88.15,1059227,48.93,90.06,130.1,1270042200.0,1785414600,Energy,Oil & Gas Midstream,NYQ
1462,TENB,"Tenable Holdings, Inc.",4580722176,41.59,39.01,5088269,15.73,43.67,63.61,1532611800.0,1785355200,Technology,Software - Infrastructure,NMS
1463,OTF,Blue Owl Technology Finance Corp.,4288614912,9.36,9.39,2706249,9.14,15.0,21.62,1749735000.0,1793822400,Financial Services,Asset Management,NYQ
1464,ITGR,Integer Holdings Corporation,4304368640,126.61,126.65,1439779,62.0,126.8,146.36,970234200.0,1785760200,Healthcare,Medical Devices,NYQ
1465,ABCL,AbCellera Biologics Inc.,4065174272,12.545,12.02,4683468,2.745,15.015,71.91,1607697000.0,1794254400,Healthcare,Biotechnology,NMS
1466,IBOC,International Bancshares Corporation,4224047360,67.92,68.4,273627,63.2,78.46,78.46,809789400.0,1786042800,Financial Services,Banks - Regional,NMS
1467,DLO,DLocal Limited,4481718784,15.23,15.0,1887933,10.64,16.78,73.43,1622727000.0,1786651200,Technology,Software - Infrastructure,NMS
1468,ARX,Accelerant Holdings,4300333056,19.8,19.75,1291890,9.18,19.9,31.18,1753363800.0,1786624200,Financial Services,Insurance Brokers,NYQ
1469,ALH,Alliance Laundry Holdings Inc.,4228243968,21.27,21.24,1648624,18.64,28.23,28.23,1760016600.0,1786624200,Consumer Cyclical,"Furnishings, Fixtures & Appliances",NYQ
1470,CGAU,Centerra Gold Inc.,4408993792,22.54,21.82,838540,10.46,24.52,24.52,1214314200.0,1793304000,Basic Materials,Gold,NYQ
1471,FULT,Fulton Financial Corporation,4219211776,22.1,22.27,970789,16.6,25.23,25.23,494602200.0,1792612800,Financial Services,Banks - Regional,NMS
1472,CVSA,Covista Inc.,4380833792,129.38,130.29,195877,86.97,156.26,156.26,677511000.0,1793304000,Consumer Defensive,Education & Training Services,NYQ
1473,OPLN,"OPENLANE, Inc.",4481184768,36.71,35.68,1276901,24.32,42.9,42.9,1260541800.0,1793795400,Consumer Cyclical,Auto & Truck Dealerships,NYQ
1474,SFBS,"ServisFirst Bancshares, Inc.",4199942400,38.41,38.6,347151,33.6,46.04,50.685,1400074200.0,1792440000,Financial Services,Banks - Regional,NYQ
1475,NWE,"NorthWestern Energy Group, Inc.",4561548288,74.15,74.63,568626,57.12,76.0,80.52,1198852200.0,1785355200,Utilities,Utilities - Regulated Electric,NMS
1476,YOU,"Clear Secure, Inc.",4469426688,43.43,43.08,699590,29.97,69.07,69.07,1625059800.0,1785933000,Technology,Software - Application,NYQ
1477,MARA,"MARA Holdings, Inc.",3727788032,9.65,9.91,35038935,6.66,23.45,155.68,1336138200.0,1786046400,Financial Services,Capital Markets,NCM
1478,EPR,EPR Properties,4193572352,54.74,54.41,583350,48.11,64.97,84.67,879863400.0,1793217600,Real Estate,REIT - Specialty,NYQ
1479,BCO,The Brink's Company,4258118400,103.4,102.36,236255,91.05,136.37,136.37,820679400.0,1785933000,Industrials,Security & Protection Services,NYQ
1480,SLM,SLM Corporation,4233760000,22.52,22.67,2509757,17.77,31.06,34.97,433171800.0,1784836800,Financial Services,Credit Services,NMS
1481,AZZ,AZZ Inc.,4112547840,136.85,136.38,131218,94.61,162.2,162.2,322151400.0,1791921600,Industrials,Specialty Business Services,NYQ
1482,BC,Brunswick Corporation,3983745792,61.48,62.35,537080,59.06,90.25,117.62,378657000.0,1793277000,Consumer Cyclical,Recreational Vehicles,NYQ
1483,INDV,"Indivior Pharmaceuticals, Inc.",4229084416,35.83,35.45,3776641,22.95,42.81,42.81,1419863400.0,1785760200,Healthcare,Drug Manufacturers - Specialty & Generic,NMS
1484,FHI,"Federated Hermes, Inc.",4219799040,56.52,55.95,958440,46.66,67.2,67.2,895152600.0,1793304000,Financial Services,Asset Management,NYQ
1485,CAAP,Corporación América Airports S.A.,4009134848,24.54,24.4,102781,17.51,30.5,30.5,1517495400.0,1787056200,Industrials,Airports & Air Services,NYQ
1486,SKT,Tanger Inc.,4193529856,35.08,34.61,715719,31.13,42.53,42.53,738595800.0,1793822400,Real Estate,REIT - Retail,NYQ
1487,AIR,AAR Corp.,4036704768,100.43,101.58,328698,76.1,154.0,154.0,322151400.0,1790625600,Industrials,Aerospace & Defense,NYQ
1488,TAC,TransAlta Corporation,4153019136,13.13,12.89,743588,11.38,17.88,37.84,996586200.0,1793709000,Utilities,Utilities - Independent Power Producers,NYQ
1489,FRVO,Fervo Energy Company,4052994048,13.75,13.8,5953574,13.1,42.65,42.65,1778679000.0,1786537800,Utilities,Utilities - Renewable,NMS
1490,MC,Moelis & Company,4228537600,57.08,56.27,890421,51.06,78.216,82.89,1397655000.0,1785355200,Financial Services,Capital Markets,NYQ
1491,LIVN,LivaNova PLC,4196372736,76.39,75.91,339431,48.82,85.76,131.54,1445261400.0,1793795400,Healthcare,Medical Devices,NMS
1492,MTH,Meritage Homes Corporation,3832888320,58.81,60.63,928042,58.03,85.38,106.99,585927000.0,1793217600,Consumer Cyclical,Residential Construction,NYQ
1493,CNK,"Cinemark Holdings, Inc.",4219191808,36.4,36.77,885743,21.6,39.07,45.68,1177421400.0,1785414600,Communication Services,Entertainment,NYQ
1494,TDW,Tidewater Inc.,4250177280,85.42,84.7,470499,46.65,101.58,2580.6453,322151400.0,1785787200,Energy,Oil & Gas Equipment & Services,NYQ
1495,FBP,First BanCorp.,4073189632,26.68,26.67,1057693,19.16,29.88,491.175,537546600.0,1792672200,Financial Services,Banks - Regional,NYQ
1496,TGS,Transportadora de Gas del Sur S.A.,3870697216,25.71,26.39,260061,21.11,36.35,36.35,785082600.0,1793304000,Energy,Oil & Gas Integrated,NYQ
1497,FSLY,"Fastly, Inc.",4667489792,29.3,25.29,15145871,7.735,34.82,136.5,1558099800.0,1793822400,Technology,Software - Application,NMS
1498,LOPE,"Grand Canyon Education, Inc.",4165192960,159.8,160.3,208719,134.27,223.04,223.04,1227191400.0,1793822400,Consumer Defensive,Education & Training Services,NMS
1499,TCBI,"Texas Capital Bancshares, Inc.",3937908224,90.58,92.39,446283,75.41,108.92,108.92,1060781400.0,1792612800,Financial Services,Banks - Regional,NMS
1500,TRMD,TORM plc,4102312448,39.94,40.06,1644105,19.3,41.545,48.86,1519396200.0,1793795400,Energy,Oil & Gas Midstream,NMS
1501,GEO,"The GEO Group, Inc.",4097317632,31.13,30.96,1650393,12.51,33.17,36.46,775315800.0,1786019400,Industrials,Security & Protection Services,NYQ
1502,UCB,"United Community Banks, Inc.",3997716480,33.38,33.58,627022,28.65,37.18,169.6152,1016721000.0,1792499400,Financial Services,Banks - Regional,NYQ
1503,TDS,"Telephone and Data Systems, Inc.",3859839232,33.53,34.13,2777539,31.51,49.12,67.77369,377274600.0,1786105800,Communication Services,Telecom Services,NYQ
1504,MMYT,MakeMyTrip Limited,4207244032,44.73,43.53,1010742,32.67,96.6,123.0,1281619800.0,1785760200,Consumer Cyclical,Travel Services,NMS
1505,RLAY,"Relay Therapeutics, Inc.",3918252288,17.88,17.41,1764492,5.85,21.27,64.37,1594906200.0,1786046400,Healthcare,Biotechnology,NGM
1506,CAR,"Avis Budget Group, Inc.",3743823360,105.98,110.0,311676,85.96,847.7,847.7,432394200.0,1793736000,Industrials,Rental & Leasing Services,NMS
1507,CRK,"Comstock Resources, Inc.",4025537792,13.71,13.71,1643553,12.12,28.1,453.05,557155800.0,1793822400,Energy,Oil & Gas E&P,NYQ
1508,CATY,Cathay General Bancorp,3944121088,59.12,59.6,261670,44.57,65.26,65.26,661185000.0,1792612800,Financial Services,Banks - Regional,NMS
1509,ERO,Ero Copper Corp.,3922822144,37.61,35.98,1522047,19.095,40.83,40.83,1508506200.0,1793649600,Basic Materials,Copper,NYQ
1510,MIR,"Mirion Technologies, Inc.",4139088896,16.62,16.22,6986292,14.04,30.277,30.277,1597930200.0,1785268800,Industrials,Specialty Industrial Machinery,NYQ
1511,PAY,"Paymentus Holdings, Inc.",4014955776,31.88,31.92,423907,20.11,45.31,45.31,1622035800.0,1785787200,Technology,Software - Infrastructure,NYQ
1512,COLD,"Americold Realty Trust, Inc.",4012987904,13.99,13.81,1804056,10.1,16.88,41.29,1516372200.0,1793881800,Real Estate,REIT - Industrial,NYQ
1513,KRC,Kilroy Realty Corporation,4022407424,34.25,34.19,1027301,27.36,43.58,90.15,854548200.0,1792699200,Real Estate,REIT - Office,NYQ
1514,BRC,Brady Corporation,4002848000,85.35,84.16,200492,70.57,99.29,99.29,531153000.0,1788438600,Industrials,Security & Protection Services,NYQ
1515,SKE,Skeena Resources Limited,4088829440,32.59,31.41,496084,15.43,38.77,182.0,1012919400.0,0,Basic Materials,Other Industrial Metals & Mining,NYQ
1516,CBT,Cabot Corporation,3867678976,74.91,75.61,285550,58.33,94.53,117.46,342282600.0,1785787200,Basic Materials,Specialty Chemicals,NYQ
1517,KFY,Korn Ferry,4010011648,71.66,72.93,341443,58.95,87.51,87.51,918743400.0,1788957000,Industrials,Staffing & Employment Services,NYQ
1518,DOO,BRP Inc.,3768120064,52.96,54.39,266189,48.83,81.89,102.96,1375882200.0,1788438600,Consumer Cyclical,Recreational Vehicles,NMS
1519,HP,"Helmerich & Payne, Inc.",3985565184,39.88,40.19,968438,21.76,48.17,118.95,340464600.0,1785960000,Energy,Oil & Gas Drilling,NYQ
1520,ICUI,"ICU Medical, Inc.",4009128448,160.32,157.18,145997,113.37,192.85,321.7,702052200.0,1786046400,Healthcare,Medical Instruments & Supplies,NMS
1521,MDU,"MDU Resources Group, Inc.",3941948672,18.74,18.81,1117694,18.24,22.98,22.98,99153000.0,1786019400,Utilities,Utilities - Regulated Gas,NYQ
1522,JOYY,JOYY Inc.,3969302528,81.05,80.85,392605,54.24,82.13,148.88,1353508200.0,1787688000,Communication Services,Internet Content & Information,NMS
1523,SEB,Seaboard Corporation,3808193024,3976.0,4063.59,7030,3140.01,5989.37,5989.37,99239400.0,0,Industrials,Conglomerates,ASE
1524,AYA,Aya Gold & Silver Inc.,3949471488,27.42,26.32,978041,9.25,30.67,30.67,1272288600.0,1786651200,Basic Materials,Silver,NMS
1525,VVV,Valvoline Inc.,3860517120,30.27,30.84,3175083,26.21,41.08,48.265,1474637400.0,1785933000,Consumer Cyclical,Auto & Truck Dealerships,NYQ
1526,BULL,Webull Corporation,3405451520,6.31,5.95,22385665,4.5,11.98,79.56,1661175000.0,1787169600,Technology,Software - Application,NCM
1527,SITE,"SiteOne Landscape Supply, Inc.",3805004032,87.16,87.74,783390,82.0,168.56,260.0,1463059800.0,1793190600,Industrials,Industrial Distribution,NYQ
1528,SIG,Signet Jewelers Limited,4031740416,105.22,105.89,589066,71.62,110.2,152.27,584890200.0,1788957000,Consumer Cyclical,Luxury Goods,NYQ
1529,BNL,"Broadstone Net Lease, Inc.",3887492096,18.26,18.24,1573595,17.155,23.1,28.0,1600349400.0,1793217600,Real Estate,REIT - Diversified,NYQ
1530,BWLP,BW LPG Limited,3947179776,26.0,26.32,560962,11.72,26.483,26.47,1390919400.0,1787947200,Energy,Oil & Gas Midstream,NYQ
1531,AQN,Algonquin Power & Utilities Corp.,3934198784,5.11,5.08,2331085,4.91,7.11,17.86,1262097000.0,1786105800,Utilities,Utilities - Diversified,NYQ
1532,WSFS,WSFS Financial Corporation,3874141184,75.39,75.41,243770,49.92,82.94,82.94,533399400.0,1792699200,Financial Services,Banks - Regional,NMS
1533,EE,"Excelerate Energy, Inc.",3941857024,34.76,34.67,254134,24.89,43.175,43.175,1649856600.0,1793822400,Energy,Oil & Gas Midstream,NYQ
1534,CDP,COPT Defense Properties,3878472448,33.48,33.47,625630,27.06,38.9,56.45,694189800.0,1793304000,Real Estate,REIT - Office,NYQ
1535,ITRI,"Itron, Inc.",3747270400,85.58,84.23,438715,77.77,142.0,142.0,752509800.0,1793104200,Technology,Scientific & Technical Instruments,NMS
1536,APLE,"Apple Hospitality REIT, Inc.",3850508800,16.31,16.22,1149397,10.85,17.28,20.97,1431955800.0,1793908800,Real Estate,REIT - Hotel & Motel,NYQ
1537,GPGI,"GPGI, Inc.",3652615168,12.6,12.4,967326,11.165,26.78,26.78,1605796200.0,1786019400,Industrials,Metal Fabrication,NYQ
1538,CCC,CCC Intelligent Solutions Holdings Inc.,4134742784,7.02,6.57,19484562,4.08,9.45,16.11,1601904600.0,1785414600,Technology,Software - Application,NMS
1539,CVBF,CVB Financial Corp.,3782184960,21.49,21.75,1001750,17.95,23.41,29.25,418314600.0,1792612800,Financial Services,Banks - Regional,NMS
1540,CRVL,CorVel Corporation,3897858816,77.16,76.35,157321,44.83,79.43,128.61,678115800.0,1785933000,Financial Services,Insurance Brokers,NMS
1541,MRP,"Millrose Properties, Inc.",3712831488,22.36,22.63,4496281,21.66,33.49,36.0,1738765800.0,1793104200,Real Estate,REIT - Residential,NYQ
1542,TNL,Travel + Leisure Co.,3837484032,62.62,62.61,571676,58.07,81.0,81.0,1153315800.0,1793104200,Consumer Cyclical,Travel Services,NYQ
1543,BOOT,"Boot Barn Holdings, Inc.",3632969984,119.96,121.6,471672,118.79,210.25,210.25,1414675800.0,1785355200,Consumer Cyclical,Apparel Retail,NYQ
1544,AVNT,Avient Corporation,3466082048,37.79,40.98,2603271,27.48,46.64,61.46,937229400.0,1793795400,Basic Materials,Specialty Chemicals,NYQ
1545,ALM,Almonty Industries Inc.,3424266240,11.87,11.57,6234954,5.435,24.41,24.41,1371475800.0,0,Basic Materials,Other Industrial Metals & Mining,NCM
1546,MSGE,Madison Square Garden Entertainment Corp.,3824154880,80.84,81.66,258775,42.185,90.41,90.41,1681738200.0,1786537800,Communication Services,Entertainment,NYQ
1547,FLY,Firefly Aerospace Inc.,3348092928,20.0,20.67,2845227,16.0,62.17,73.8,1754573400.0,1786478400,Industrials,Aerospace & Defense,NGM
1548,HYPMY,Hypera S.A.,3731178752,5.3,5.34,32,3.71,5.77,17.33,1287149400.0,0,Healthcare,Drug Manufacturers - Specialty & Generic,OID
1549,FCN,"FTI Consulting, Inc.",3759592192,136.16,140.5,274537,129.12,189.3,243.6,831648600.0,1793277000,Industrials,Consulting Services,NYQ
1550,DHT,"DHT Holdings, Inc.",3972844288,24.64,24.93,3047137,10.83,25.07,225.48,1129210200.0,1785960000,Energy,Oil & Gas Midstream,NYQ
1551,SPHR,Sphere Entertainment Co.,3821567232,106.41,109.25,729806,58.18,181.63,181.63,1586439000.0,1785414600,Communication Services,Entertainment,NYQ
1552,JMKE,Jersey Mike's Subs Inc.,5622209024,17.7,17.3,2642614,15.96,24.99,24.99,1785418200.0,1793190600,Consumer Cyclical,Restaurants,NYQ
1553,SEZL,Sezzle Inc.,4331954176,128.64,117.22,669317,49.5,195.71,195.71,1694611800.0,1793822400,Financial Services,Credit Services,NCM
1554,WK,Workiva Inc.,3986007808,73.25,73.69,906516,43.34,97.095,173.24,1418394600.0,1793908800,Technology,Software - Application,NYQ
1555,USAC,"USA Compression Partners, LP",3761280000,25.95,25.38,80917,21.85,30.55,30.55,1358260200.0,1785846600,Energy,Oil & Gas Equipment & Services,ASE
1556,INDB,Independent Bank Corp.,3648367872,77.02,77.12,413362,63.33,87.5,99.85,516461400.0,1792094400,Financial Services,Banks - Regional,NMS
1557,SKYW,"SkyWest, Inc.",3747709696,96.52,96.73,181599,77.89,117.72,135.57,520176600.0,1793304000,Industrials,Airlines,NMS
1558,BFH,"Bread Financial Holdings, Inc.",3864209920,100.58,100.73,503387,54.89,114.53,249.0024,992611800.0,1792672200,Financial Services,Credit Services,NYQ
1559,ATMU,Atmus Filtration Technologies Inc.,3493104640,42.81,42.62,524187,40.75,66.5,66.5,1685107800.0,1786105800,Consumer Cyclical,Auto Parts,NYQ
1560,WBI,WaterBridge Infrastructure LLC,3701217024,29.98,29.78,349079,18.64,36.89,36.89,1758115800.0,1793822400,Energy,Oil & Gas Equipment & Services,NYQ
1561,JOE,The St. Joe Company,3692509184,64.86,65.25,252015,46.37,73.54,85.25,638202600.0,1785355200,Real Estate,Real Estate - Diversified,NYQ
1562,NVST,Envista Holdings Corporation,3694207488,23.0,22.72,2357665,18.77,30.42,52.03,1568813400.0,1793822400,Healthcare,Medical Instruments & Supplies,NYQ
1563,CNS,"Cohen & Steers, Inc.",3561455360,69.26,70.71,285957,58.39,86.56,110.67,1092663000.0,1792094400,Financial Services,Asset Management,NYQ
1564,BILL,"BILL Holdings, Inc.",3822958336,44.83,44.98,1046446,31.41,57.21,348.495,1576161000.0,1787169600,Technology,Software - Application,NYQ
1565,AKO-A,Embotelladora Andina S.A.,3786282240,24.0,24.0,193,18.42,26.96,34.07,773587800.0,1793131200,Consumer Defensive,Beverages - Non-Alcoholic,NYQ
1566,DORM,"Dorman Products, Inc.",3572944384,120.4,121.67,231537,98.45,164.0,166.89,668788200.0,1793044800,Consumer Cyclical,Auto Parts,NMS
1567,NP,Neptune Insurance Holdings Inc.,3944078848,28.74,28.44,313904,14.78,35.15,35.15,1759325400.0,1792526400,Financial Services,Insurance Brokers,NYQ
1568,IOND,Ionic Digital Inc.,3561447424,79.15,79.39,253467,50.0,89.36,89.36,1785245400.0,1793822400,Financial Services,Capital Markets,NMS
1569,BATRA,"Atlanta Braves Holdings, Inc.",3694145792,57.57,57.76,29502,41.5,60.48,60.48,1460986200.0,1785933000,Communication Services,Entertainment,NMS
1570,SLGN,Silgan Holdings Inc.,3745370624,35.44,35.8,868467,33.7,49.55,58.14,855930600.0,1793277000,Consumer Cyclical,Packaging & Containers,NYQ
1571,OTTR,Otter Tail Corporation,3672058880,87.46,88.33,131157,74.15,95.09,100.84,99153000.0,1785787200,Industrials,Conglomerates,NMS
1572,SUNC,SunocoCorp LLC,3856062464,74.85,72.23,256462,47.0,83.5,83.5,1762439400.0,0,Energy,Oil & Gas Midstream,ASE
1573,CENX,Century Aluminum Company,3638993408,36.76,36.38,900917,25.4,70.43,80.52,828109800.0,1786046400,Basic Materials,Aluminum,NMS
1574,SLG,SL Green Realty Corp.,3714413312,48.41,48.94,571367,34.77,60.09,168.66446,871651800.0,1792612800,Real Estate,REIT - Office,NYQ
1575,ACCV,Accelevation Holdings Corp.,3720902912,16.72,15.66,1572965,14.77,17.0,17.0,1791293400.0,0,Industrials,Electrical Equipment & Parts,NMS
1576,OLED,Universal Display Corporation,3445673984,74.96,72.9,765036,70.77,153.38,262.77,829229400.0,1793217600,Technology,Electronic Components,NMS
1577,LEGN,Legend Biotech Corporation,3621374464,18.62,18.71,1387403,16.24,37.5,77.32,1591363800.0,1786451400,Healthcare,Biotechnology,NMS
1578,TLX,Telix Pharmaceuticals Limited,3808981760,11.21,11.01,311957,6.28,13.11,30.36,1731594600.0,0,Healthcare,Biotechnology,NMS
1579,ARIS,Aris Mining Corporation,3577443840,17.33,16.76,1343098,8.75,23.29,900.375,1286544600.0,1785355200,Basic Materials,Gold,NYQ
1580,TNGX,"Tango Therapeutics, Inc.",4014612736,23.81,22.57,3098811,6.69,34.39,34.39,1599139800.0,1786451400,Healthcare,Biotechnology,NGM
1581,DNP,DNP Select Income Fund Inc.,3746358016,9.89,9.72,647535,9.23,11.16,13.22,538237800.0,0,Financial Services,Asset Management,NYQ
1582,WT,"WisdomTree, Inc.",3425688832,22.61,22.68,2141029,10.69,25.91,26.23,731255400.0,1785501000,Financial Services,Asset Management,NYQ
1583,BBWI,"Bath & Body Works, Inc.",3496529664,17.34,17.71,6897185,14.28,27.4,82.0,386519400.0,1787747400,Consumer Cyclical,Specialty Retail,NYQ
1584,KTB,"Kontoor Brands, Inc.",3586370816,65.62,66.34,475420,56.19,88.96,96.8,1559050200.0,1786537800,Consumer Cyclical,Apparel Manufacturing,NYQ
1585,GNW,"Genworth Financial, Inc.",3551799552,9.4,9.74,3343561,7.84,10.69,37.16,1085491800.0,1793822400,Financial Services,Insurance - Life,NYQ
1586,IPAR,"Interparfums, Inc.",3593612800,112.21,111.6,132105,77.21,129.29,161.17,570983400.0,1785873600,Consumer Defensive,Household & Personal Products,NMS
1587,PVH,PVH Corp.,3753312512,81.35,81.14,712372,59.6,100.75,169.22,322151400.0,1788379200,Consumer Cyclical,Apparel Manufacturing,NYQ
1588,SRAD,Sportradar Group AG,3696435968,12.49,12.44,1199632,11.39,27.85,32.22,1631626200.0,1785760200,Technology,Software - Application,NMS
1589,SXI,Standex International Corporation,3500340480,285.01,281.06,81512,215.62,363.89,363.89,99153000.0,1785441600,Industrials,Specialty Industrial Machinery,NYQ
1590,VKTX,"Viking Therapeutics, Inc.",3625481216,28.51,27.73,4030535,25.77,43.15,99.41,1430227800.0,1785355200,Healthcare,Biotechnology,NCM
1591,OGN,Organon & Co.,3626636544,13.81,13.75,3264894,5.69,13.83,39.475,1620999000.0,1785501000,Healthcare,Drug Manufacturers - General,NYQ
1592,RNST,Renasant Corporation,3565688064,39.01,39.29,436781,33.04,44.54,49.78,704122200.0,1793131200,Financial Services,Banks - Regional,NYQ
1593,VAC,Marriott Vacations Worldwide Corporation,3623202816,105.34,104.21,231193,44.58,131.34,190.97,1320762600.0,1793795400,Consumer Cyclical,Resorts & Casinos,NYQ
1594,LXP,LXP Industrial Trust,3596393216,61.0,61.01,726940,44.0,61.61,112.07227,751296600.0,1785328200,Real Estate,REIT - Industrial,NYQ
1595,ACHR,Archer Aviation Inc.,3819333120,4.96,4.72,36949340,4.3,14.62,18.6,1608301800.0,1786392000,Industrials,Aerospace & Defense,NYQ
1596,BANF,BancFirst Corporation,3567514624,106.18,106.9,94277,101.48,126.14,138.77,638461800.0,0,Financial Services,Banks - Regional,NMS
1597,LMND,"Lemonade, Inc.",3595846656,46.46,46.91,1261540,43.28,99.9,188.3,1593696600.0,1785328200,Financial Services,Insurance - Property & Casualty,NYQ
1598,BMI,"Badger Meter, Inc.",3808292352,131.38,127.66,522627,112.09,204.0,256.08,99153000.0,1792672200,Technology,Scientific & Technical Instruments,NYQ
1599,IRT,"Independence Realty Trust, Inc.",3569705472,14.77,14.64,2737402,14.33,17.79,28.42,1376400600.0,1785787200,Real Estate,REIT - Residential,NYQ
1600,QTWO,"Q2 Holdings, Inc.",3653985024,58.6,58.69,400703,40.79,76.24,148.56,1395322200.0,1785355200,Technology,Software - Application,NYQ
1601,FRSH,Freshworks Inc.,3632017152,13.92,13.64,3915486,6.79,14.37,53.356,1632317400.0,1793736000,Technology,Software - Application,NMS
1602,VCYT,"Veracyte, Inc.",3636072704,45.23,43.6,966523,29.455,60.91,86.03,1383139800.0,1785441600,Healthcare,Diagnostics & Research,NGM
1603,IPGP,IPG Photonics Corporation,3329178368,78.27,77.74,245714,69.41,155.82,264.11,1166020200.0,1785846600,Technology,Semiconductor Equipment & Materials,NMS
1604,NHC,National HealthCare Corporation,3556859392,227.11,225.17,62819,117.22,239.29,239.29,536596200.0,1786105800,Healthcare,Medical Care Facilities,ASE
1605,WSBC,"WesBanco, Inc.",3509196544,36.59,36.96,679393,29.57,43.02,51.12,547479000.0,1792612800,Financial Services,Banks - Regional,NMS
1606,MGNI,"Magnite, Inc.",3642973696,25.4,25.45,1516866,10.82,26.84,64.39,1396445400.0,1793822400,Communication Services,Advertising Agencies,NMS
1607,IRTC,"iRhythm Holdings, Inc.",3517152512,106.7,102.6,516473,100.7,212.0,286.19,1476970200.0,1786046400,Healthcare,Medical Devices,NMS
1608,MNDY,monday.com Ltd.,3760705792,88.96,88.91,516259,57.5,210.49,450.0,1623331800.0,1786365000,Technology,Software - Application,NMS
1609,IDYA,"IDEAYA Biosciences, Inc.",3484235520,36.11,36.06,698920,26.2,42.68,47.735,1558618200.0,1785846600,Healthcare,Biotechnology,NMS
1610,PBLS,"Parabilis Medicines, Inc.",3394693376,27.48,28.09,1086558,24.51,42.49,42.49,1781098200.0,1786624200,Healthcare,Biotechnology,NMS
1611,TNK,Teekay Tankers Ltd.,3680946944,106.14,106.62,399254,47.18,107.39,209.12,1197556200.0,1785355200,Energy,Oil & Gas Midstream,NYQ
1612,MANU,Manchester,3537798400,20.51,20.32,273370,14.85,24.45,27.7,1344605400.0,1790166600,Communication Services,Entertainment,NYQ
1613,PLSE,"Pulse Biosciences, Inc.",3837869568,53.81,49.98,365803,12.56,58.9,58.9,1463578200.0,1786046400,Healthcare,Medical Instruments & Supplies,NCM
1614,ZIM,ZIM Integrated Shipping Services Ltd.,3614384640,29.99,30.26,821659,12.33,30.96,91.23,1611844200.0,1787142600,Industrials,Marine Shipping,NYQ
1615,XENE,Xenon Pharmaceuticals Inc.,3528865280,36.44,36.16,1230526,35.06,72.66,72.66,1415197800.0,1786046400,Healthcare,Biotechnology,NGM
1616,LAZ,"Lazard, Inc.",3581308672,36.75,35.82,933473,34.76,58.75,61.14,1115299800.0,1792672200,Financial Services,Capital Markets,NYQ
1617,CELC,Celcuity Inc.,3324433920,67.94,67.87,1277636,45.03,151.02,151.02,1505914200.0,1786651200,Healthcare,Biotechnology,NCM
1618,THO,"THOR Industries, Inc.",3296609024,63.87,66.11,752632,63.725,122.83,161.48,442593000.0,1790080200,Consumer Cyclical,Recreational Vehicles,NYQ
1619,TARS,"Tarsus Pharmaceuticals, Inc.",3423280128,73.16,72.22,448636,53.89,91.53,91.53,1602855000.0,1786019400,Healthcare,Biotechnology,NMS
1620,PURR,Hyperliquid Strategies Inc.,3091593984,11.11,11.3,8816258,3.01,14.76,14.76,1764772200.0,1787833800,Financial Services,Capital Markets,NCM
1621,AMLX,"Amylyx Pharmaceuticals, Inc.",3531937024,28.14,27.2,1471480,10.83,41.14,41.93,1641565800.0,1786019400,Healthcare,Drug Manufacturers - Specialty & Generic,NMS
1622,CSTM,Constellium SE,3497970688,25.81,25.6,1284392,14.45,36.99,36.99,1369315800.0,1785328200,Basic Materials,Aluminum,NYQ
1623,SBLK,Star Bulk Carriers Corp.,3447320320,29.7,30.47,1237210,16.72,32.88,1133.0409,1196692200.0,1785960000,Industrials,Marine Shipping,NMS
1624,COHU,"Cohu, Inc.",3228007680,68.19,68.37,665726,20.52,75.72,75.72,322151400.0,1785441600,Technology,Semiconductor Equipment & Materials,NMS
1625,RHI,Robert Half Inc.,3473136640,33.93,34.1,1097456,21.83,46.7,125.77,322151400.0,1784836800,Industrials,Staffing & Employment Services,NYQ
1626,VECO,Veeco Instruments Inc.,3190830592,52.28,51.45,296169,26.0,86.63,122.25,786119400.0,1785960000,Technology,Semiconductor Equipment & Materials,NMS
1627,NIC,"Nicolet Bankshares, Inc.",3411673344,162.79,164.03,131629,114.12,180.0,180.0,1368797400.0,1792526400,Financial Services,Banks - Regional,NYQ
1628,ACAD,Acadia Pharmaceuticals Inc.,3408203264,19.78,19.58,1470141,19.32,30.96,58.72,1085664600.0,1785873600,Healthcare,Biotechnology,NMS
1629,MWA,"Mueller Water Products, Inc.",3383243520,21.67,21.56,812941,20.9,31.0,31.0,1148650200.0,1785960000,Industrials,Specialty Industrial Machinery,NYQ
1630,LION,Lionsgate Studios Corp.,3311839232,11.13,11.28,2157455,5.875,16.7,16.7,1646145000.0,1786046400,N/A,N/A,NYQ
1631,HG,"Hamilton Insurance Group, Ltd.",3404168704,34.52,35.1,246480,22.66,37.31,37.31,1699626600.0,1793304000,Financial Services,Insurance - Reinsurance,NYQ
1632,ECO,Okeanis Eco Tankers Corp.,3635448064,93.11,94.44,690479,28.1,94.98,94.98,1692019800.0,1794427200,Industrials,Marine Shipping,NYQ
1633,MHO,"M/I Homes, Inc.",3231677184,127.82,130.17,142413,116.78,163.66,176.18,752337000.0,1792585800,Consumer Cyclical,Residential Construction,NYQ
1634,LIF,"Life360, Inc.",3562321664,43.72,41.88,370773,37.01,105.23,112.54,1717680600.0,1786392000,Technology,Software - Application,NMS
1635,FIBK,"First Interstate BancSystem, Inc.",3289915136,34.52,34.94,750417,29.1,40.6,51.24,1269437400.0,1792699200,Financial Services,Banks - Regional,NMS
1636,HNI,HNI Corporation,3382439168,46.86,46.91,420823,28.93,52.79,62.41,322151400.0,1785414600,Consumer Cyclical,"Furnishings, Fixtures & Appliances",NYQ
1637,NATL,NCR Atleos Corporation,3383740672,45.79,45.62,453301,33.31,48.5,48.5,1697031000.0,1785933000,Technology,Software - Application,NYQ
1638,ZGN,Ermenegildo Zegna N.V.,3409517312,12.68,12.52,570129,8.64,15.95,16.36,1640010600.0,1788438600,Consumer Cyclical,Apparel Manufacturing,NYQ
1639,CDNA,"CareDx, Inc.",3293917952,63.67,62.205,895592,13.95,72.51,99.83,1405603800.0,1785441600,Healthcare,Diagnostics & Research,NGM
1640,PLMR,"Palomar Holdings, Inc.",3465646080,130.76,131.44,106615,100.81,147.62,175.85,1555507800.0,1785873600,Financial Services,Insurance - Property & Casualty,NMS
1641,VGNT,Versigent PLC,3130210304,44.19,44.16,543823,26.34,50.89,50.89,1774618200.0,1793795400,Consumer Cyclical,Auto Parts,NYQ
1642,KN,Knowles Corporation,3208012032,37.56,37.14,370300,20.57,42.93,42.93,1392388200.0,1792699200,Technology,Electronic Components,NYQ
1643,SHOO,"Steven Madden, Ltd.",3241745408,44.3,44.2,1026004,31.33,49.7,51.56,755793000.0,1785414600,Consumer Cyclical,Footwear & Accessories,NMS
1644,AAMI,Acadian Asset Management Inc.,3325779968,93.71,93.3,295442,41.47,98.52,98.52,1412861400.0,1785414600,Financial Services,Asset Management,NYQ
1645,FSM,Fortuna Mining Corp.,3231854592,10.92,10.61,3457362,7.69,13.85,13.85,1168266600.0,1785960000,Basic Materials,Gold,NYQ
1646,HIW,"Highwoods Properties, Inc.",3261873152,29.04,29.18,1548886,20.45,35.44,56.23,771082200.0,1793131200,Real Estate,REIT - Office,NYQ
1647,UTG,Reaves Utility Income Fund,3327070464,36.39,36.19,157154,33.53,43.9,43.9,1077719400.0,0,Financial Services,Asset Management,ASE
1648,BTE,Baytex Energy Corp.,3363151872,4.81,4.74,18304121,2.18,5.36,61.96,1144071000.0,1793908800,Energy,Oil & Gas E&P,NYQ
1649,SMR,NuScale Power Corporation,2954804480,7.2,7.32,31716717,7.07,57.42,57.42,1646145000.0,1793908800,Industrials,Specialty Industrial Machinery,NYQ
1650,CSQ,Calamos Strategic Total Return Fund,3314840320,20.67,20.43,185815,16.41,21.17,21.17,1080829800.0,0,Financial Services,Asset Management,NGM
1651,MCHB,Mechanics Bancorp,3157542144,14.26,14.51,370967,12.82,17.38,57.4,1328884200.0,1785328200,Financial Services,Banks - Regional,NMS
1652,FFBC,First Financial Bancorp.,3249658112,30.9,31.2,559878,23.06,36.25,36.25,440865000.0,1793131200,Financial Services,Banks - Regional,NMS
1653,OUST,"Ouster, Inc.",2877282304,39.9,39.53,1256322,16.4,63.79,177.3,1602250200.0,1786046400,Technology,Electronic Components,NMS
1654,LRN,"Stride, Inc.",3557106944,85.59,81.36,761374,60.61,155.06,171.17,1197556200.0,1792526400,Consumer Defensive,Education & Training Services,NYQ
1655,UCTT,"Ultra Clean Holdings, Inc.",3105551104,68.59,67.58,790695,21.49,144.22,144.22,1080225000.0,1793131200,Technology,Semiconductor Equipment & Materials,NMS
1656,EXPO,"Exponent, Inc.",3319192064,69.81,69.78,316207,51.91,81.95,127.61,650899800.0,1793304000,Industrials,Engineering & Construction,NMS
1657,LBRT,Liberty Energy Inc.,3100637184,19.0,18.85,2339825,11.52,34.478,34.478,1515681000.0,1792612800,Energy,Oil & Gas Equipment & Services,NYQ
1658,ADX,"Adams Diversified Equity Fund, Inc.",3269342976,26.17,25.8,209475,20.91,26.56,27.041668,322151400.0,0,Financial Services,Asset Management,NYQ
1659,AB,AllianceBernstein Holding L.P.,3248325120,34.9,35.3,301037,34.58,44.11,94.94,577027800.0,1793104200,Financial Services,Asset Management,NYQ
1660,SFNC,Simmons First National Corporation,3205315840,22.18,22.38,1376432,17.0,24.32,33.5,479658600.0,1792094400,Financial Services,Banks - Regional,NMS
1661,TGB,Trekor Metals Limited,3239306496,8.85,8.31,3569936,3.66,9.82,15.875,701533800.0,1785960000,Basic Materials,Copper,ASE
1662,PRK,Park National Corporation,3188324352,176.5,178.46,65364,149.06,215.0,215.0,652109400.0,1793044800,Financial Services,Banks - Regional,ASE
1663,DKL,"Delek Logistics Partners, LP",3264969472,56.49,56.6,47181,42.35,61.5,64.47,1351863000.0,1785933000,Energy,Oil & Gas Refining & Marketing,NYQ
1664,PFSI,"PennyMac Financial Services, Inc.",3111899136,59.9,61.34,691324,59.13,160.36,160.36,1368106200.0,1793304000,Financial Services,Mortgage Finance,NYQ
1665,WRBY,Warby Parker Inc.,3127283712,25.3,24.95,1542057,14.96,31.0,60.3,1632922200.0,1786019400,Healthcare,Medical Instruments & Supplies,NYQ
1666,ASO,"Academy Sports and Outdoors, Inc.",3293854976,53.49,52.76,1432040,41.29,62.445,75.73,1601645400.0,1788957000,Consumer Cyclical,Specialty Retail,NMS
1667,EXTR,"Extreme Networks, Inc.",3197209088,24.19,24.18,1331818,13.48,33.73,128.875,923664600.0,1793190600,Technology,Communication Equipment,NMS
1668,CPK,Chesapeake Utilities Corporation,3226286848,127.75,128.16,70402,118.88,140.83,146.3,322151400.0,1786046400,Utilities,Utilities - Regulated Gas,NYQ
1669,POST,"Post Holdings, Inc.",3288848128,74.82,74.23,585062,71.45,117.28,125.84,1327674600.0,1786046400,Consumer Defensive,Packaged Foods,NYQ
1670,AWR,American States Water Company,3260426496,82.26,81.83,144413,69.45,91.72,103.77,99153000.0,1785960000,Utilities,Utilities - Regulated Water,NYQ
1671,ASH,Ashland Inc.,3231638016,70.57,70.69,408766,47.12,78.25,114.36,322151400.0,1793736000,Basic Materials,Specialty Chemicals,NYQ
1672,ATKR,Atkore Inc.,3203037184,94.84,94.84,352431,53.75,94.9,194.98,1465565400.0,1785760200,Industrials,Electrical Equipment & Parts,NYQ
1673,NHI,"National Health Investors, Inc.",3184811520,64.85,64.58,167538,63.51,91.38,91.38,687015000.0,1794254400,Real Estate,REIT - Healthcare Facilities,NYQ
1674,PLNT,"Planet Fitness, Inc.",3639245824,47.98,44.03,3134282,37.03,114.26,114.47,1438867800.0,1786019400,Consumer Cyclical,Leisure,NYQ
1675,CURB,Curbline Properties Corp.,3107176960,27.01,27.22,1612840,22.25,32.15,32.15,1727357400.0,1792672200,Real Estate,REIT - Retail,NYQ
1676,BFAM,Bright Horizons Family Solutions Inc.,3377721600,69.45,68.89,581146,57.63,109.86,182.5,1359124200.0,1785441600,Consumer Cyclical,Personal Services,NYQ
1677,NVTS,Navitas Semiconductor Corporation,2830348032,10.78,10.93,13001114,6.85,34.17,34.17,1634736600.0,1785182400,Technology,Semiconductors,NGM
1678,COCO,"The Vita Coco Company, Inc.",3378687744,58.39,55.98,1386566,38.07,85.83,85.83,1634823000.0,1784809800,Consumer Defensive,Beverages - Non-Alcoholic,NMS
1679,USLM,"United States Lime & Minerals, Inc.",3114982656,108.58,109.05,93298,96.27,141.44,159.53,322151400.0,1785355200,Basic Materials,Building Materials,NMS
1680,ARLP,"Alliance Resource Partners, L.P.",3167579648,24.62,24.65,186075,23.0,29.45,53.84,934896600.0,1785155400,Energy,Thermal Coal,NMS
1681,FA,First Advantage Corporation,3270190592,19.04,18.73,1311480,8.82,25.15,25.15,1624455000.0,1786019400,Industrials,Specialty Business Services,NMS
1682,AEHR,"Aehr Test Systems, Inc.",2764303872,84.64,87.21,2067348,18.7,147.4,147.4,871651800.0,1793649600,Technology,Semiconductor Equipment & Materials,NCM
1683,GBDC,"Golub Capital BDC, Inc.",3141784320,12.1,12.21,1503101,11.77,14.41,20.078356,1271338200.0,1794945600,Financial Services,Asset Management,NMS
1684,WSC,WillScot Holdings Corporation,3092929536,17.07,16.85,1828052,14.91,29.77,53.46,1446733800.0,1786046400,Industrials,Rental & Leasing Services,NCM
1685,CXW,"CoreCivic, Inc.",3256562688,32.93,32.71,1402502,15.74,36.55,148.75,868973400.0,1793822400,Industrials,Security & Protection Services,NYQ
1686,LEU,Centrus Energy Corp.,2913340672,142.44,142.09,572122,135.75,464.25,7046.703,901200600.0,1785960000,Energy,Uranium,NYQ
1687,CLSK,"CleanSpark, Inc.",2695295232,10.495,10.63,10266410,8.0,23.61,150.1,1479306600.0,1786046400,Financial Services,Capital Markets,NCM
1688,PTRN,Pattern Group Inc.,3267691264,18.42,18.35,889923,8.92,29.8,29.8,1758288600.0,1793822400,Consumer Cyclical,Internet Retail,NMS
1689,OSIS,"OSI Systems, Inc.",3107249152,194.91,193.36,134839,186.5,311.72,311.72,875799000.0,1787256000,Technology,Electronic Components,NMS
1690,CBU,"Community Financial System, Inc.",3084870400,58.63,59.1,314862,53.46,71.11,82.53,501863400.0,1793104200,Financial Services,Banks - Regional,NYQ
1691,ELVN,"Enliven Therapeutics, Inc.",3002635776,40.98,40.63,1002679,14.785,62.32,250.84,1584019800.0,0,Healthcare,Biotechnology,NMS
1692,SBCF,Seacoast Banking Corporation of Florida,3073155584,31.74,31.87,503923,28.58,36.27,159.8,444580200.0,1793131200,Financial Services,Banks - Regional,NMS
1693,WIX,Wix.com Ltd.,3203998464,76.56,74.13,507939,40.16,148.33,362.07,1383748200.0,1785846600,Technology,Software - Infrastructure,NMS
1694,BSM,"Black Stone Minerals, L.P.",3150243840,14.81,14.75,215509,12.32,15.49,20.24,1430400600.0,1785787200,Energy,Oil & Gas E&P,NYQ
1695,INTR,"Inter & Co, Inc.",3390823424,7.68,7.24,13269060,4.97,10.36,10.36,1655991000.0,1785960000,Financial Services,Banks - Regional,NMS
1696,DNLI,Denali Therapeutics Inc.,3109032192,19.45,18.67,1340962,13.75,27.3,93.94,1512743400.0,1786046400,Healthcare,Biotechnology,NMS
1697,LPL,"LG Display Co., Ltd.",2890000128,2.89,2.85,1594594,2.76,5.83,31.29,1090503000.0,1784664000,Technology,Consumer Electronics,NYQ
1698,KAI,Kadant Inc.,3075448320,260.43,260.55,142136,244.87,354.07,429.95,720801000.0,1785873600,Industrials,Specialty Industrial Machinery,NYQ
1699,HTGC,"Hercules Capital, Inc.",3090077696,16.51,16.55,817368,13.7,19.13,22.04,1118323800.0,1785441600,Financial Services,Asset Management,NYQ
1700,BHE,"Benchmark Electronics, Inc.",2926396928,81.47,81.16,240668,36.29,100.41,100.41,646493400.0,1785355200,Technology,Electronic Components,NYQ
1701,LBTYA,Liberty Global Ltd.,2953818112,8.66,8.93,5729305,8.345,13.52,24.925634,1086269400.0,1793709000,Communication Services,Telecom Services,NMS
1702,PPLI,People Incorporated,3044829952,40.89,40.93,991660,29.56,48.32,146.94011,727453800.0,1793649600,Communication Services,Internet Content & Information,NMS
1703,VTMX,"Corporación Inmobiliaria Vesta, S.A.B. de C.V.",3142749696,33.87,33.94,50003,25.59,37.41,41.44,1688131800.0,1792699200,Real Estate,Real Estate - Diversified,NYQ
1704,WING,Wingstop Inc.,3330673664,122.26,118.5,878247,95.82,302.8,433.86,1434115800.0,1793190600,Consumer Cyclical,Restaurants,NMS
1705,PENG,"Penguin Solutions, Inc.",3908793088,76.28,71.57,5784741,16.04,89.86,89.86,1495632600.0,1791316800,Technology,Information Technology Services,NMS
1706,MIAX,"Miami International Holdings, Inc.",3047380736,30.71,30.7,1392546,29.21,57.14,57.14,1755178200.0,1793304000,Financial Services,Capital Markets,NYQ
1707,SII,Sprott Inc.,2978814976,115.76,115.19,53143,78.79,169.63,169.63,1266849000.0,1785933000,Financial Services,Asset Management,NYQ
1708,PK,Park Hotels & Resorts Inc.,3054302464,15.17,15.21,3338788,9.84,16.2,34.27,1483540200.0,1793822400,Real Estate,REIT - Hotel & Motel,NYQ
1709,NMRK,"Newmark Group, Inc.",2966199552,12.12,12.52,1347350,11.9,19.835,19.835,1513348200.0,1793277000,Real Estate,Real Estate Services,NMS
1710,AVPT,"AvePoint, Inc.",3095202304,14.63,14.41,1430882,8.835,15.48,20.245,1572964200.0,1786046400,Technology,Software - Infrastructure,NMS
1711,RUM,RUM Group Inc.,2784132864,6.96,7.0,3414431,4.62,10.595,18.52,1618407000.0,1786392000,Communication Services,Internet Content & Information,NGM
1712,RCUS,"Arcus Biosciences, Inc.",3070122752,24.41,23.83,795186,15.09,31.735,49.1,1521120600.0,1785960000,Healthcare,Biotechnology,NYQ
1713,BKU,"BankUnited, Inc.",3011699456,42.28,42.28,742675,35.1,52.11,52.11,1296225000.0,1792585800,Financial Services,Banks - Regional,NYQ
1714,BTU,Peabody Energy Corporation,3063346944,25.13,25.0,1347362,20.06,41.14,47.84,1491226200.0,1785328200,Energy,Thermal Coal,NYQ
1715,FHB,"First Hawaiian, Inc.",3004312576,24.69,24.96,1327173,22.645,30.58,35.47,1470403800.0,1792758600,Financial Services,Banks - Regional,NMS
1716,AGO,Assured Guaranty Ltd.,3079863808,70.03,70.72,342195,67.24,92.4,96.6,1082727000.0,1786046400,Financial Services,Insurance - Specialty,NYQ
1717,ASST,"Strive, Inc.",2806103552,27.8,28.23,8368902,7.02,36.2,698.0,1675434600.0,1786365000,Financial Services,Asset Management,NGM
1718,ABG,"Asbury Automotive Group, Inc.",3008741120,167.6,168.96,277141,164.34,258.75,312.56,1016721000.0,1793104200,Consumer Cyclical,Auto & Truck Dealerships,NYQ
1719,KNF,Knife River Corporation,2829088768,49.84,52.27,598024,49.155,96.28,108.83,1686058200.0,1785846600,Basic Materials,Building Materials,NYQ
1720,DAN,Dana Incorporated,3156299776,29.34,29.02,1186976,17.89,39.56,39.56,1199284200.0,1793190600,Consumer Cyclical,Auto Parts,NYQ
1721,AEO,"American Eagle Outfitters, Inc.",3044807424,18.17,17.845,4401056,14.1,28.46,38.99,766330200.0,1788984000,Consumer Cyclical,Apparel Retail,NYQ
1722,NEA,Nuveen AMT-Free Quality Municipal Income Fund,3024296448,10.01,9.99,2109810,9.53,11.9,16.0,1042727400.0,0,Financial Services,Asset Management,NYQ
1723,BELFA,Bel Fuse Inc.,2821179904,195.38,195.13,137861,110.67,293.51,293.51,439569000.0,1785355200,Technology,Electronic Components,NMS
1724,FRPT,"Freshpet, Inc.",3079080704,64.07,65.18,893821,46.45,86.0,186.98,1415370600.0,1785933000,Consumer Defensive,Packaged Foods,NGM
1725,ARQT,"Arcutis Biotherapeutics, Inc.",3340892160,26.58,24.49,1731364,19.295,31.77,40.88,1580481000.0,1785960000,Healthcare,Biotechnology,NMS
1726,FOUR,"Shift4 Payments, Inc.",3158404864,40.0,39.52,1676841,34.56,79.93,127.5,1591363800.0,1786019400,Technology,Software - Infrastructure,NYQ
1727,PII,Polaris Inc.,2936221696,51.6,52.81,411238,47.14,77.98,159.33,558797400.0,1793044800,Consumer Cyclical,Recreational Vehicles,NYQ
1728,AMBA,"Ambarella, Inc.",2976425728,67.43,62.89,2020903,48.3,96.69,227.59,1349875800.0,1788465600,Technology,Semiconductor Equipment & Materials,NMS
1729,CBZ,"CBIZ, Inc.",3011837184,54.82,54.8,539933,24.29,56.41,90.13,798989400.0,1785328200,Industrials,Specialty Business Services,NYQ
1730,UUUU,Energy Fuels Inc.,2637144832,9.96,9.94,5763251,9.72,27.9,240.0,1174311000.0,1785960000,Energy,Uranium,ASE
1731,WOR,"Worthington Enterprises, Inc.",3055477760,62.45,61.22,189803,45.01,67.54,70.91,322151400.0,1790107200,Industrials,Metal Fabrication,NYQ
1732,PAGS,PagSeguro Digital Ltd.,3076209408,11.16,10.68,4469321,8.42,12.32,62.83,1516804200.0,1794340800,Technology,Software - Infrastructure,NYQ
1733,POWI,"Power Integrations, Inc.",2744496128,49.12,49.89,365452,30.86,91.18,110.66,881937000.0,1785960000,Technology,Semiconductors,NMS
1734,BTDR,Bitdeer Technologies Group,2617263104,9.63,9.72,5856566,6.916,27.8,27.8,1627479000.0,1786365000,Technology,Software - Application,NCM
1735,FSK,FS KKR Capital Corp.,2995528704,10.84,10.79,2213788,9.72,16.31,43.52,1397655000.0,1793881800,Financial Services,Asset Management,NYQ
1736,CLBK,"Columbia Financial, Inc.",2911087360,10.8,11.01,2766016,6.209091,12.0,12.0,1524490200.0,0,Financial Services,Banks - Regional,NMS
1737,CALM,"Cal-Maine Foods, Inc.",3005827840,64.35,64.83,1198164,61.88,95.57,126.4,850401000.0,1790771400,Consumer Defensive,Farm Products,NMS
1738,NTCT,"NetScout Systems, Inc.",2958460416,40.69,39.3,360679,25.2,45.28,48.13,934464600.0,1786019400,Technology,Software - Infrastructure,NMS
1739,SA,Seabridge Gold Inc.,3029023744,28.08,27.12,381966,21.67,40.06,40.06,1082467800.0,0,Basic Materials,Gold,NYQ
1740,BRZE,"Braze, Inc.",3300763392,29.06,28.46,1454958,15.26,37.327,98.78,1637159400.0,1788897600,Technology,Software - Application,NMS
1741,NMIH,"NMI Holdings, Inc.",3009465856,40.01,40.61,372939,34.84,46.74,46.74,1383921000.0,1785441600,Financial Services,Insurance - Specialty,NGM
1742,EFXT,Enerflex Ltd.,2935353344,24.04,24.01,415394,10.57,29.15,29.15,1307971800.0,1793277000,Energy,Oil & Gas Equipment & Services,NYQ
1743,CSQR,"Csquare, Inc.",2914428416,17.49,17.38,748749,15.52,23.5,23.5,1784208600.0,1786046400,Technology,Information Technology Services,NYQ
1744,DXPE,"DXP Enterprises, Inc.",2807362304,180.92,178.58,141378,84.04,208.0,208.0,894547800.0,1785960000,Industrials,Industrial Distribution,NMS
1745,ATRO,Astronics Corporation,2762042112,64.22,64.45,363534,33.12051,94.46,94.46,322151400.0,1786478400,Industrials,Aerospace & Defense,NMS
1746,MRVI,"Maravai LifeSciences Holdings, Inc.",2755461376,7.44,7.21,2304548,2.545,9.42,63.55,1605882600.0,1786046400,Healthcare,Biotechnology,NMS
1747,AD,"Array Digital Infrastructure, Inc.",2887532032,33.39,33.66,294081,32.68,60.82,125.75,578755800.0,1786105800,Communication Services,Telecom Services,NYQ
1748,COLM,Columbia Sportswear Company,2920059648,57.04,56.76,595060,47.47,69.06,114.98,891009000.0,1793304000,Consumer Cyclical,Apparel Manufacturing,NMS
1749,AVA,Avista Corporation,2972388096,35.49,35.48,378042,34.46,43.5,68.0,99153000.0,1793795400,Utilities,Utilities - Diversified,NYQ
1750,YETI,"YETI Holdings, Inc.",2904224512,39.79,39.6,974275,31.88,53.99,108.82,1540474200.0,1786624200,Consumer Cyclical,Leisure,NYQ
1751,SMG,The Scotts Miracle-Gro Company,2902862848,49.86,50.43,957131,47.9,75.34,254.34,696868200.0,1793795400,Basic Materials,Agricultural Inputs,NYQ
1752,NG,NovaGold Resources Inc.,2944455424,6.71,6.28,5977575,5.08,14.4,19.810127,1070548200.0,1791462600,Basic Materials,Gold,ASE
1753,KYIV,Kyivstar Group Ltd.,2793691904,12.1,12.2,224716,9.29,16.55,16.55,1733236200.0,1793968200,Communication Services,Telecom Services,NMS
1754,GRBK,"Green Brick Partners, Inc.",2703652352,62.86,63.64,344443,60.44,83.18,156.26631,1182346200.0,1793217600,Consumer Cyclical,Residential Construction,NYQ
1755,SPSC,"SPS Commerce, Inc.",3045254656,84.59,83.32,378902,49.04,114.87,218.74,1271943000.0,1785441600,Technology,Software - Application,NMS
1756,MGRC,McGrath RentCorp,2775732480,113.64,112.73,101368,94.99,125.83,130.86,469204200.0,1793217600,Industrials,Rental & Leasing Services,NMS
1757,PFS,"Provident Financial Services, Inc.",2881035520,22.09,22.22,472643,17.69,25.49,29.12,1042727400.0,1793217600,Financial Services,Banks - Regional,NYQ
1758,BHF,"Brighthouse Financial, Inc.",2791036160,48.53,48.99,853123,44.51,66.8,75.0,1500298200.0,0,Financial Services,Insurance - Life,NMS
1759,DNOW,DNOW Inc.,2814836224,15.57,15.65,2278740,10.935,17.26,37.65,1400592600.0,1786019400,Industrials,Industrial Distribution,NYQ
1760,DYN,"Dyne Therapeutics, Inc.",3107460608,16.64,16.37,3565833,13.725,27.305,47.45,1600349400.0,0,Healthcare,Biotechnology,NMS
1761,QS,QuantumScape Corporation,2835539968,4.58,4.58,11786908,4.4,19.07,132.73,1597671000.0,1792612800,Consumer Cyclical,Auto Parts,NMS
1762,ZLAB,Zai Lab Limited,2805532928,24.99,24.81,1024847,15.96,32.76,193.54,1505914200.0,1786019400,Healthcare,Biotechnology,NGM
1763,TNET,"TriNet Group, Inc.",3004464896,65.45,66.49,243154,33.61,73.08,134.67,1395927000.0,1785414600,Industrials,Staffing & Employment Services,NYQ
1764,ARCB,ArcBest Corporation,2891371264,129.36,129.96,269977,59.43,176.69,176.69,705763800.0,1793795400,Industrials,Trucking,NMS
1765,INFQ,"Infleqtion, Inc.",2487941888,11.04,11.16,4903027,8.52,21.28,21.28,1771338600.0,1786564800,Technology,Software - Infrastructure,NYQ
1766,CXT,"Crane NXT, Co.",2903967744,50.45,48.18,427941,35.71,68.54,69.0,322151400.0,1785960000,Industrials,Business Equipment & Supplies,NYQ
1767,SPNT,SiriusPoint Ltd.,2899478784,24.96,25.03,390620,17.39,26.5,26.5,1376573400.0,1785355200,Financial Services,Insurance - Reinsurance,NYQ
1768,CWK,Cushman & Wakefield Limited,2727373312,11.62,11.83,2061303,11.15,17.4,23.54,1533216600.0,1785933000,Real Estate,Real Estate Services,NYQ
1769,IHS,IHS Holding Limited,2852212480,8.43,8.44,718868,5.71,8.95,18.48,1634218200.0,1786451400,Real Estate,Real Estate Services,NYQ
1770,CLBT,Cellebrite DI Ltd.,2830100224,11.26,11.34,1398497,9.58,19.98,26.3,1604673000.0,1786624200,Technology,Software - Infrastructure,NMS
1771,MMS,"Maximus, Inc.",3109527552,59.39,58.77,734817,51.04,100.0,100.0,866208600.0,1795091400,Industrials,Specialty Business Services,NYQ
1772,EROK,EagleRock Land LLC,2881593600,21.91,21.58,105091,19.75,27.42,27.42,1778765400.0,1786392000,Energy,Oil & Gas Equipment & Services,NYQ
1773,REZI,"Resideo Technologies, Inc.",2592034560,17.07,17.2,1556867,16.79,31.51705,31.51705,1540819800.0,1786564800,Industrials,Industrial Distribution,NYQ
1774,ABM,ABM Industries Incorporated,2909042176,49.63,49.89,277875,36.96,51.29,59.78,322151400.0,1788870600,Industrials,Specialty Business Services,NYQ
1775,GPOR,Gulfport Energy Corporation,2876457728,162.66,164.64,269185,149.18,225.78,225.78,1621344600.0,1785787200,Energy,Oil & Gas E&P,NYQ
1776,WTTR,"Select Water Solutions, Inc.",2820419072,19.76,19.6,1328623,9.285,22.55,22.55,1498483800.0,1785873600,Energy,Oil & Gas Equipment & Services,NYQ
1777,AAUC,Allied Gold Corporation,2864992512,20.56,19.63,363421,14.6,32.2,32.2,1723728600.0,1785960000,Basic Materials,Gold,NYQ
1778,GPI,"Group 1 Automotive, Inc.",2766075392,232.01,236.61,394502,227.88,461.27,490.09,878221800.0,1793190600,Consumer Cyclical,Auto & Truck Dealerships,NYQ
1779,SDRL,Seadrill Limited,2886287616,46.15,45.62,459973,28.1,55.47,56.46,1665754200.0,1793736000,Energy,Oil & Gas Drilling,NYQ
1780,NVA,Nova Minerals Corp,2402340608,4.86,5.12,494918,4.04,16.28,16.28,1721827800.0,0,Basic Materials,Other Industrial Metals & Mining,ASE
1781,KC,Kingsoft Cloud Holdings Limited,2772163072,9.26,8.74,941259,8.35,18.52,74.67,1588944600.0,1787142600,Technology,Software - Application,NMS
1782,TR,"Tootsie Roll Industries, Inc.",2817111296,37.48,37.59,109932,33.436893,45.06,49.39482,322151400.0,0,Consumer Defensive,Confectioners,NYQ
1783,TALO,Talos Energy Inc.,2805019904,16.8,16.95,5091416,8.965,18.725,37.64,1525959000.0,1793736000,Energy,Oil & Gas E&P,NYQ
1784,FIZZ,National Beverage Corp.,2857139200,30.52,30.84,314920,28.97,38.21,98.215,684768600.0,0,Consumer Defensive,Beverages - Non-Alcoholic,NMS
1785,ROG,Rogers Corporation,2633971456,147.41,148.12,174591,75.14,169.0,274.51,322151400.0,1785268800,Technology,Electronic Components,NYQ
1786,INTA,"Intapp, Inc.",3037880320,39.61,38.65,437741,19.01,47.93,77.74,1625059800.0,1785873600,Technology,Software - Application,NMS
1787,DGII,Digi International Inc.,2870016512,75.63,74.93,317485,34.41,86.84,86.84,623683800.0,1785960000,Technology,Communication Equipment,NMS
1788,TMDX,"TransMedics Group, Inc.",2700153600,77.87,79.0,733651,60.105,156.0,177.37,1556803800.0,1785873600,Healthcare,Medical Devices,NGM
1789,CWT,California Water Service Group,2840888064,45.94,45.6,315437,41.29,53.82,72.08,99153000.0,1793217600,Utilities,Utilities - Regulated Water,NYQ
1790,IMAX,IMAX Corporation,2785979136,50.8,51.31,682241,30.74,57.73,57.73,771255000.0,1784809800,Communication Services,Entertainment,NYQ
1791,BBAR,Banco BBVA Argentina S.A.,2583593984,12.65,12.69,366962,9.15,22.47,33.50176,754151400.0,1795550400,Financial Services,Banks - Regional,NYQ
1792,SLDE,"Slide Insurance Holdings, Inc.",2936646656,25.14,25.3,972978,14.2,26.75,26.75,1750253400.0,1793131200,Financial Services,Insurance - Property & Casualty,NMS
1793,CHRN,ChronoScale Holdings Corporation,2707400448,18.59,19.03,108182,3.5,30.0,12946.5,1389969000.0,0,Technology,Information Technology Services,NCM
1794,HWKN,"Hawkins, Inc.",2713765120,130.0,127.79,96569,116.05,176.58,186.15,322237800.0,1793044800,Basic Materials,Specialty Chemicals,NMS
1795,HOG,"Harley-Davidson, Inc.",2799550208,26.9,26.75,1510779,17.09,28.86,75.87,521213400.0,1793277000,Consumer Cyclical,Recreational Vehicles,NYQ
1796,SHAK,Shake Shack Inc.,2862083840,66.9,67.31,850367,51.6,107.46,144.65,1422628200.0,1785933000,Consumer Cyclical,Restaurants,NYQ
1797,AGYS,"Agilysys, Inc.",2962453760,105.03,102.59,188125,61.5,145.25,145.25,322151400.0,1785182400,Technology,Software - Application,NMS
1798,ATRC,"AtriCure, Inc.",2838848000,55.81,52.84,712506,25.36,61.7,89.18,1123248600.0,1784836800,Healthcare,Medical Instruments & Supplies,NGM
1799,KBH,KB Home,2622304000,43.13,44.37,1585149,42.88,67.57,89.7,523287000.0,1790107200,Consumer Cyclical,Residential Construction,NYQ
1800,KWR,Quaker Chemical Corporation,2683540992,155.95,158.11,71077,112.18,183.01,301.99,322151400.0,1785441600,Basic Materials,Specialty Chemicals,NYQ
1801,TDC,Teradata Corporation,2844869888,30.59,30.29,1408302,20.42,41.78,80.97,1191245400.0,1785873600,Technology,Software - Infrastructure,NYQ
1802,BANC,"Banc of California, Inc.",2740801792,17.3,17.35,1383300,15.33,21.93,30.51,1030109400.0,1793131200,Financial Services,Banks - Regional,NYQ
1803,WDFC,WD-40 Company,2714953472,202.29,203.9,91935,175.38,298.9,333.42,105283800.0,1792612800,Basic Materials,Specialty Chemicals,NMS
1804,ADEA,Adeia Inc.,2634592768,23.89,24.115,685376,11.61,34.34,34.34,1068733800.0,1785787200,Technology,Software - Application,NMS
1805,PGEN,"Precigen, Inc.",2796255232,7.81,7.6,3382213,3.04,8.98,68.83053,1375968600.0,1785873600,Healthcare,Biotechnology,NMS
1806,FUL,H.B. Fuller Company,2667771136,49.56,50.44,469580,46.7,68.63,87.67,99153000.0,1790193600,Basic Materials,Specialty Chemicals,NYQ
1807,MZTI,The Marzetti Company,2709996288,99.3,102.19,359208,97.0,176.26,220.65,322151400.0,1787661000,Consumer Defensive,Packaged Foods,NMS
1808,STNE,StoneCo Ltd.,2873221632,12.46,11.6,8306900,8.95,19.64,95.12,1540474200.0,1794513600,Technology,Software - Infrastructure,NMS
1809,FG,"F&G Annuities & Life, Inc.",2521812224,19.26,19.53,693882,19.25,35.33,50.75,1669127400.0,1793908800,Financial Services,Insurance - Life,NYQ
1810,ALRM,"Alarm.com Holdings, Inc.",2731871232,55.65,55.26,236489,41.49,58.145,108.67,1435325400.0,1786046400,Technology,Software - Application,NMS
1811,IMOS,ChipMOS TECHNOLOGIES INC.,2702742528,77.73,75.5,53977,19.24,83.84,83.84,1057239000.0,1786451400,Technology,Semiconductors,NMS
1812,RDW,Redwire Corporation,2394929152,9.58,9.76,9108081,4.87,26.64,26.66,1610634600.0,1785960000,Industrials,Aerospace & Defense,NYQ
1813,HGV,Hilton Grand Vacations Inc.,2683814656,34.53,34.56,527063,33.985,55.4,56.33,1483540200.0,1785414600,Consumer Cyclical,Resorts & Casinos,NYQ
1814,UE,Urban Edge Properties,2665623040,19.36,19.29,669862,18.46,24.11,30.29,1421418600.0,1793190600,Real Estate,REIT - Retail,NYQ
1815,DX,"Dynex Capital, Inc.",2695092480,10.86,10.7,5977670,10.36,14.93,195.0,571501800.0,1792413000,Real Estate,REIT - Mortgage,NYQ
1816,MBX,"MBX Biosciences, Inc.",2564043520,53.24,53.25,538783,12.94,72.64,72.64,1726234200.0,1786019400,Healthcare,Biotechnology,NMS
1817,ACHC,"Acadia Healthcare Company, Inc.",2723182848,29.25,28.48,1326674,11.43,35.83,89.85,762791400.0,1785268800,Healthcare,Medical Care Facilities,NMS
1818,PONY,Pony AI Inc.,2628512256,6.04,5.76,4631127,5.71,22.698,24.92,1732717800.0,1787056200,Technology,Information Technology Services,NMS
1819,AKR,Acadia Realty Trust,2659317504,18.24,18.18,839247,17.98,23.03,38.01,738509400.0,1785268800,Real Estate,REIT - Retail,NYQ
1820,FRMI,Fermi Inc.,2199520768,3.43,3.66,13818435,3.42,32.39,36.99,1759325400.0,1786624200,Real Estate,REIT - Specialty,NMS
1821,AVAH,Aveanna Healthcare Holdings Inc.,2674060800,12.25,12.24,1628078,5.93,14.71,14.71,1619616600.0,1786624200,Healthcare,Medical Care Facilities,NMS
1822,AMBP,Ardagh Metal Packaging S.A.,2629907712,4.4,4.46,4907283,3.29,5.47,12.43,1628170200.0,1792672200,Consumer Cyclical,Packaging & Containers,NYQ
1823,UNFI,"United Natural Foods, Inc.",2684713216,44.51,44.07,478710,30.91,57.02,83.91,846858600.0,1788870600,Consumer Defensive,Food Distribution,NYQ
1824,MGEE,"MGE Energy, Inc.",2650560768,70.22,70.73,102824,68.01,87.94,109.22,322151400.0,1785956400,Utilities,Utilities - Regulated Electric,NMS
1825,VIA,"Via Transportation, Inc.",2756048384,32.37,30.93,452047,12.95,55.2,56.31,1757683800.0,1794227400,Technology,Software - Application,NYQ
1826,BOH,Bank of Hawaii Corporation,2635680768,66.81,67.71,267480,59.36,86.31,99.1,322151400.0,1793017800,Financial Services,Banks - Regional,NYQ
1827,NMM,Navios Maritime Partners L.P.,2691835136,93.06,91.99,173254,43.02,95.0,323.4,1194964200.0,1787229000,Industrials,Marine Shipping,NYQ
1828,APPN,Appian Corporation,2872266752,40.1,38.66,760693,18.63,46.059,260.0,1495719000.0,1786019400,Technology,Software - Infrastructure,NGM
1829,FBK,FB Financial Corporation,2631348992,52.65,52.91,338692,49.24,62.655,62.655,1474032600.0,1791894600,Financial Services,Banks - Regional,NYQ
1830,DCO,Ducommun Incorporated,2575418368,170.56,168.3,91818,84.76,210.39,210.39,105283800.0,1786019400,Industrials,Aerospace & Defense,NYQ
1831,HAYW,"Hayward Holdings, Inc.",2407557376,11.35,11.44,3032043,11.274,17.73,28.65,1615559400.0,1793190600,Industrials,Electrical Equipment & Parts,NYQ
1832,LFTO,"Liftoff Mobile, Inc.",2609398784,15.41,16.15,600016,15.02,30.1,30.1,1780579800.0,1786564800,Communication Services,Advertising Agencies,NMS
1833,TRMK,Trustmark Corporation,2574157568,44.21,44.55,262473,36.33,49.0,49.0,322151400.0,1793131200,Financial Services,Banks - Regional,NMS
1834,BCC,Boise Cascade Company,2566956800,73.57,74.22,205207,65.0,91.97,155.42,1360161000.0,1785787200,Basic Materials,Lumber & Wood Production,NYQ
1835,NEOG,Neogen Corporation,2586926592,11.85,11.71,3641042,5.37,14.26,48.85,619882200.0,1791316800,Healthcare,Medical Devices,NMS
1836,PLUG,Plug Power Inc.,2347288064,1.68,1.73,41636158,1.68,4.33,1565.0,941203800.0,1794254400,Industrials,Electrical Equipment & Parts,NCM
1837,BEAM,Beam Therapeutics Inc.,2654492928,25.7,24.6,1798758,20.23,38.26,138.522,1580999400.0,1785846600,Healthcare,Biotechnology,NMS
1838,NBTB,NBT Bancorp Inc.,2601120768,50.06,50.53,206686,39.2,54.5,54.5,700842600.0,1793131200,Financial Services,Banks - Regional,NMS
1839,PRVA,"Privia Health Group, Inc.",2663258368,20.85,20.19,1128403,18.915,28.82,50.77,1619616600.0,1793881800,Healthcare,Health Information Services,NMS
1840,MNSO,MINISO Group Holding Limited,2806291200,9.6,9.07,2339051,8.55,23.1,35.21,1602768600.0,1787920200,Consumer Cyclical,Specialty Retail,NYQ
1841,BKD,Brookdale Senior Living Inc.,2416830464,10.12,10.89,18825161,8.02,17.09,54.25,1132669800.0,1786392000,Healthcare,Medical Care Facilities,NYQ
1842,PPTA,Perpetua Resources Corp.,2581977344,20.64,20.11,775153,16.435,37.37,37.37,1613658600.0,0,Basic Materials,Other Precious Metals & Mining,NCM
1843,HIMX,"Himax Technologies, Inc.",2319864832,13.3,13.26,1101709,6.85,25.09,25.09,1143815400.0,1793881800,Technology,Semiconductors,NMS
1844,AMC,"AMC Entertainment Holdings, Inc.",2659961856,2.98,2.88,14161363,0.93,3.4,726.2,1387377000.0,0,Communication Services,Entertainment,NYQ
1845,GRDN,"Guardian Pharmacy Services, Inc.",2614770176,41.28,41.6,397504,23.37,48.33,48.33,1727357400.0,1786046400,Healthcare,Medical Care Facilities,NYQ
1846,EXK,Endeavour Silver Corp.,2561649664,8.65,8.57,6498446,6.6,15.15,15.15,1146058200.0,1794254400,Basic Materials,Silver,NYQ
1847,NOG,"Northern Oil and Gas, Inc.",2638156544,24.76,25.14,1706952,17.18,31.17,339.8,1176471000.0,1793908800,Energy,Oil & Gas E&P,NYQ
1848,SOUN,"SoundHound AI, Inc.",2393764608,5.39,5.52,11819101,5.36,22.17,24.98,1651152600.0,1785960000,Technology,Software - Application,NGM
1849,HCM,HUTCHMED (China) Limited,2450779904,14.1,13.67,50068,9.77,16.33,43.94,1458135000.0,1785414600,Healthcare,Drug Manufacturers - Specialty & Generic,NMS
1850,DRH,DiamondRock Hospitality Company,2592010496,12.62,12.6,2951235,7.48,13.79,22.0,1117114200.0,1793736000,Real Estate,REIT - Hotel & Motel,NMS
1851,CARG,"CarGurus, Inc.",2569769984,28.85,29.24,1672152,26.39,41.22,57.25,1507815000.0,1786046400,Communication Services,Internet Content & Information,NMS
1852,CALY,Callaway Golf Company,2440238848,13.67,13.87,1891660,8.47,20.28,38.5,699287400.0,1785873600,Consumer Cyclical,Leisure,NYQ
1853,KMT,Kennametal Inc.,2438369792,31.92,31.71,792525,20.38,43.81,52.52,99153000.0,1785933000,Industrials,Tools & Accessories,NYQ
1854,KALU,Kaiser Aluminum Corporation,2477050880,151.51,149.74,91153,76.46,199.89,199.89,1152279000.0,1792612800,Basic Materials,Aluminum,NMS
1855,GPK,Graphic Packaging Holding Company,2472197888,8.35,8.58,6128232,8.21,18.25,30.7,723997800.0,1793709000,Consumer Cyclical,Packaging & Containers,NYQ
1856,LCLN,"Lincoln International, Inc.",2590156288,24.62,24.35,293258,20.05,27.55,27.55,1779283800.0,1786019400,Financial Services,Capital Markets,NYQ
1857,NAMS,NewAmsterdam Pharma Company N.V.,2522203392,21.575,21.26,1265528,20.91,42.205,42.205,1612881000.0,1785933000,Healthcare,Biotechnology,NGM
1858,CUBI,"Customers Bancorp, Inc.",2501352704,74.04,74.6,172475,59.34,84.38,84.38,1331731800.0,1784836800,Financial Services,Banks - Regional,NYQ
1859,HOS,"Hornbeck Offshore Services, Inc",2442690048,7.47,7.63,1477080,6.11,11.13,47.35,867763800.0,0,Industrials,Marine Shipping,NYQ
1860,TTAM,Titan America SA,2411603200,13.08,13.11,136295,12.92,19.57,19.57,1738938600.0,1785268800,Basic Materials,Building Materials,NYQ
1861,DNN,Denison Mines Corp.,2199776000,2.43,2.36,23045585,2.2,4.43,12.698816,1107959400.0,1793736000,Energy,Uranium,ASE
1862,HURN,Huron Consulting Group Inc.,2657777664,167.05,165.31,153881,84.88,186.78,186.78,1097674200.0,1785268800,Industrials,Consulting Services,NMS
1863,RNW,ReNew Energy Global Plc,2508180736,6.88,6.9,2826293,4.385,8.15,14.08,1612189800.0,1787056200,Utilities,Utilities - Renewable,NMS
1864,KD,"Kyndryl Holdings, Inc.",2559364608,11.75,11.88,2635765,10.1,29.45,52.0,1634909400.0,1793795400,Technology,Information Technology Services,NYQ
1865,NGVT,Ingevity Corporation,2398203648,69.76,71.41,224012,45.85,79.29,120.41,1462282200.0,1793822400,Basic Materials,Specialty Chemicals,NYQ
1866,JPC,Nuveen Preferred & Income Opportunities Fund,2537193472,6.75,6.65,2260480,6.55,8.3,15.92,1049121000.0,0,Financial Services,Asset Management,NYQ
1867,MH,"McGraw Hill, Inc.",2557798912,13.37,13.37,355942,8.945,18.0,18.0,1753363800.0,1793881800,Consumer Defensive,Education & Training Services,NYQ
1868,CENT,Central Garden & Pet Company,2540007936,40.58,40.55,34794,28.77,46.97,49.2639,711207000.0,1785960000,Consumer Defensive,Packaged Foods,NMS
1869,FIVN,"Five9, Inc.",2719936512,36.4,35.15,1300207,13.29,40.0,211.68,1396618200.0,1786046400,Technology,Software - Infrastructure,NGM
1870,COTY,Coty Inc.,2509956352,2.85,2.79,3913865,1.82,4.43,32.72,1371130200.0,1787169600,Consumer Defensive,Household & Personal Products,NYQ
1871,FRME,First Merchants Corporation,2449255424,39.0,39.59,436041,34.66,45.33,50.65,614352600.0,1792612800,Financial Services,Banks - Regional,NMS
1872,NESR,National Energy Services Reunited Corp.,2297402880,22.78,23.24,2035043,10.01,36.94,36.94,1720531800.0,1786365000,Energy,Oil & Gas Equipment & Services,NCM
1873,FBNC,First Bancorp,2449592576,59.17,59.73,105727,45.96,66.78,66.78,546787800.0,1784750400,Financial Services,Banks - Regional,NMS
1874,AAP,"Advance Auto Parts, Inc.",2554919936,42.3,42.15,1308312,37.89,65.2,244.55,1007044200.0,1787229000,Consumer Cyclical,Auto Parts,NYQ
1875,SUPN,"Supernus Pharmaceuticals, Inc.",2484424192,42.67,42.14,579132,40.51,59.68,61.25,1335879000.0,1785760200,Healthcare,Drug Manufacturers - Specialty & Generic,NGM
1876,SKWD,"Skyward Specialty Insurance Group, Inc.",2589203456,58.32,59.31,241501,40.6,65.69,65.69,1673620200.0,1793908800,Financial Services,Insurance - Property & Casualty,NMS
1877,GDV,The Gabelli Dividend & Income Trust,2477772800,28.58,28.31,74754,26.14,31.0,31.0,1069770600.0,0,Financial Services,Asset Management,NYQ
1878,RXRX,"Recursion Pharmaceuticals, Inc.",2338141952,4.36,3.95,35308952,2.77,7.18,42.81,1618579800.0,1785933000,Healthcare,Biotechnology,NMS
1879,APAM,Artisan Partners Asset Management Inc.,2375540480,33.46,33.65,853787,33.02,46.53,71.86,1362666600.0,1785268800,Financial Services,Asset Management,NYQ
1880,CLOV,"Clover Health Investments, Corp.",2544238336,4.79,4.58,10505222,1.58,5.59,28.85,1591968600.0,1793822400,Healthcare,Healthcare Plans,NMS
1881,BANR,Banner Corporation,2433960192,66.43,66.87,186664,57.05,74.84,326.97,815236200.0,1792612800,Financial Services,Banks - Regional,NMS
1882,PLUS,ePlus inc.,2434236160,93.3,91.6,157413,69.35,98.14,106.98,848068200.0,1785873600,Technology,Software - Application,NMS
1883,CLDX,"Celldex Therapeutics, Inc.",2347247872,29.89,29.3,992725,22.1,45.14,3375.0,516547800.0,0,Healthcare,Biotechnology,NCM
1884,BKV,BKV Corporation,2652773120,24.24,23.94,1677147,20.08,32.81,32.81,1727357400.0,1786019400,Energy,Oil & Gas E&P,NYQ
1885,TSAT,Telesat Corporation,2361303808,45.96,44.66,88708,23.01,61.54,85.84,1122471000.0,1786624200,Technology,Communication Equipment,NMS
1886,WLY,"John Wiley & Sons, Inc.",2515950080,49.64,49.4,256277,28.38,57.4499,71.75,76253400.0,1788438600,Communication Services,Publishing,NYQ
1887,HTO,H2O America,2447785984,58.48,58.07,386058,43.75,67.09,83.88,76253400.0,1785182400,Utilities,Utilities - Regulated Water,NMS
1888,MAN,ManpowerGroup Inc.,2454563840,52.78,54.36,534694,25.15,63.88,136.93,592061400.0,1792067400,Industrials,Staffing & Employment Services,NYQ
1889,PAYO,Payoneer Global Inc.,2419395072,7.14,7.16,1164025,4.08,7.19,14.5,1602855000.0,1786019400,Technology,Software - Infrastructure,NGM
1890,IOSP,Innospec Inc.,2355959808,95.65,97.69,182352,65.51,100.48,133.71,895066200.0,1793736000,Basic Materials,Specialty Chemicals,NMS
1891,BUSE,First Busey Corporation,2388951552,28.93,29.22,535173,22.0,31.7,72.21,907680600.0,1793131200,Financial Services,Banks - Regional,NMS
1892,LPG,Dorian LPG Ltd.,2465993728,57.64,58.23,447873,23.76,59.97,59.97,1399555800.0,1785933000,Energy,Oil & Gas Midstream,NYQ
1893,LUNR,"Intuitive Machines, Inc.",2129036928,13.19,13.7,7512820,7.78,46.75,136.0,1637159400.0,1786624200,Industrials,Aerospace & Defense,NGM
1894,AYR,N/A,0,0.0,0.0,0,0.0,0.0,0.0,0.0,0,N/A,N/A,
1895,IRON,"Disc Medicine, Inc.",2382659840,62.06,60.77,675132,40.0,99.5,572.55,1597239000.0,1785414600,Healthcare,Biotechnology,NGM
1896,DJT,Trump Media & Technology Group Corp.,2254103808,8.11,8.2,3136768,6.96,17.09,175.0,1633008600.0,1786392000,Communication Services,Internet Content & Information,NGM
1897,KYN,"Kayne Anderson Energy Infrastructure Fund, Inc.",2410045952,14.25,14.21,231707,11.31,15.17,41.35,1096378200.0,0,Financial Services,Asset Management,NYQ
1898,PTY,PIMCO Corporate & Income Opportunity Fund,2434066432,10.97,10.94,1194722,10.65,14.61,22.2,1040913000.0,0,Financial Services,Asset Management,NYQ
1899,GRND,Grindr Inc.,2612524032,15.03,14.94,1225790,9.732,18.5,71.51,1610634600.0,1786046400,Technology,Software - Application,NYQ
1900,SYBT,"Stock Yards Bancorp, Inc.",2332794112,75.09,75.89,131522,61.51,89.22,89.22,732983400.0,1793190600,Financial Services,Banks - Regional,NMS
1901,AERO,"Grupo Aeromexico, S.A.B. de C.V",2271716096,15.57,15.78,608817,12.26,23.05,23.05,1762439400.0,1792440000,Industrials,Airlines,NYQ
1902,NWL,Newell Brands Inc.,2402075904,5.64,5.73,3002546,3.07,7.13,55.45,322151400.0,1793363400,Consumer Defensive,Household & Personal Products,NMS
1903,NAD,Nuveen Quality Municipal Income Fund,2381335552,10.2,10.08,1481143,9.66,12.31,16.46,927725400.0,0,Financial Services,Asset Management,NYQ
1904,EEFT,"Euronet Worldwide, Inc.",2416272128,64.6,63.66,784061,61.62,89.44,171.25,857745000.0,1785414600,Technology,Software - Infrastructure,NMS
1905,VC,Visteon Corporation,2280590336,85.43,86.15,281611,83.49,126.95,171.66,1286285400.0,1784809800,Consumer Cyclical,Auto Parts,NMS
1906,ATHM,Autohome Inc.,2380582656,20.67,20.37,388416,15.57,28.12,147.67,1386772200.0,1787229000,Communication Services,Internet Content & Information,NYQ
1907,LIND,"Lindblad Expeditions Holdings, Inc.",2350497280,35.82,35.54,702751,11.37,36.36,36.36,1372858200.0,1785760200,Consumer Cyclical,Travel Services,NCM
1908,HLIO,"Helios Technologies, Inc.",2291053568,69.53,67.95,347936,47.01,95.05,114.89,852820200.0,1786392000,Industrials,Specialty Industrial Machinery,NYQ
1909,AGM,Federal Agricultural Mortgage Corporation,2212969472,203.9,207.44,109352,136.57,248.29,248.29,760890600.0,1785441600,Financial Services,Credit Services,NYQ
1910,IMNM,"Immunome, Inc.",2306960896,19.55,19.31,997784,13.535,30.06,63.78,1601645400.0,0,Healthcare,Biotechnology,NCM
1911,OSW,OneSpaWorld Holdings Limited,2409579520,23.74,23.5,366570,19.06,29.248,29.248,1510929000.0,1785328200,Consumer Cyclical,Leisure,NCM
1912,LQDA,Liquidia Corporation,2450753280,27.38,28.02,3571134,21.94,93.61,93.61,1532611800.0,1786537800,Healthcare,Drug Manufacturers - Specialty & Generic,NCM
1913,NRIX,"Nurix Therapeutics, Inc.",2319520512,22.35,22.21,1406259,9.0,28.23,52.38,1595597400.0,0,Healthcare,Biotechnology,NGM
1914,BFLY,"Butterfly Network, Inc.",2196852736,8.25,8.03,3955335,1.9,10.21,29.13,1594647000.0,1793277000,Healthcare,Medical Devices,NYQ
1915,SVM,Silvercorp Metals Inc.,2320454144,10.49,10.31,1386133,5.95,15.77,15.77,1494855000.0,1786392000,Basic Materials,Silver,ASE
1916,ICHR,"Ichor Holdings, Ltd.",2243882752,59.91,58.83,343647,14.06,113.58,113.58,1481293800.0,1793649600,Technology,Semiconductor Equipment & Materials,NMS
1917,BBT,Beacon Financial Corporation,2278959360,27.19,27.48,662488,22.81,32.83,44.25,962199000.0,1792612800,Financial Services,Banks - Regional,NYQ
1918,FIGS,"FIGS, Inc.",2621692928,15.78,14.98,3757496,6.77,17.48,50.4,1622122200.0,1786046400,Consumer Cyclical,Apparel Manufacturing,NYQ
1919,UFPT,"UFP Technologies, Inc.",2238300928,288.97,286.56,92649,173.86,338.71,366.41,756138600.0,1785787200,Healthcare,Medical Devices,NCM
1920,UPST,"Upstart Holdings, Inc.",2345244416,24.1,24.19,2682960,22.555,55.22,401.49,1608129000.0,1793709000,Financial Services,Credit Services,NMS
1921,FCPT,"Four Corners Property Trust, Inc.",2335616512,21.28,21.25,561666,20.86,26.86,32.5,1447165800.0,1793217600,Real Estate,REIT - Retail,NYQ
1922,NWCL,newcleo plc,2066085760,7.47,7.52,78470,7.09,11.6,11.6,1744896600.0,0,Industrials,Specialty Industrial Machinery,NMS
1923,LASR,"nLIGHT, Inc.",2219918592,38.48,38.31,621744,28.05,86.95,86.95,1524749400.0,1786046400,Technology,Semiconductors,NMS
1924,PRLB,"Proto Labs, Inc.",2244830720,93.84,92.21,140290,45.1,99.96,286.57,1330093800.0,1793277000,Industrials,Metal Fabrication,NYQ
1925,CNXN,"PC Connection, Inc.",2342348032,92.81,90.89,99108,54.97,93.89,93.89,888935400.0,1785355200,Technology,Electronics & Computer Distribution,NMS
1926,PDFS,"PDF Solutions, Inc.",2297160704,54.4,52.18,480996,23.55,71.69,71.69,996586200.0,1786046400,Technology,Software - Application,NMS
1927,IVT,InvenTrust Properties Corp.,2322197760,29.78,29.59,388603,26.81,37.22,53.109245,1393511400.0,1793131200,Real Estate,REIT - Retail,NYQ
1928,ALMR,"Alamar Biosciences, Inc.",1753555328,25.27,25.91,1133448,18.85,39.61,39.61,1776432600.0,1793736000,Healthcare,Medical Devices,NMS
1929,SLS,"SELLAS Life Sciences Group, Inc.",2352667392,11.65,11.26,4137922,1.39,15.88,718500.0,1205328600.0,0,Healthcare,Biotechnology,NCM
1930,NTB,The Bank of N.T. Butterfield & Son Limited,2261284608,57.5,57.85,74458,40.59,64.17,64.17,1474032600.0,1785182400,Financial Services,Banks - Diversified,NYQ
1931,HRMY,"Harmony Biosciences Holdings, Inc.",2345761792,40.28,39.6,487112,25.52,43.49,62.085,1597843800.0,1785846600,Healthcare,Biotechnology,NGM
1932,HCI,"HCI Group, Inc.",2384406528,191.69,192.35,145223,144.75,210.5,210.5,1221485400.0,1786046400,Financial Services,Insurance - Property & Casualty,NYQ
1933,INOD,Innodata Inc.,2133099776,62.04,61.2,801278,34.23,125.14,125.14,744989400.0,1786046400,Technology,Information Technology Services,NGM
1934,RAMP,"LiveRamp Holdings, Inc.",2283459584,37.56,37.57,1164682,21.71,38.23,87.38,440260200.0,1785960000,Technology,Software - Infrastructure,NYQ
1935,STDN,"Standard Nuclear, Inc.",2199620608,13.69,13.49,327945,7.05,17.34,17.34,1784208600.0,1787774400,Basic Materials,Specialty Chemicals,NYQ
1936,ADMA,"ADMA Biologics, Inc.",2320481024,10.36,10.33,2828406,7.21,20.458,25.67,1382016600.0,1785960000,Healthcare,Biotechnology,NGM
1937,LTC,"LTC Properties, Inc.",2288830208,42.46,42.05,315904,33.64,43.6,54.2,714144600.0,1785960000,Real Estate,REIT - Healthcare Facilities,NYQ
1938,CTOS,"Custom Truck One Source, Inc.",2104426240,9.25,9.37,719582,5.18,12.23,12.23,1507555800.0,1785787200,Industrials,Rental & Leasing Services,NYQ
1939,MBIN,Merchants Bancorp,2247290624,48.92,49.8,127675,30.37,56.87,56.87,1509111000.0,1793217600,Financial Services,Banks - Regional,NCM
1940,NVG,Nuveen AMT-Free Municipal Credit Income Fund,2311447552,10.71,10.57,1412480,10.29,13.59,18.27,1031837400.0,0,Financial Services,Asset Management,NYQ
1941,ANDE,"The Andersons, Inc.",2170699008,63.89,66.53,291766,41.3,82.11,82.11,824826600.0,1793736000,Consumer Defensive,Food Distribution,NMS
1942,PBI,Pitney Bowes Inc.,2303115264,16.8,16.98,1236314,8.95,19.07,73.3125,76253400.0,1785355200,Industrials,Integrated Freight & Logistics,NYQ
1943,BHC,Bausch Health Companies Inc.,2258903040,6.04,6.04,1013089,4.33,8.0,263.81,764951400.0,1793217600,Healthcare,Drug Manufacturers - Specialty & Generic,NYQ
1944,BKE,"The Buckle, Inc.",2274788864,44.16,43.31,330713,39.44,58.52,61.69,705331800.0,1787315400,Consumer Cyclical,Apparel Retail,NYQ
1945,KSS,Kohl's Corporation,2307210752,20.35,20.11,3285206,11.38,25.22,83.28,706282200.0,1787747400,Consumer Cyclical,Department Stores,NYQ
1946,SSMR,Sunshine Silver Mining & Refining Company,2140089216,14.89,14.63,235222,12.51,19.61,19.61,1780579800.0,1786564800,Basic Materials,Other Industrial Metals & Mining,NYQ
1947,OPEN,Opendoor Technologies Inc.,2155822080,2.22,2.29,30456822,2.13,9.455,39.24,1592487000.0,1785873600,Real Estate,Real Estate Services,NMS
1948,LIFE,Ethos Technologies Inc.,2356549376,36.96,36.22,1006018,9.45,42.55,42.55,1769697000.0,1785787200,Financial Services,Insurance Brokers,NMS
1949,DBD,"Diebold Nixdorf, Incorporated",2161379072,63.67,63.02,219988,54.48,92.085,92.085,1692019800.0,1793190600,Technology,Software - Application,NYQ
1950,PHIN,PHINIA Inc.,2118780672,57.83,58.46,277658,50.795,86.935,86.935,1687959000.0,1793277000,Consumer Cyclical,Auto Parts,NYQ
1951,WAFD,"WaFd, Inc.",2178159104,29.43,29.74,794111,26.31,39.49,39.49,405700200.0,1784232000,Financial Services,Banks - Regional,NMS
1952,STUB,"StubHub Holdings, Inc.",2338390528,6.12,6.14,4550922,5.215,21.49,27.89,1758115800.0,1786564800,Communication Services,Internet Content & Information,NYQ
1953,FLYW,Flywire Corporation,2282485504,18.76,18.43,855054,10.55,19.73,57.41,1622035800.0,1785873600,Technology,Software - Infrastructure,NMS
1954,NN,NextNav Inc.,2084802432,12.35,11.6,5391906,10.77,24.42,24.42,1604327400.0,1786478400,Technology,Software - Infrastructure,NCM
1955,AMR,"Alpha Metallurgical Resources, Inc.",2302134272,181.57,174.28,224337,133.64,253.82,452.0,1612794600.0,1786105800,Basic Materials,Coking Coal,NYQ
1956,VVX,"V2X, Inc.",2239312384,71.44,70.97,330881,50.889,93.98,93.98,1410874200.0,1793649600,Industrials,Aerospace & Defense,NYQ
1957,CALX,"Calix, Inc.",2344779008,37.24,36.08,1432296,32.35,71.22,80.95,1269437400.0,1793649600,Technology,Software - Infrastructure,NYQ
1958,RH,RH,2214990336,116.99,113.67,900178,106.3,239.4,744.56,1351863000.0,1789070400,Consumer Cyclical,Specialty Retail,NYQ
1959,PBH,Prestige Consumer Healthcare Inc.,2284872960,48.23,47.87,323704,42.62,71.07,90.04,1108045800.0,1786019400,Healthcare,Drug Manufacturers - Specialty & Generic,NYQ
1960,NWBI,"Northwest Bancshares, Inc.",2147636736,14.67,14.85,718374,11.25,16.16,19.1,784218600.0,1793044800,Financial Services,Banks - Regional,NMS
1961,ALVO,Alvotech,2062402432,5.78,5.67,707114,2.94,9.045,18.0,1655386200.0,1794427200,Healthcare,Drug Manufacturers - Specialty & Generic,NGM
1962,PHVS,Pharvaris N.V.,2183360000,31.1,31.12,754988,20.65,43.25,43.25,1612535400.0,1786537800,Healthcare,Biotechnology,NMS
1963,CHA,Chagee Holdings Limited,2146087424,11.25,11.33,326518,8.98,17.66,41.8,1744896600.0,1787920200,Consumer Cyclical,Restaurants,NMS
1964,SIND,Sinda Ltd.,2226248192,14.02,13.6,39699,10.03,18.95,18.95,1782480600.0,1786710600,Basic Materials,Other Precious Metals & Mining,NYQ
1965,EFSC,Enterprise Financial Services Corp,2120519808,58.59,59.33,118478,51.18,68.73,68.73,1058275800.0,1792612800,Financial Services,Banks - Regional,NMS
1966,PLBL,Polibeli Group Ltd,2066425216,5.64,5.64,189424,5.1,11.75,13.48,1754659800.0,0,Consumer Cyclical,Department Stores,NGM
1967,PTON,"Peloton Interactive, Inc.",2247023616,5.12,4.92,7046583,3.65,8.19,171.09,1569504600.0,1786019400,Consumer Cyclical,Leisure,NMS
1968,SDGR,"Schrödinger, Inc.",2040697728,27.28,26.39,2076875,10.945,33.78,117.0,1580999400.0,1785960000,Healthcare,Health Information Services,NMS
1969,PEB,Pebblebrook Hotel Trust,2157552896,19.12,18.98,1358158,9.99,19.93,50.17,1260369000.0,1793304000,Real Estate,REIT - Hotel & Motel,NYQ
1970,CTRI,"Centuri Holdings, Inc.",2110127872,20.9,20.81,1198146,19.03,42.985,42.985,1713533400.0,1785846600,Utilities,Utilities - Regulated Gas,NYQ
1971,BSTZ,BlackRock Science and Technology Term Trust,2069198976,30.1,29.91,130129,20.69,31.89,43.76,1561555800.0,0,Financial Services,Asset Management,NYQ
1972,OFG,OFG Bancorp,2136098176,50.54,50.92,149608,35.71,54.47,54.47,543767400.0,1792585800,Financial Services,Banks - Regional,NYQ
1973,BGSI,Boyd Group Services Inc.,2172136704,78.05,78.07,32565,75.42,183.1,183.1,1762180200.0,1794400200,Consumer Cyclical,Auto & Truck Dealerships,NYQ
1974,NZF,Nuveen Municipal Credit Income Fund,2132762624,10.86,10.82,1153858,10.45,13.02,17.59,1002115800.0,0,Financial Services,Asset Management,NYQ
1975,AXGN,"Axogen, Inc.",2119801728,36.13,36.18,871688,15.27,52.91,56.85,535213800.0,1785328200,Healthcare,Medical Devices,NCM
1976,DRD,DRDGOLD Limited,2160597760,24.87,24.1,155206,19.47,39.37,155.0,769095000.0,1787169600,Basic Materials,Gold,NYQ
1977,ALGT,Allegiant Travel Company,2089424640,76.43,76.415,307142,57.11,123.63,271.29,1165588200.0,1785873600,Industrials,Airlines,NMS
1978,RVT,"Royce Small-Cap Trust, Inc.",2109743232,16.98,16.81,199279,14.97,19.12,22.020294,532794600.0,0,Financial Services,Asset Management,NYQ
1979,MCRI,"Monarch Casino & Resort, Inc.",2049260928,114.34,115.37,120306,88.13,135.93,135.93,744643800.0,1793131200,Consumer Cyclical,Resorts & Casinos,NMS
1980,PATK,"Patrick Industries, Inc.",2038225024,63.46,65.07,388378,63.32,148.5,148.5,322151400.0,1785414600,Consumer Cyclical,Recreational Vehicles,NMS
1981,CDLR,Cadeler A/S,2103071744,21.8,21.51,101884,15.37,30.01,30.01,1702996200.0,0,Industrials,Engineering & Construction,NYQ
1982,NEO,"NeoGenomics, Inc.",2100573440,16.35,16.02,1385262,7.07,20.15,61.57,1079447400.0,1785268800,Healthcare,Diagnostics & Research,NCM
1983,WGS,GeneDx Holdings Corp.,2007951616,67.33,67.73,404689,32.21,170.87,896.94,1604500200.0,1785787200,Healthcare,Diagnostics & Research,NMS
1984,KEEL,Keel Infrastructure Corp.,1883598208,3.05,3.15,28434346,1.68,7.37,10.0,1565962200.0,1786365000,Technology,Information Technology Services,NGM
1985,CC,The Chemours Company,2048291200,13.61,13.83,2075416,10.44,28.67,58.08,1434720600.0,1785873600,Basic Materials,Specialty Chemicals,NYQ
1986,PENN,"PENN Entertainment, Inc.",2076882048,15.48,15.76,2628259,11.65,22.36,142.0,769959000.0,1793881800,Consumer Cyclical,Resorts & Casinos,NMS
1987,ADUS,Addus HomeCare Corporation,2135032704,114.33,114.26,101603,87.95,124.44,136.72,1256736600.0,1785787200,Healthcare,Medical Care Facilities,NMS
1988,HTH,Hilltop Holdings Inc.,2084079872,36.38,36.68,208733,30.78,40.41,40.41,1077201000.0,1784836800,Financial Services,Financial Conglomerates,NYQ
1989,DV,"DoubleVerify Holdings, Inc.",2106900992,13.49,13.5,815859,7.64,13.65,48.42,1619011800.0,1786046400,Communication Services,Advertising Agencies,NYQ
1990,SEDG,"SolarEdge Technologies, Inc.",1981744256,32.21,32.47,1220087,28.21,81.25,389.71,1427376600.0,1785933000,Technology,Solar,NMS
1991,MD,"Pediatrix Medical Group, Inc.",2164587008,26.64,26.24,518044,15.82,27.94,86.09,811603800.0,1785846600,Healthcare,Medical Care Facilities,NYQ
1992,RLX,RLX Technology Inc.,2114500480,1.73,1.72,1656302,1.645,2.6,35.0,1611325800.0,1786710600,Consumer Defensive,Tobacco,NYQ
1993,SHO,"Sunstone Hotel Investors, Inc.",2103026048,11.31,11.35,1560511,8.69,12.07,31.45,1098365400.0,1793968200,Real Estate,REIT - Hotel & Motel,NYQ
1994,ASAN,"Asana, Inc.",2305729024,10.07,9.87,4908226,5.38,15.28,145.79,1601472600.0,1788465600,Technology,Software - Application,NYQ
1995,ETOR,eToro Group Ltd.,2059751552,25.9,25.26,756011,24.74,44.21,79.96,1747143000.0,1786451400,Financial Services,Capital Markets,NMS
1996,SECZ,Securitize Corp.,2256331520,13.82,12.66,5671442,5.14,17.01,17.01,1782999000.0,1786564800,Technology,Software - Application,NYQ
1997,VERA,"Vera Therapeutics, Inc.",2153252352,29.88,29.73,996434,23.05,56.05,56.05,1620999000.0,0,Healthcare,Biotechnology,NGM
1998,AUPH,Aurinia Pharmaceuticals Inc.,2215301888,16.65,16.22,849225,10.902,19.25,33.972,1409751000.0,1786019400,Healthcare,Biotechnology,NGM
1999,TRN,"Trinity Industries, Inc.",2033165312,25.52,25.4,476649,24.76,38.31,39.83,105283800.0,1793277000,Industrials,Railroads,NYQ
2000,STGW,Stagwell Inc.,2114712576,8.65,8.76,968013,4.29,9.55,28.65,798125400.0,1793277000,Communication Services,Advertising Agencies,NMS
2001,ATEN,"A10 Networks, Inc.",2151405312,29.63,27.96,1000293,16.52,38.49,38.49,1395408600.0,1793908800,Technology,Software - Infrastructure,NYQ
2002,EVT,Eaton Vance Tax-Advantaged Dividend Income Fund,2096143104,28.12,27.72,76340,23.0,29.65,30.78,1064583000.0,0,Financial Services,Asset Management,NYQ
2003,UAA,"Under Armour, Inc.",2117659392,4.93,4.88,8055645,4.13,8.15,52.945,1132324200.0,1786105800,Consumer Cyclical,Apparel Manufacturing,NYQ
2004,SRCE,1st Source Corporation,2020465280,83.9,85.01,73100,56.89,91.46,91.46,429543000.0,1792699200,Financial Services,Banks - Regional,NMS
2005,ECPG,"Encore Capital Group, Inc.",2116058368,99.77,100.06,141220,39.95,104.98,104.98,931527000.0,1793822400,Financial Services,Credit Services,NMS
2006,TRLV,Trulieve Cannabis Corp.,2054670848,10.67,10.37,1175197,4.616,13.28,53.73,1538055000.0,1793881800,Healthcare,Drug Manufacturers - Specialty & Generic,NYQ
2007,PLPC,Preformed Line Products Company,1942036480,397.25,397.27,50535,184.02,504.69,504.69,925306200.0,0,Industrials,Electrical Equipment & Parts,NMS
2008,SBET,"Sharplink, Inc.",1865950720,8.59,8.81,7411828,4.46,16.2,25560.0,864221400.0,1786132800,Financial Services,Capital Markets,NCM
2009,VRDN,"Viridian Therapeutics, Inc.",2114033792,18.66,18.34,1334231,13.18,34.29,2247.75,1403098200.0,1786019400,Healthcare,Biotechnology,NCM
2010,SONO,"Sonos, Inc.",2041754112,17.26,16.95,1013320,12.44,19.82,44.72,1533216600.0,1785355200,Technology,Consumer Electronics,NMS
2011,UTZ,"Utz Brands, Inc.",2058659584,14.3,14.32,5544376,6.78,14.33,30.09,1543242600.0,1785933000,Consumer Defensive,Packaged Foods,NYQ
2012,VCEL,Vericel Corporation,2053385216,40.1,40.05,506881,28.95,49.32,1590.0,855066600.0,1785414600,Healthcare,Biotechnology,NGM
2013,MTX,Minerals Technologies Inc.,1979789184,63.6,64.7,135876,53.94,84.34,90.3,719847000.0,1793304000,Basic Materials,Specialty Chemicals,NYQ
2014,BCRX,"BioCryst Pharmaceuticals, Inc.",2184825088,8.55,8.29,2296048,6.0,11.22,37.25,762791400.0,1785933000,Healthcare,Drug Manufacturers - Specialty & Generic,NMS
2015,URGN,UroGen Pharma Ltd.,1800271232,36.83,36.98,3895481,15.86,50.81,69.568,1493904600.0,1785933000,Healthcare,Biotechnology,NGM
2016,IQMX,IQM Quantum Computers Oyj,1938546304,10.23,10.17,142371,8.74,15.1,15.1,1748871000.0,1785846600,Technology,Computer Hardware,NMS
2017,GRC,The Gorman-Rupp Company,1954093952,73.99,73.04,137456,42.31,92.78,92.78,322151400.0,1792758600,Industrials,Specialty Industrial Machinery,NYQ
2018,AADX,"Applied Aerospace & Defense, Inc.",1973905792,11.45,11.15,1147702,10.94,24.24,24.24,1780493400.0,1786537800,Industrials,Aerospace & Defense,NYQ
2019,CLM,"Cornerstone Strategic Investment Fund, Inc.",2057017472,6.59,6.46,2265694,6.23,8.53,151.9685,1028295000.0,0,Financial Services,Asset Management,ASE
2020,FCF,First Commonwealth Financial Corporation,2010002304,19.89,20.06,594261,15.0,22.34,22.34,708183000.0,1793131200,Financial Services,Banks - Regional,NYQ
2021,FTRE,Fortrea Holdings Inc.,1981884032,20.84,20.37,874269,8.55,23.51,41.02,1686922200.0,1793277000,Healthcare,Biotechnology,NMS
2022,ALNT,Allient Inc.,1868086656,109.91,108.63,184859,44.3,121.42,121.42,340896600.0,1785960000,Technology,Electronic Components,NGM
2023,TILE,"Interface, Inc.",2007409920,34.73,34.83,268873,24.4,40.5,40.5,419178600.0,1793968200,Consumer Cyclical,"Furnishings, Fixtures & Appliances",NMS
2024,BVC,BitVentures Limited,2031120000,12.09,12.93,20956,0.7,18.0,18.0,1616765400.0,0,Technology,Software - Application,NCM
2025,FLOC,Flowco Holdings Inc.,2117164800,19.46,19.15,562338,14.06,28.26,30.5,1737037800.0,1786451400,Energy,Oil & Gas Equipment & Services,NYQ
2026,NCNO,"nCino, Inc.",2086174720,19.73,19.68,1798206,13.8,27.5,103.95,1594733400.0,1787688000,Technology,Software - Application,NMS
2027,PRDO,Perdoceo Education Corporation,2109472512,33.71,33.43,450067,26.66,38.5,70.91,886084200.0,1786046400,Consumer Defensive,Education & Training Services,NMS
2028,IDT,IDT Corporation,2024104448,81.49,80.65,259116,45.72,82.31,82.31,990019800.0,1790625600,Communication Services,Telecom Services,NYQ
2029,PGNY,"Progyny, Inc.",2142979584,27.93,27.83,694541,16.1,33.065,68.32,1572010200.0,1786046400,Healthcare,Healthcare Plans,NMS
2030,TBBK,"The Bancorp, Inc.",1967963520,48.25,49.33,630227,47.01,81.65,81.65,1075818600.0,1785441600,Financial Services,Banks - Regional,NMS
2031,NWN,Northwest Natural Holding Company,2009124480,47.73,47.8,192560,43.78,55.99,77.26,99153000.0,1793881800,Utilities,Utilities - Regulated Gas,NYQ
2032,LCII,LCI Industries,1903591168,78.3,80.19,233141,78.075,159.66,163.33,486221400.0,1785933000,Consumer Cyclical,Recreational Vehicles,NYQ
2033,ADRX,"ADARx Pharmaceuticals, Inc.",1898927744,17.78,17.675,688459,16.64,23.21,23.21,1790343000.0,0,Healthcare,Biotechnology,NMS
2034,CHCO,City Holding Company,1966858496,139.97,140.61,85148,113.21,148.99,148.99,551712600.0,1784723400,Financial Services,Banks - Regional,NMS
2035,ALG,Alamo Group Inc.,1855098496,152.42,155.39,131869,145.76,219.88,233.29,732551400.0,1785787200,Industrials,Farm & Heavy Construction Machinery,NYQ
2036,DAO,"Youdao, Inc.",2099042560,17.4,16.31,41720,8.38,18.94,47.7,1572010200.0,1787229000,Consumer Defensive,Education & Training Services,NYQ
2037,VERX,"Vertex, Inc.",2100722816,12.95,12.77,961327,10.21,26.54,60.71,1596029400.0,1785787200,Technology,Software - Application,NGM
2038,WERN,"Werner Enterprises, Inc.",1961252992,32.7,33.0,689797,23.06,47.49,50.31,519658200.0,1793131200,Industrials,Trucking,NMS
2039,INSP,"Inspire Medical Systems, Inc.",1991635840,68.89,66.69,867340,38.91,147.03,330.0,1525354200.0,1793649600,Healthcare,Medical Devices,NYQ
2040,PLGO,Pelagos Insurance Capital Limit,2008644096,24.28,24.45,416168,17.58,26.34,26.34,1688045400.0,1794427200,Financial Services,Insurance - Diversified,NYQ
2041,PRCH,"Porch Group, Inc.",1993408384,17.56,17.53,827285,6.36,18.37,27.5,1578925800.0,1785355200,Financial Services,Insurance - Property & Casualty,NCM
2042,WS,"Worthington Steel, Inc.",1805074304,36.05,34.62,655354,27.22,49.17,49.17,1701181800.0,1791316800,Basic Materials,Steel,NYQ
2043,WHR,Whirlpool Corporation,1879698048,28.83,29.16,2371918,28.39,94.82,257.68,99153000.0,1785787200,Consumer Cyclical,"Furnishings, Fixtures & Appliances",NYQ
2044,DEI,"Douglas Emmett, Inc.",1968578816,9.79,9.9,1603181,9.04,14.0,45.59,1161783000.0,1793736000,Real Estate,REIT - Office,NYQ
2045,GCT,GigaCloud Technology Inc.,2044768000,57.26,56.42,754251,25.39,57.4,62.0,1660829400.0,1786019400,Technology,Software - Infrastructure,NGM
2046,UNIT,Uniti Group Inc.,1667521664,6.87,7.4,5814057,5.3,12.938,57.524918,1429536600.0,1794227400,Real Estate,REIT - Specialty,NMS
2047,VIR,"Vir Biotechnology, Inc.",1979826560,11.7,11.12,1965037,4.815,11.96,141.01,1570800600.0,1785960000,Healthcare,Biotechnology,NMS
2048,MLYS,"Mineralys Therapeutics, Inc.",2066068992,23.37,22.38,895212,21.46,47.65,47.65,1676039400.0,1786478400,Healthcare,Biotechnology,NMS
2049,MPT,"Medical Properties Trust, Inc.",1875208064,3.14,3.19,11355931,3.08,6.47,24.29,1120829400.0,1786365000,Real Estate,REIT - Healthcare Facilities,NYQ
2050,AMPL,"Amplitude, Inc.",2078143616,15.67,15.29,2182499,5.51,15.8699,87.98,1632835800.0,1785960000,Technology,Software - Application,NCM
2051,BLKB,"Blackbaud, Inc.",2064341504,45.48,44.84,331833,25.58,70.71,120.35,1090848600.0,1785328200,Technology,Software - Application,NMS
2052,GOF,Guggenheim Strategic Opportunities Fund,1973043712,8.83,8.74,2608450,8.4,15.02,24.14,1185543000.0,0,Financial Services,Asset Management,NYQ
2053,ESTA,Establishment Labs Holdings Inc.,1837882624,61.67,60.61,299660,38.38,97.59,97.59,1532007000.0,1786019400,Healthcare,Medical Devices,NCM
2054,INVX,"Innovex International, Inc.",1962399232,28.06,27.58,606775,17.01,33.71,121.07,877613400.0,1785787200,Energy,Oil & Gas Equipment & Services,NYQ
2055,BAND,Bandwidth Inc.,1714270592,53.27,51.95,621270,12.5,79.08,198.605,1510237800.0,1785328200,Technology,Software - Infrastructure,NMS
2056,LKFT,Lakefront Biotherapeutics NV,1946859264,29.73,29.51,212541,25.68,36.24,274.03,1330353000.0,1794427200,Healthcare,Biotechnology,NMS
2057,GPCR,Structure Therapeutics Inc.,1821253760,25.54,25.67,592794,25.09,94.9,94.9,1675434600.0,0,Healthcare,Biotechnology,NGM
2058,SAH,"Sonic Automotive, Inc.",1914592512,60.56,61.51,228185,54.11,113.67,113.67,879345000.0,1793277000,Consumer Cyclical,Auto & Truck Dealerships,NYQ
2059,DRVN,Driven Brands Holdings Inc.,1933563392,11.72,11.77,824829,9.8,17.3,35.56,1611066600.0,1786019400,Consumer Cyclical,Auto & Truck Dealerships,NMS
2060,TIC,"TIC Solutions, Inc.",1944343296,8.91,8.82,877526,6.36,13.52,14.944,1739889000.0,1786019400,Industrials,Specialty Business Services,NYQ
2061,PRGO,Perrigo Company plc,2083818752,15.06,14.5,4356030,9.23,22.02,215.73,692980200.0,1785933000,Healthcare,Drug Manufacturers - Specialty & Generic,NYQ
2062,KRP,"Kimbell Royalty Partners, LP",1958510720,15.24,15.16,546476,11.31,15.8,24.5,1486132200.0,1793881800,Energy,Oil & Gas E&P,NYQ
2063,TOP,TOP Financial Group Limited,1845686272,14.92,15.66,108456,3.06,17.419,1282.2,1654090200.0,0,Financial Services,Capital Markets,NCM
2064,CEPU,Central Puerto S.A.,1894713856,12.64,12.66,176222,8.41,18.503,19.2,1517581800.0,1786478400,Utilities,Utilities - Regulated Electric,NYQ
2065,UWMC,UWM Holdings Corporation,1735518464,1.08,1.09,12821012,0.93,6.15,14.38,1588339800.0,1786019400,Financial Services,Mortgage Finance,NYQ
2066,AGIO,"Agios Pharmaceuticals, Inc.",1899116800,31.81,31.92,722276,22.24,46.0,138.85,1374672600.0,1793881800,Healthcare,Biotechnology,NMS
2067,NMZ,Nuveen Municipal High Income Opportunity Fund,1957692544,9.09,9.03,2775947,8.69,10.77,18.97,1069338600.0,0,Financial Services,Asset Management,NYQ
2068,BOBS,"Bob's Discount Furniture, Inc.",1853142784,14.18,14.27,318776,9.74,23.49,23.49,1770301800.0,1786019400,Consumer Cyclical,Specialty Retail,NYQ
2069,TRVI,"Trevi Therapeutics, Inc.",1879256320,13.19,12.825,5015319,9.28,20.22,20.22,1557235800.0,1786046400,Healthcare,Biotechnology,NGM
2070,MFP,"Midera Food Processing, Inc.",1853091840,40.97,40.38,169745,21.0,200.0,200.0,1782480600.0,0,Industrials,Specialty Industrial Machinery,NMS
2071,KARO,Karooooo Ltd.,1886962816,61.08,60.87,55267,41.25,68.8,68.8,1617283800.0,1792440000,Technology,Software - Application,NCM
2072,WU,The Western Union Company,1908699264,6.12,6.33,6225229,5.87,10.35,28.62,1159795800.0,1785441600,Financial Services,Credit Services,NYQ
2073,EZPW,"EZCORP, Inc.",1963730304,31.96,31.17,908726,16.5,37.13,38.66,683299800.0,1785960000,Financial Services,Credit Services,NMS
2074,ARR,"ARMOUR Residential REIT, Inc.",1923705856,13.59,13.47,3158079,13.16,19.31,398.8,1196692200.0,1784750400,Real Estate,REIT - Mortgage,NYQ
2075,BLFS,"BioLife Solutions, Inc.",1888929920,38.61,38.61,0,17.86,39.76,1382.5,627748200.0,1786046400,Healthcare,Medical Instruments & Supplies,NCM
2076,BXMT,"Blackstone Mortgage Trust, Inc.",1859035648,11.03,11.21,2360968,10.78,20.67,559.7,346948200.0,1793277000,Real Estate,REIT - Mortgage,NYQ
2077,ZD,"Ziff Davis, Inc.",1937912960,56.52,55.91,326690,22.45,60.48,135.0,932736600.0,1786046400,Communication Services,Advertising Agencies,NMS
2078,WKC,World Kinect Corporation,1862430464,36.41,37.24,683796,22.21,41.2,58.5,525619800.0,1784836800,Energy,Oil & Gas Refining & Marketing,NYQ
2079,PVLA,"Palvella Therapeutics, Inc.",1999454720,138.77,131.34,174036,66.58,161.38,780.0,1420209000.0,1785846600,Healthcare,Biotechnology,NGM
2080,VOYG,"Voyager Technologies, Inc.",1663652224,27.26,28.18,1329897,17.41,52.4,73.95,1749648600.0,1793649600,Industrials,Aerospace & Defense,NYQ
2081,GNL,"Global Net Lease, Inc.",1792713344,7.75,7.77,1626199,7.48,10.035,30.21,1433251800.0,1785960000,Real Estate,REIT - Diversified,NYQ
2082,DXC,DXC Technology Company,1981255680,12.4,12.37,4761233,7.9,15.68,96.75,378657000.0,1785441600,Technology,Information Technology Services,NYQ
2083,BRSL,Brightstar Lottery PLC,1798184832,9.84,9.99,1700144,9.63,17.59,49.41,638461800.0,1785846600,Consumer Cyclical,Gambling,NYQ
2084,RUN,Sunrun Inc.,1822516480,7.64,7.59,5582082,7.265,22.44,100.93,1438781400.0,1793822400,Technology,Solar,NMS
2085,VSTS,Vestis Corporation,1867422336,14.13,14.0,849981,4.5,16.9,22.37,1695821400.0,1786451400,Industrials,Rental & Leasing Services,NYQ
2086,OLN,Olin Corporation,1697199232,14.89,15.61,4277093,14.82,30.46,67.25,99153000.0,1793304000,Basic Materials,Chemicals,NYQ
2087,SFL,SFL Corporation Ltd.,1849861632,13.34,13.56,1174336,6.73,13.98,32.9,1087479000.0,1787747400,Industrials,Marine Shipping,NYQ
2088,ASTH,"Astrana Health, Inc.",1862643968,37.55,35.87,314938,18.08,51.6,133.23,1236778200.0,1793908800,Healthcare,Medical Care Facilities,NCM
2089,TY,Tri-Continental Corporation,1858035328,34.78,34.47,35555,30.53,36.55,36.55,322151400.0,0,Financial Services,Asset Management,NYQ
2090,HMN,Horace Mann Educators Corporation,1845228160,45.56,45.9,182568,41.29,55.56,55.56,690215400.0,1785960000,Financial Services,Insurance - Property & Casualty,NYQ
2091,GABC,"German American Bancorp, Inc.",1809795328,48.16,48.82,120400,37.19,52.23,52.23,737991000.0,1793044800,Financial Services,Banks - Regional,NMS
2092,EPAC,Enerpac Tool Group Corp.,1800402816,34.93,34.91,253873,32.35,45.0,51.91,964445400.0,0,Industrials,Specialty Industrial Machinery,NYQ
2093,ZYME,Zymeworks Inc.,1850432512,25.79,25.26,486980,16.003,31.34,59.03,1493386200.0,1786046400,Healthcare,Biotechnology,NMS
2094,BHVN,Biohaven Ltd.,1824608768,12.08,11.93,1370049,7.48,18.566,62.21,1663939800.0,0,Healthcare,Biotechnology,NYQ
2095,NVAX,"Novavax, Inc.",2103058048,12.75,11.01,18978090,6.2,13.39,331.68,818173800.0,1786019400,Healthcare,Biotechnology,NMS
2096,XPRO,Expro Ltd,1816685824,16.17,16.21,645287,11.92,19.23,196.2,1376055000.0,1785241800,Energy,Oil & Gas Equipment & Services,NYQ
2097,RBCAA,"Republic Bancorp, Inc.",1785333504,90.93,92.35,128293,63.97,102.22,102.22,901114200.0,1784896200,Financial Services,Banks - Regional,NMS
2098,XERS,"Xeris Biopharma Holdings, Inc.",1910716672,10.48,10.19,2712290,5.25,11.33,27.98,1529587800.0,1786019400,Healthcare,Drug Manufacturers - Specialty & Generic,NMS
2099,DHC,Diversified Healthcare Trust,1815967488,7.5,7.55,1050969,3.92,9.66,29.722498,951316200.0,1793649600,Real Estate,REIT - Healthcare Facilities,NMS
2100,SMA,"SmartStop Self Storage REIT, Inc.",1884838528,32.83,32.71,383995,29.41,38.69,39.77,1743600600.0,1793822400,Real Estate,REIT - Industrial,NYQ
2101,AI,"C3.ai, Inc.",1853791744,11.53,11.34,4468113,7.675,19.8,183.9,1607524200.0,1788379200,Technology,Software - Infrastructure,NYQ
2102,PLAB,"Photronics, Inc.",1747496192,29.62,29.71,417627,20.05,56.0,56.0,542385000.0,1787747400,Technology,Semiconductor Equipment & Materials,NMS
2103,NEXT,NextDecade Corporation,1762147584,6.62,6.75,2156735,4.75,9.24,20.0,1434461400.0,1793277000,Energy,Oil & Gas Equipment & Services,NCM
2104,TH,Target Hospitality Corp.,1802888064,18.41,18.33,1042311,5.97,21.76,21.76,1520861400.0,1786365000,Industrials,Specialty Business Services,NCM
2105,PAX,Patria Investments Limited,1913299712,11.67,11.26,1254456,9.89,17.8,23.28,1611325800.0,1785501000,Financial Services,Asset Management,NMS
2106,SRPT,"Sarepta Therapeutics, Inc.",1885442432,17.85,18.21,3014127,14.68,24.68,181.83,865431000.0,1785960000,Healthcare,Biotechnology,NMS
2107,CMRE,Costamare Inc.,1827896192,15.12,15.29,332628,10.97,18.06,24.94,1288877400.0,1785155400,Industrials,Marine Shipping,NYQ
2108,LMAT,"LeMaitre Vascular, Inc.",1845320320,80.69,79.64,126706,78.22,118.01,118.01,1161264600.0,1785873600,Healthcare,Medical Instruments & Supplies,NGM
2109,CMPR,Cimpress plc,1806974592,74.21,74.28,129229,60.59,106.58,171.76,1128087000.0,1793217600,Industrials,Specialty Business Services,NMS
2110,QUBT,Quantum Computing Inc.,1684020736,7.44,7.45,5000259,6.18,23.79,5000.0,1170340200.0,1786392000,Technology,Computer Hardware,NCM
2111,FORTY,Formula Systems (1985) Ltd.,1811714176,118.145,118.145,10,102.01,190.56,190.56,877354200.0,1787688000,Technology,Information Technology Services,NMS
2112,BRVE,"Braveheart Bio, Inc.",1802580224,20.02,19.09,255032,17.86,32.0,32.0,1786023000.0,0,Healthcare,Biotechnology,NGM
2113,NYAX,Nayax Ltd.,1704256384,45.595,45.43,8577,39.17,76.86,76.86,1663767000.0,1786392000,Technology,Software - Infrastructure,NMS
2114,ABSI,Absci Corporation,1743598336,10.16,8.94,4240773,2.24,12.055,31.53,1626960600.0,1786478400,Healthcare,Biotechnology,NMS
2115,GENB,"Generate Biomedicines, Inc.",1840573952,14.34,13.99,903103,11.0,22.67,22.67,1772202600.0,1786019400,Healthcare,Biotechnology,NMS
2116,GAB,The Gabelli Equity Trust Inc.,1789006848,5.21,5.2,700858,5.13,6.306931,12.101322,524410200.0,0,Financial Services,Asset Management,NYQ
2117,XNCR,"Xencor, Inc.",1831324160,24.63,24.5,1145230,10.375,30.61,58.345,1386081000.0,1785960000,Healthcare,Biotechnology,NGM
2118,XHR,"Xenia Hotels & Resorts, Inc.",1782687616,18.02,18.04,867429,11.75,22.06,25.9,1423060200.0,1793709000,Real Estate,REIT - Hotel & Motel,NYQ
2119,NTST,NETSTREIT Corp.,1778681600,17.45,17.43,991631,17.0,22.47,26.925,1597325400.0,1792612800,Real Estate,REIT - Retail,NYQ
2120,ATS,ATS Corporation,1731939712,17.65,17.68,127240,17.32,35.82,48.89,1262097000.0,1786019400,Industrials,Specialty Industrial Machinery,NYQ
2121,SNDA,"Sonida Senior Living, Inc.",1693211264,35.24,35.96,579051,24.95,44.39,418.5,878308200.0,1786365000,Healthcare,Medical Care Facilities,NYQ
2122,MHD,"BlackRock MuniHoldings Fund, Inc.",1783684096,10.21,10.1,1378991,9.98,12.08,19.99,862925400.0,0,Financial Services,Asset Management,NYQ
2123,VET,Vermilion Energy Inc.,1813735936,11.87,11.86,821575,7.1,14.82,72.69,1284471000.0,1793822400,Energy,Oil & Gas E&P,NYQ
2124,BLBD,Blue Bird Corporation,1916631936,56.29,56.19,303851,46.14,83.39,83.39,1395322200.0,1785960000,Industrials,Farm & Heavy Construction Machinery,NGM
2125,MNR,Mach Natural Resources LP,1791352960,10.73,10.67,603449,10.145,15.02,21.19,1698240600.0,1786046400,Energy,Oil & Gas E&P,NYQ
2126,ACVA,ACV Auctions Inc.,1772964864,10.44,10.44,1331238,4.065,10.5,37.77,1616592600.0,1786392000,Consumer Cyclical,Auto & Truck Dealerships,NYQ
2127,NVCR,NovoCure Limited,1697780352,14.58,14.22,1022298,9.82,21.451,232.76,1443706200.0,1793277000,Healthcare,Medical Devices,NMS
2128,HAPN,"Happen, Inc.",1750731264,15.17,15.33,2363995,13.05,21.67,146.45,1418308200.0,1793217600,Financial Services,Banks - Regional,NMS
2129,HYMC,Hycroft Mining Holding Corporation,1788156544,19.19,18.21,1594041,6.48,58.73,161.71,1520861400.0,0,Basic Materials,Gold,NCM
2130,MESO,Mesoblast Limited,1855626240,14.29,13.75,178169,13.05,21.5,106.34,1263997800.0,1787774400,Healthcare,Biotechnology,NMS
2131,SGRY,"Surgery Partners, Inc.",1818454656,13.89,13.64,929007,11.41,23.44,69.58,1443619800.0,1786365000,Healthcare,Medical Care Facilities,NMS
2132,FRNM,"Freenome, Inc.",1695510784,15.78,15.81,558739,9.95,17.5,17.5,1718199000.0,0,Healthcare,Diagnostics & Research,NCM
2133,NSP,"Insperity, Inc.",1861255552,48.73,49.74,320249,18.57,55.9,144.92,854548200.0,1793277000,Industrials,Staffing & Employment Services,NYQ
2134,ETG,Eaton Vance Tax-Advantaged Global Dividend Income Fund,1767615232,23.16,23.01,66948,19.34,24.71,29.47,1075386600.0,0,Financial Services,Asset Management,NYQ
2135,AZTA,"Azenta, Inc.",1652452608,37.72,36.0,924548,15.93,46.41,124.79,791735400.0,1785873600,Healthcare,Medical Instruments & Supplies,NMS
2136,BXDC,Blackstone Digital Infrastructure Trust Inc.,1676827392,16.66,16.86,2279936,16.43,22.9,22.9,1778765400.0,0,Real Estate,REIT - Specialty,NYQ
2137,STRA,"Strategic Education, Inc.",1829680896,82.39,82.39,180987,69.7,89.73,262.44,838301400.0,1793881800,Consumer Defensive,Education & Training Services,NMS
2138,SPB,"Spectrum Brands Holdings, Inc.",1779169280,77.37,77.58,250854,49.99,99.06,1528.7423,284135400.0,1786105800,Consumer Defensive,Household & Personal Products,NYQ
2139,GEL,"Genesis Energy, L.P.",1764774784,14.44,14.34,168449,13.55,18.64,57.47,849105000.0,1793881800,Energy,Oil & Gas Midstream,NYQ
2140,MQ,"Marqeta, Inc.",1885229952,18.11,17.44,643677,14.8,22.28,151.6,1623245400.0,1793736000,Technology,Software - Infrastructure,NMS
2141,PDO,Pimco Dynamic Income Opportunities Fund,1752455296,12.1,12.07,1085720,11.51,14.22,23.24,1612189800.0,0,Financial Services,Asset Management,NYQ
2142,NAT,Nordic American Tankers Limited,1793528064,8.47,8.58,3992453,3.1,8.71,55.453804,875626200.0,0,Energy,Oil & Gas Midstream,NYQ
2143,NTLA,"Intellia Therapeutics, Inc.",1831455744,13.07,12.6,8137939,7.95,28.25,202.73,1462541400.0,1786019400,Healthcare,Biotechnology,NGM
2144,SAM,"The Boston Beer Company, Inc.",1754834432,170.51,171.17,149501,158.68,264.46,1349.98,816964200.0,1792699200,Consumer Defensive,Beverages - Brewers,NYQ
2145,LIME,"Neutron Holdings, Inc.",1829861248,28.58,29.33,360809,23.87,44.38,44.38,1782912600.0,1785873600,Industrials,Rental & Leasing Services,NMS
2146,ETV,Eaton Vance Tax-Managed Buy-Write Opportunities Fund,1771166848,15.17,14.99,193692,13.13,15.49,20.83,1119965400.0,0,Financial Services,Asset Management,NYQ
2147,DCOM,"Dime Commercial Bancshares, Inc.",1684132608,38.14,38.55,440199,25.63,41.97,41.97,916151400.0,1784809800,Financial Services,Banks - Regional,NYQ
2148,ZBIO,"Zenas BioPharma, Inc.",1776717568,27.26,26.24,429604,13.5,44.6,44.6,1726234200.0,1786624200,Healthcare,Biotechnology,NMS
2149,LILA,Liberty Latin America Ltd.,1586790016,8.1,8.77,510681,4.578804,9.03,35.920277,1435843800.0,1785960000,Communication Services,Telecom Services,NMS
2150,THRM,Gentherm Incorporated,1616817408,29.68,29.93,1967377,27.0,48.35,99.0,739719000.0,1792672200,Consumer Cyclical,Auto Parts,NMS
2151,RLJ,RLJ Lodging Trust,1716775680,11.21,11.2,1222322,6.54,12.89,36.25,1305120600.0,1793822400,Real Estate,REIT - Hotel & Motel,NYQ
2152,CTS,CTS Corporation,1634842240,57.25,57.31,196062,36.03,69.55,86.25,322151400.0,1785241800,Technology,Electronic Components,NYQ
2153,FSUN,FirstSun Capital Bancorp,1691649792,38.49,38.9,163253,29.95,42.34,45.32,1659533400.0,1785182400,Financial Services,Banks - Regional,NMS
2154,GTY,Getty Realty Corp.,1725445120,27.86,27.9,447319,25.39,36.83,36.83,105283800.0,1792612800,Real Estate,REIT - Retail,NYQ
2155,SHAZ,SharonAI Holdings Inc.,1358026880,37.93,39.05,2378534,16.55,97.48,97.48,1771425000.0,1786019400,Technology,Information Technology Services,NCM
2156,ARCO,Arcos Dorados Holdings Inc.,1636851968,7.77,8.12,2907900,6.67,9.75,29.43,1302787800.0,1786624200,Consumer Cyclical,Restaurants,NYQ
2157,ALHC,"Alignment Healthcare, Inc.",1565098240,7.545,8.71,26048544,6.01,25.12,28.592,1616765400.0,1785441600,Healthcare,Healthcare Plans,NMS
2158,STBA,"S&T Bancorp, Inc.",1694506880,48.05,48.74,148763,34.38,53.5,53.5,703863000.0,1792672200,Financial Services,Banks - Regional,NMS
2159,HOPE,"Hope Bancorp, Inc.",1696411648,13.28,13.455,682012,9.8,14.59,22.99,886084200.0,1785155400,Financial Services,Banks - Regional,NMS
2160,HUBG,"Hub Group, Inc.",1575314432,25.76,26.43,1218892,25.64,53.26,53.26,826727400.0,0,Industrials,Integrated Freight & Logistics,NMS
2161,AGBK,AGI Inc,1764800640,6.76,6.51,495175,5.28,12.21,12.21,1770820200.0,1794427200,Financial Services,Banks - Regional,NYQ
2162,EVTC,"EVERTEC, Inc.",1771065344,29.64,29.34,225309,21.81,34.41,51.06,1365773400.0,1785873600,Technology,Software - Infrastructure,NYQ
2163,AIN,Albany International Corp.,1753336960,61.8,59.43,222698,41.15,77.0,115.39,560007000.0,1785846600,Consumer Cyclical,Textile Manufacturing,NYQ
2164,STEW,"SRH Total Return Fund, Inc.",1695441664,17.58,17.42,85543,16.55,19.05,19.05,322151400.0,0,Financial Services,Asset Management,NYQ
2165,XRAY,DENTSPLY SIRONA Inc.,1760294656,8.83,8.69,4219713,8.38,14.76,69.54,555773400.0,1786046400,Healthcare,Medical Instruments & Supplies,NMS
2166,PSNL,"Personalis, Inc.",1708797952,16.0,16.06,1835894,4.955,18.89,53.46,1561037400.0,1785873600,Healthcare,Diagnostics & Research,NGM
2167,NUVB,Nuvation Bio Inc.,1755616128,5.0,4.95,2956717,3.36,9.75,15.23,1598448600.0,1786019400,Healthcare,Biotechnology,NYQ
2168,NUV,"Nuveen Municipal Value Fund, Inc.",1728821504,8.33,8.24,1090472,8.02,9.26,12.0,550935000.0,0,Financial Services,Asset Management,NYQ
2169,GENI,Genius Sports Limited,1779719296,6.65,6.63,6367959,3.825,12.39,25.18,1601904600.0,1786019400,Communication Services,Internet Content & Information,NYQ
2170,NBHC,National Bank Holdings Corporation,1679753472,37.93,38.18,306107,35.06,47.28,51.76,1348147800.0,1793131200,Financial Services,Banks - Regional,NYQ
2171,LOB,"Live Oak Bancshares, Inc.",1595859200,34.48,34.57,237006,29.36,44.53,99.89,1437658200.0,1792612800,Financial Services,Banks - Regional,NYQ
2172,CPRI,Capri Holdings Limited,1716201728,14.95,14.68,2006177,12.4,28.27,101.04,1323959400.0,1785933000,Consumer Cyclical,Luxury Goods,NYQ
2173,WRD,WeRide Inc.,1582278912,4.81,4.51,7114744,4.49,12.13,44.0,1729863000.0,1786537800,Technology,Software - Application,NGM
2174,WOLF,"Wolfspeed, Inc.",1620204672,30.61,31.02,3207288,13.485,80.82,80.82,1759152600.0,1787169600,Technology,Semiconductors,NYQ
2175,SEPN,"Septerna, Inc.",1790994432,38.37,36.9,349375,17.55,51.1,51.1,1729863000.0,0,Healthcare,Biotechnology,NGM
2176,FLNG,FLEX LNG Ltd.,1668208896,30.84,31.55,260824,24.0,33.4,38.243,1560778200.0,1787142600,Energy,Oil & Gas Midstream,NYQ
2177,CCS,"Century Communities, Inc.",1582859520,55.67,56.76,152244,47.275,76.0,108.42,1403098200.0,1793217600,Real Estate,Real Estate - Development,NYQ
2178,BY,"Byline Bancorp, Inc.",1641170816,36.32,36.88,197684,25.57,40.03,40.03,1498829400.0,1792699200,Financial Services,Banks - Regional,NYQ
2179,NEXA,Nexa Resources S.A.,1748189568,13.2,12.51,491302,5.05,16.89,21.61,1509111000.0,1793304000,Basic Materials,Other Industrial Metals & Mining,NYQ
2180,IE,Ivanhoe Electric Inc.,1626224640,10.19,9.66,1846457,7.855,21.55,21.55,1656423000.0,0,Basic Materials,Copper,ASE
2181,BFC,Bank First Corporation,1611958144,145.41,147.98,38624,119.08,159.1,159.1,1066224600.0,1792526400,Financial Services,Banks - Regional,NCM
2182,BDJ,BlackRock Enhanced Equity Dividend Trust,1696899584,9.59,9.47,431252,8.42,9.95,15.6,1125408600.0,0,Financial Services,Asset Management,NYQ
2183,GIC,Global Industrial Company,1636753280,42.95,42.56,93533,26.4,44.36,53.0,804259800.0,1785873600,Industrials,Industrial Distribution,NYQ
2184,TCBK,TriCo Bancshares,1643404416,51.41,51.91,178353,40.44,61.71,61.71,735312600.0,1784809800,Financial Services,Banks - Regional,NMS
2185,FCEL,"FuelCell Energy, Inc.",1441574144,18.03,17.245,6131080,5.71,37.88,234900.0,709479000.0,1788352200,Industrials,Electrical Equipment & Parts,NGM
2186,AAT,"American Assets Trust, Inc.",1669645440,21.52,21.61,273037,17.72,25.97,49.26,1294929000.0,1793131200,Real Estate,REIT - Diversified,NYQ
2187,SID,Companhia Siderúrgica Nacional,1697400192,1.28,1.23,6072110,0.84,2.2,26.23,848327400.0,1786564800,Basic Materials,Steel,NYQ
2188,TGLS,Tecnoglass Holdings Inc.,1666778624,37.57,37.84,301959,34.05,65.33,90.34,1336656600.0,1786019400,Basic Materials,Building Materials,NYQ
2189,TSLX,"Sixth Street Specialty Lending, Inc.",1654203392,17.35,17.57,649687,16.04,23.19,25.17,1395408600.0,1793736000,Financial Services,Asset Management,NYQ
2190,WLTH,Wealthfront Corporation,1689829120,10.82,10.89,1980907,7.2,14.75,14.75,1765809000.0,1788984000,Technology,Software - Application,NMS
2191,TMC,TMC the metals company Inc.,1480009600,3.355,3.43,4227955,3.31,11.35,15.39,1631280600.0,1786651200,Basic Materials,Other Industrial Metals & Mining,NMS
2192,UROY,Uranium Royalty Corp.,1592861312,4.18,4.055,2028295,2.56,5.52,5.95,1619616600.0,1789416000,Energy,Uranium,NCM
2193,ATEX,Anterix Inc.,1657615232,84.53,76.44,497756,17.58,113.0,113.0,1422973800.0,1786478400,Communication Services,Telecom Services,NCM
2194,ANIP,"ANI Pharmaceuticals, Inc.",1697279232,73.89,71.98,537541,69.58,97.0,450.0,957533400.0,1786105800,Healthcare,Drug Manufacturers - Specialty & Generic,NGM
2195,ATEC,"Alphatec Holdings, Inc.",1647992960,10.67,10.35,1564787,6.82,23.29,105.6,1150119000.0,1785873600,Healthcare,Medical Devices,NMS
2196,LCID,"Lucid Group, Inc.",1493526016,3.79,3.82,6751094,2.37,22.42,648.6,1600435800.0,1794254400,Consumer Cyclical,Auto Manufacturers,NMS
2197,KMTS,"Kestra Medical Technologies, Ltd.",1606977280,26.98,25.77,246776,17.34,30.0,30.0,1741271400.0,1789416000,Healthcare,Medical Instruments & Supplies,NMS
2198,OBK,"Origin Bancorp, Inc.",1590609408,51.56,52.47,167387,32.125,55.57,55.57,1525786200.0,1793217600,Financial Services,Banks - Regional,NYQ
2199,MLCO,Melco Resorts & Entertainment Limited,1608432384,4.23,4.17,1947279,4.06,9.53,45.7,1166538600.0,1786624200,Consumer Cyclical,Resorts & Casinos,NMS
2200,QCRH,"QCR Holdings, Inc.",1591873408,97.21,98.54,115221,66.65,108.11,108.11,749914200.0,1792526400,Financial Services,Banks - Regional,NGM
2201,IMKTA,"Ingles Markets, Incorporated",1627058304,85.66,85.59,119575,67.11,95.62,102.99,559315800.0,1786019400,Consumer Defensive,Grocery Stores,NMS
2202,OCUL,"Ocular Therapeutix, Inc.",1655903616,7.54,7.51,2630066,6.23,16.44,44.19,1406295000.0,1785760200,Healthcare,Biotechnology,NGM
2203,OCFC,OceanFirst Financial Corp.,1554055040,16.08,16.42,1978298,16.055,20.61,30.9,836400600.0,1793131200,Financial Services,Banks - Regional,NMS
2204,BL,"BlackLine, Inc.",1730389376,29.77,29.25,881553,24.7,59.57,154.61,1477661400.0,1785873600,Technology,Software - Application,NMS
2205,DSGR,"Distribution Solutions Group, Inc.",1620327424,35.03,35.07,149450,19.02,35.3,41.47,322151400.0,1786019400,Industrials,Industrial Distribution,NMS
2206,EVCM,EverCommerce Inc.,1614720384,9.14,9.06,71144,6.21,14.41,23.41,1625146200.0,1785960000,Technology,Software - Application,NMS
2207,QURE,uniQure N.V.,1566987392,22.59,22.54,1513347,8.73,71.5,82.49,1391610600.0,1785328200,Healthcare,Biotechnology,NMS
2208,PICS,PicS N.V.,1762390656,13.6,11.98,1014182,8.08,19.95,19.95,1769697000.0,1787601600,Technology,Software - Infrastructure,NMS
2209,CMPS,COMPASS Pathways plc,1661721856,12.0,11.47,2281790,4.88,15.87,61.69,1600435800.0,1785933000,Healthcare,Medical Care Facilities,NMS
2210,OMCL,"Omnicell, Inc.",1629054464,35.82,34.83,303069,29.06,55.0,187.29,997363800.0,1793277000,Healthcare,Health Information Services,NMS
2211,GLP,Global Partners LP,1671124096,49.37,47.96,119842,39.58,54.29,60.0,1128000600.0,1786105800,Energy,Oil & Gas Midstream,NYQ
2212,WB,Weibo Corporation,1606698624,6.54,6.44,705291,6.27,11.84,142.12,1397741400.0,1787142600,Communication Services,Internet Content & Information,NMS
2213,AESI,Atlas Energy Solutions Inc.,1535089664,12.29,12.16,1835954,7.642,20.13,26.86,1678372200.0,1785787200,Energy,Oil & Gas Equipment & Services,NYQ
2214,STC,Stewart Information Services Corporation,1547475584,50.7,51.88,218184,48.74,78.61,81.0,99153000.0,1784750400,Financial Services,Insurance - Property & Casualty,NYQ
2215,ETON,"Eton Pharmaceuticals, Inc.",1578074880,55.21,54.75,370920,14.27,66.37,66.37,1542119400.0,1786651200,Healthcare,Drug Manufacturers - Specialty & Generic,NGM
2216,TRIN,Trinity Capital Inc.,1537078784,17.1,17.16,777207,14.13,18.895,20.257,1611930600.0,1793795400,Financial Services,Asset Management,NYQ
2217,WWW,"Wolverine World Wide, Inc.",1594548992,19.43,19.0,759328,13.47,27.73,44.74,322151400.0,1786624200,Consumer Cyclical,Footwear & Accessories,NYQ
2218,STOK,"Stoke Therapeutics, Inc.",1596379136,24.74,23.95,704952,20.32,40.22,71.58,1560951000.0,1785787200,Healthcare,Biotechnology,NMS
2219,XNDU,Xanadu Quantum Technologies Limited,1187133952,3.9,4.12,7860873,3.85,42.44,42.44,1774272600.0,1785960000,Technology,Software - Infrastructure,NGM
2220,AGRO,Adecoagro S.A.,1477713536,10.24,10.46,360910,6.89,15.89,15.89,1296225000.0,1794427200,Consumer Defensive,Farm Products,NYQ
2221,FLNC,"Fluence Energy, Inc.",1446344448,7.43,7.45,4294070,7.01,33.51,39.4,1635427800.0,1785960000,Utilities,Utilities - Renewable,NMS
2222,KOS,Kosmos Energy Ltd.,1572087552,2.64,2.69,8929179,0.84,3.34,19.7,1305120600.0,1785760200,Energy,Oil & Gas E&P,NYQ
2223,VNET,"VNET Group, Inc.",1577340160,5.53,5.17,5196898,5.07,14.48,44.45,1303392600.0,1787056200,Technology,Information Technology Services,NMS
2224,PBT,Permian Basin Royalty Trust,1624782720,34.86,34.85,411990,16.25,37.0,37.0,341242200.0,0,Energy,Oil & Gas Midstream,NYQ
2225,CBL,"CBL & Associates Properties, Inc.",1501033088,48.51,49.24,307764,28.24,60.4,60.4,1635859800.0,1786046400,Real Estate,REIT - Retail,NYQ
2226,SNDX,"Syndax Pharmaceuticals, Inc.",1517157504,16.99,16.9,1459040,12.99,25.59,29.86,1456929000.0,1785873600,Healthcare,Biotechnology,NMS
2227,NOMD,Nomad Foods Limited,1548886144,11.08,11.05,1595061,8.99,13.08,31.85,1420209000.0,1786624200,Consumer Defensive,Packaged Foods,NYQ
2228,GSHD,"Goosehead Insurance, Inc.",1554968704,43.51,45.385,237739,33.68,79.85,181.3,1524835800.0,1784750400,Financial Services,Insurance Brokers,NMS
2229,AMBQ,"Ambiq Micro, Inc.",1416246400,58.56,58.9,265395,22.12,91.61,91.61,1753882200.0,1786451400,Technology,Semiconductors,NYQ
2230,HE,"Hawaiian Electric Industries, Inc.",1515671936,8.76,8.82,2111216,8.65,17.38,55.15,99153000.0,1786132800,Utilities,Utilities - Regulated Electric,NYQ
2231,OPRA,Opera Limited,1563167616,17.58,16.84,413745,11.71,20.78,28.58,1532698200.0,1787142600,Communication Services,Internet Content & Information,NMS
2232,HUN,Huntsman Corporation,1427582080,8.14,8.5,2219554,7.3,16.09,41.65,1108391400.0,1793649600,Basic Materials,Chemicals,NYQ
2233,KMPR,Kemper Corporation,1586660608,26.95,27.47,542077,22.69,50.52,91.98,640877400.0,1785960000,Financial Services,Insurance - Property & Casualty,NYQ
2234,PWP,Perella Weinberg Partners,1525150848,15.67,15.2,1256237,12.515,25.925,27.03,1606228200.0,1785501000,Financial Services,Capital Markets,NMS
2235,GAM,"General American Investors Company, Inc.",1542176000,64.71,64.06,17763,56.24,68.57,68.57,322151400.0,0,Financial Services,Asset Management,NYQ
2236,AMSC,American Superconductor Corporation,1478454272,30.52,30.95,744020,24.87,70.49,751.25,692548200.0,1785960000,Industrials,Specialty Industrial Machinery,NMS
2237,LYNX,Lyntris Inc.,1354288896,11.68,12.33,815840,11.6101,16.0,16.0,1787146200.0,0,Industrials,Aerospace & Defense,NYQ
2238,PRKS,United Parks & Resorts Inc.,1481300480,32.67,32.09,487003,28.77,54.42,76.57,1366378200.0,1793881800,Consumer Cyclical,Leisure,NYQ
2239,CNOB,"ConnectOne Bancorp, Inc.",1506575744,29.94,30.22,285435,23.2,34.14,37.0,765466200.0,1792672200,Financial Services,Banks - Regional,NMS
2240,SBH,"Sally Beauty Holdings, Inc.",1488594304,15.9,16.03,1437711,11.54,17.92,35.27,1163773800.0,1785760200,Consumer Cyclical,Specialty Retail,NYQ
2241,HYT,"BlackRock Corporate High Yield Fund, Inc.",1551564544,7.93,7.83,1317082,7.7,9.55,15.57,1054215000.0,0,Financial Services,Asset Management,NYQ
2242,GLOB,Globant S.A.,1568281472,36.32,37.05,496989,27.56,72.1,354.62,1405690200.0,1786651200,Technology,Information Technology Services,NYQ
2243,TEN,Tsakos Energy Navigation Limited,1548558848,51.4,51.83,298979,20.5,53.84,197.4,1015338600.0,1789043400,Energy,Oil & Gas Midstream,NYQ
2244,SAFT,"Safety Insurance Group, Inc.",1524127616,103.82,103.94,100519,67.04,104.01,104.01,1037975400.0,0,Financial Services,Insurance - Property & Casualty,NMS
2245,IMCR,Immunocore Holdings plc,1513544320,29.39,29.09,452838,27.555,40.715,76.98,1612535400.0,1786019400,Healthcare,Biotechnology,NMS
2246,EFC,Ellington Financial Inc.,1531233280,11.66,11.64,1615607,11.28,14.12,26.99,1286544600.0,1786046400,Real Estate,REIT - Mortgage,NYQ
2247,CASH,"Pathward Financial, Inc.",1492981632,71.87,72.09,128707,65.87,101.26,101.26,748531800.0,1792612800,Financial Services,Banks - Regional,NMS
2248,USAS,Americas Gold and Silver Corporation,1474367232,4.36,4.24,2662531,3.52,10.5,93.0,1067265000.0,1786710600,Basic Materials,Other Industrial Metals & Mining,ASE
2249,JBLU,JetBlue Airways Corporation,1448878848,3.84,3.92,15942885,3.79,6.62,31.43111,1018618200.0,1785241800,Industrials,Airlines,NMS
2250,NUTX,Nutex Health Inc.,1412668288,206.29,205.01,171185,83.99,226.158,7920.0,1649079000.0,1786046400,Healthcare,Medical Care Facilities,NCM
2251,INBT,N/A,0,0.0,0.0,0,0.0,0.0,0.0,0.0,0,N/A,N/A,
2252,CSWC,Capital Southwest Corporation,1500295296,23.54,23.74,420568,19.37,25.75,28.41,322151400.0,1785787200,Financial Services,Asset Management,NMS
2253,INVA,"Innoviva, Inc.",1532326784,21.21,20.87,486251,16.52,25.15,34.617245,1096983000.0,0,Healthcare,Biotechnology,NMS
2254,PGY,Pagaya Technologies Ltd.,1520018688,18.22,18.26,2805990,10.4,31.06,414.0,1619011800.0,1793277000,Technology,Software - Infrastructure,NCM
2255,DXYZ,Destiny Tech100 Inc.,1464986496,30.74,30.5,568315,19.711,72.87,105.0,1711459800.0,0,Financial Services,Asset Management,NYQ
2256,ALKT,"Alkami Technology, Inc.",1528200960,14.29,14.33,1282251,13.205,24.465,49.32,1618407000.0,1785355200,Technology,Software - Application,NMS
2257,ARDT,"Ardent Health, Inc.",1593818752,11.3,11.07,560118,7.71,15.48,20.72,1721309400.0,1785873600,Healthcare,Medical Care Facilities,NYQ
2258,ICFI,"ICF International, Inc.",1570111616,87.55,86.82,159309,58.83,98.03,179.67,1159450200.0,1793908800,Industrials,Consulting Services,NMS
2259,QQQX,Nuveen Nasdaq 100 Dynamic Overwrite Fund,1518513024,31.1,30.89,151803,25.35,31.87,31.87,1170340200.0,0,Financial Services,Asset Management,NGM
2260,PRGS,Progress Software Corporation,1607582080,39.33,38.28,601662,23.82,47.25,70.56,680880600.0,1790798400,Technology,Software - Infrastructure,NMS
2261,GFR,Greenfire Resources Ltd.,1526626944,6.35,6.26,966430,4.15,7.16,12.487,1639405800.0,1785956400,Energy,Oil & Gas E&P,NYQ
2262,MQY,"BlackRock MuniYield Quality Fund, Inc.",1501312384,9.98,9.91,1280167,9.67,11.94,18.54,711639000.0,0,Financial Services,Asset Management,NYQ
2263,RVLV,"Revolve Group, Inc.",1541842944,21.69,21.63,453199,17.35,31.68,89.6,1559914200.0,1785873600,Consumer Cyclical,Internet Retail,NYQ
2264,RQI,"Cohen & Steers Quality Income Realty Fund, Inc.",1510631808,11.23,11.12,724533,10.81,13.57,27.15,1014733800.0,0,Financial Services,Asset Management,NYQ
2265,CRSR,"Corsair Gaming, Inc.",1474451968,13.63,13.09,880977,4.48,14.978,51.37,1600867800.0,1786046400,Technology,Computer Hardware,NMS
2266,CNXC,Concentrix Corporation,1585686272,25.95,27.07,1022021,19.12,48.08,208.48,1606228200.0,1790712000,Technology,Information Technology Services,NMS
2267,MGRT,Mega Fortune Company Limited,1402499968,102.0,102.0,293,4.04,170.0,170.0,1752672600.0,0,Technology,Information Technology Services,NCM
2268,JJSF,J&J Snack Foods Corp.,1515638784,81.13,81.69,233394,68.87,98.63,196.84,507911400.0,1785933000,Consumer Defensive,Packaged Foods,NMS
2269,PAHC,Phibro Animal Health Corporation,1555041408,38.3,37.4,235913,28.25,60.08,60.08,1397223000.0,1787774400,Healthcare,Drug Manufacturers - Specialty & Generic,NGM
2270,GHRS,GH Research PLC,1449038720,21.11,20.45,146042,12.04,31.439,31.439,1624627800.0,1786019400,Healthcare,Biotechnology,NGM
2271,RAPP,"Rapport Therapeutics, Inc.",1470534528,30.65,29.85,247896,23.75,52.93,52.93,1717767000.0,1785933000,Healthcare,Biotechnology,NGM
2272,TFIN,"Triumph Financial, Inc.",1494125312,62.53,62.78,173894,46.43,83.52,136.015,1415370600.0,1792612800,Financial Services,Banks - Regional,NYQ
2273,REX,REX American Resources Corporation,1396362752,42.09,44.84,215032,30.46,53.36,53.36,458919000.0,1788352200,Basic Materials,Chemicals,NYQ
2274,AAPG,Ascentage Pharma Group Internat,1377486976,14.75,14.55,1178,14.455,37.5,48.45,1737729000.0,1787142600,Healthcare,Biotechnology,NGM
2275,ENR,"Energizer Holdings, Inc.",1460756096,21.33,21.44,527404,15.75,25.35,65.57,1434115800.0,1785846600,Industrials,Electrical Equipment & Parts,NYQ
2276,MAZE,"Maze Therapeutics, Inc.",1505937920,27.11,25.88,670919,21.95,53.65,53.65,1738333800.0,0,Healthcare,Biotechnology,NGM
2277,PRSU,"Pursuit Attractions and Hospitality, Inc.",1453164032,52.94,52.1,152000,32.03,56.52,72.27,1087911000.0,1785960000,Consumer Cyclical,Travel Services,NYQ
2278,BCAT,BlackRock Capital Allocation Term Trust,1458106752,13.72,13.63,533618,13.425,16.2,24.0,1601040600.0,0,Financial Services,Asset Management,NYQ
2279,COUR,"Coursera, Inc.",1477610496,5.16,5.27,6556901,4.531,10.77,62.533,1617197400.0,1785355200,Consumer Defensive,Education & Training Services,NYQ
2280,EFOR,"Everforth, Inc.",1537500032,37.5,35.93,470127,16.9,54.94,131.89,717168600.0,1785355200,Technology,Information Technology Services,NYQ
2281,NVGS,Navigator Holdings Ltd.,1471530624,23.93,24.49,383295,14.08,25.48,60.0,1168353000.0,1785873600,Energy,Oil & Gas Midstream,NYQ
2282,LKFN,Lakeland Financial Corporation,1412919680,56.84,57.45,222450,54.36,64.55,85.71,871565400.0,1793017800,Financial Services,Banks - Regional,NMS
2283,HCSG,"Healthcare Services Group, Inc.",1413137024,20.59,20.66,446299,15.36,25.75,56.2,438964200.0,1792585800,Healthcare,Medical Care Facilities,NMS
2284,RARE,Ultragenyx Pharmaceutical Inc.,1526155648,15.48,15.29,2927552,12.73,39.89,179.647,1391178600.0,1785873600,Healthcare,Biotechnology,NMS
2285,TSHA,"Taysha Gene Therapies, Inc.",1462992512,4.49,4.43,3464779,3.693,7.3,33.35,1600954200.0,1786478400,Healthcare,Biotechnology,NMS
2286,ULCC,"Frontier Group Holdings, Inc.",1349064448,5.86,5.93,2156604,3.02,8.405,22.7,1617283800.0,1785328200,Industrials,Airlines,NMS
2287,MBC,"MasterBrand, Inc.",1345072256,6.61,6.93,2348283,6.27,13.955,20.67,1670596200.0,1793908800,Consumer Cyclical,"Furnishings, Fixtures & Appliances",NYQ
2288,DMLP,"Dorchester Minerals, L.P.",1460469376,29.75,29.45,64794,20.85,30.54,36.49,1044282600.0,0,Energy,Oil & Gas E&P,NMS
2289,AMN,"AMN Healthcare Services, Inc.",1414419328,36.52,35.44,428635,14.97,38.44,129.12,1005661800.0,1793908800,Healthcare,Medical Care Facilities,NYQ
2290,ANAB,"AnaptysBio, Inc.",1373686528,45.95,46.21,495167,20.18,72.36,89.333336,1485441000.0,1790020800,Healthcare,Biotechnology,NMS
2291,SHLS,"Shoals Technologies Group, Inc.",1470941568,8.74,8.42,3818265,5.43,13.18,44.04,1611844200.0,1785846600,Technology,Solar,NGM
2292,PSQL,Pasqal Holding SA,1454211840,6.85,7.18,510397,5.9,24.69,24.69,1769610600.0,1790253000,Technology,Computer Hardware,NGM
2293,AMAL,Amalgamated Financial Corp.,1392748928,46.58,47.18,171668,25.13,51.59,51.59,1533821400.0,1792672200,Financial Services,Banks - Regional,NGM
2294,CERT,"Certara, Inc.",1392679168,9.13,8.64,4443499,4.45,13.11,45.48,1607697000.0,1785846600,Healthcare,Health Information Services,NMS
2295,MLKN,"MillerKnoll, Inc.",1436539648,20.88,20.77,389709,13.77,24.71,51.25,322151400.0,1790080200,Consumer Cyclical,"Furnishings, Fixtures & Appliances",NMS
2296,AGL,"agilon health, inc.",1383427840,82.39,84.72,171878,7.48,133.04,1120.75,1618493400.0,1793822400,Healthcare,Medical Care Facilities,NYQ
2297,ESQ,"Esquire Financial Holdings, Inc.",1435240448,118.57,118.06,84507,92.1,134.815,134.815,1498570200.0,1793104200,Financial Services,Banks - Regional,NCM
2298,VISN,"Vistance Networks, Inc.",1395289856,6.05,6.02,4006707,5.87,20.55,42.75,1382707800.0,1786019400,Technology,Communication Equipment,NMS
2299,KLRA,"Kailera Therapeutics, Inc.",1505163136,11.61,10.0,2181033,9.76,28.23,28.23,1776432600.0,1793822400,Healthcare,Biotechnology,NMS
2300,FMC,FMC Corporation,1298809216,8.35,8.92,5190037,8.21,31.3,140.99,322151400.0,1793304000,Basic Materials,Agricultural Inputs,NYQ
2301,IAUX,i-80 Gold Corp.,1376783744,1.59,1.54,5814309,0.888,2.24,3.28,1619098200.0,1786392000,Basic Materials,Gold,ASE
2302,SCL,Stepan Company,1386194176,61.03,61.04,127794,41.82,68.0,139.3,99153000.0,1793190600,Basic Materials,Specialty Chemicals,NYQ
2303,SVV,"Savers Value Village, Inc.",1414354944,9.23,9.28,1168670,6.905,13.88,26.88,1688045400.0,1786046400,Consumer Cyclical,Specialty Retail,NYQ
2304,DMC,Del Monte Corporation,1389870464,29.48,29.6,434781,26.47,43.58,66.86,877699800.0,1785328200,Consumer Defensive,Farm Products,NYQ
2305,WBTN,WEBTOON Entertainment Inc.,1404609664,10.35,9.91,660248,7.85,19.01,25.66,1719495000.0,1786392000,Communication Services,Internet Content & Information,NMS
2306,UFCS,"United Fire Group, Inc.",1417397888,55.14,56.4,73662,29.85,56.74,61.56,322237800.0,1785787200,Financial Services,Insurance - Property & Casualty,NMS
2307,HAWK,"HawkEye 360, Inc.",1342128000,13.7,14.0,1003727,13.53,35.73,35.73,1778160600.0,1786651200,Industrials,Aerospace & Defense,NYQ
2308,ATLC,Atlanticus Holdings Corporation,1421887744,93.73,91.75,105847,47.5,114.34,114.34,924874200.0,1786046400,Financial Services,Credit Services,NMS
2309,TMP,Tompkins Financial Corporation,1376875520,95.73,96.55,56542,61.88,102.59,102.59,518103000.0,1792758600,Financial Services,Banks - Regional,ASE
2310,ELE,Elemental Royalty Corporation,1369872768,17.86,17.48,287040,12.58,26.96,26.96,1596547800.0,1786478400,Basic Materials,Gold,NCM
2311,ECAT,BlackRock ESG Capital Allocation Term Trust,1405487104,14.13,14.11,367087,13.36,16.67,20.19,1632835800.0,0,Financial Services,Asset Management,NYQ
2312,LUXE,LuxExperience B.V.,1426335232,10.21,10.45,78504,6.54,11.38,36.25,1611239400.0,1789561800,Consumer Cyclical,Luxury Goods,NYQ
2313,KRSA,"Korsana Biosciences, Inc.",1544765056,33.92,33.51,45915,7.189,59.36,3199.0,1552915800.0,0,Healthcare,Biotechnology,NCM
2314,AMPX,"Amprius Technologies, Inc.",1379001088,9.44,9.39,5111596,7.71,24.225,26.01,1663248600.0,1785873600,Industrials,Electrical Equipment & Parts,NYQ
2315,ARHS,"Arhaus, Inc.",1371523200,9.69,9.75,944237,5.57,12.08,19.81,1636032600.0,1786019400,Consumer Cyclical,Specialty Retail,NMS
2316,TRS,TriMas Corporation,1368588288,38.15,38.44,207052,30.43,45.43,45.43,1179495000.0,1793277000,Consumer Cyclical,Packaging & Containers,NMS
2317,DCH,Dauch Corporation,1347218176,5.67,5.69,1615710,4.92,9.25,42.1,917620200.0,1786105800,Consumer Cyclical,Auto Parts,NYQ
2318,NFJ,"Virtus Dividend, Interest & Premium Strategy Fund",1372944640,14.59,14.36,246786,12.25,15.75,26.5,1109687400.0,0,Financial Services,Asset Management,NYQ
2319,BHRB,Burke & Herbert Financial Services Corp.,1390482688,68.88,68.95,200959,57.42,75.09,85.0,1065533400.0,1784836800,Financial Services,Banks - Regional,NCM
2320,PNTG,"The Pennant Group, Inc.",1387731968,39.73,40.37,294124,22.255,42.74,69.56,1569936600.0,1793822400,Healthcare,Medical Care Facilities,NMS
2321,RYZ,Ryerson Holding Corporation,1361301632,26.23,25.94,232061,19.34,32.0,44.7,1407504600.0,1793217600,Industrials,Metal Fabrication,NYQ
2322,INBX,"Inhibrx Biosciences, Inc.",1398324864,95.01,92.76,86817,28.16,155.29,155.29,1716989400.0,0,Healthcare,Biotechnology,NMS
2323,TYRA,"Tyra Biosciences, Inc.",1370993408,19.94,19.97,649438,13.29,40.65,40.65,1631712600.0,0,Healthcare,Biotechnology,NMS
2324,BTT,Blackrock Municipal 2030 Target Term Trust,1386397824,21.79,21.67,96383,21.3,23.24,27.08,1346333400.0,0,Financial Services,Asset Management,NYQ
2325,AZUL,Azul S.A.,1324965760,7.19,7.0,85579,6.0,9.83,9.83,1779975000.0,0,Industrials,Airlines,NYQ
2326,ADNT,Adient plc,1365961216,17.42,17.62,684544,16.51,27.32,86.42,1476711000.0,1785933000,Consumer Cyclical,Auto Parts,NYQ
2327,CTBI,"Community Trust Bancorp, Inc.",1347335552,74.16,75.39,78517,50.25,79.92,79.92,567786600.0,1792585800,Financial Services,Banks - Regional,NMS
2328,HLMN,Hillman Solutions Corp.,1355978496,6.97,7.01,1588663,6.655,10.85,13.46,1607005800.0,1793649600,Industrials,Tools & Accessories,NGM
2329,IIPR,"Innovative Industrial Properties, Inc.",1428997760,51.83,51.92,207391,44.58,65.38,288.016,1480602600.0,1785787200,Real Estate,REIT - Industrial,NYQ
2330,GT,The Goodyear Tire & Rubber Company,1347366144,4.68,4.75,5921879,4.6,10.62,76.75,-252322200.0,1785960000,Consumer Cyclical,Auto Parts,NMS
2331,NKTR,Nektar Therapeutics,1405666944,41.17,40.8,1087104,33.4,109.0,1670.4,767971800.0,1786651200,Healthcare,Biotechnology,NCM
2332,ARLO,"Arlo Technologies, Inc.",1334404992,12.4,12.15,901577,11.05,19.94,23.77,1533303000.0,1793908800,Industrials,Building Products & Equipment,NYQ
2333,ESRT,"Empire State Realty Trust, Inc.",1418381312,4.63,4.58,3722515,3.93,8.04,22.31,1380720600.0,1793649600,Real Estate,REIT - Diversified,NYQ
2334,WABC,Westamerica Bancorporation,1355700224,58.66,59.59,163884,44.93,63.61,69.08,322151400.0,1792090800,Financial Services,Banks - Regional,NMS
2335,ADIG,ADI Global Distribution Inc,1275509760,16.8,17.2,305220,16.77,30.99,30.99,1785418200.0,1786624200,Technology,Computer Hardware,NYQ
2336,CNMD,CONMED Corporation,1330434432,44.42,45.11,400448,31.44,53.66,159.11,554045400.0,1793217600,Healthcare,Medical Devices,NYQ
2337,RES,"RPC, Inc.",1321075840,5.96,6.0,1605293,4.18,8.16,27.07,455808600.0,1785414600,Energy,Oil & Gas Equipment & Services,NYQ
2338,QMCO,Quantum Corporation,1199049216,30.425,29.18,1200228,4.19,35.65,3480.0,933600600.0,1786392000,Technology,Computer Hardware,NGM
2339,DRTS,Alpha Tau Medical Ltd.,1332610176,14.41,14.0,368027,3.43,15.79,20.65,1615213800.0,0,Healthcare,Biotechnology,NCM
2340,POET,POET Technologies Inc.,1206214784,6.97,7.04,7726148,3.87,20.81,26.1,1214400600.0,1786624200,Technology,Semiconductors,NCM
2341,CRCT,"Cricut, Inc.",1341252224,6.39,6.4,496021,3.735,6.66,47.36,1616765400.0,1785873600,Technology,Computer Hardware,NMS
2342,OMER,Omeros Corporation,1435460352,19.83,19.12,793713,4.06,21.24,30.23,1255008600.0,1786564800,Healthcare,Biotechnology,NGM
2343,COAG,"Hemab Therapeutics Holdings, Inc.",1477037184,31.62,30.89,619069,23.0,55.42,55.42,1777642200.0,1786451400,Healthcare,Biotechnology,NMS
2344,KARD,"Kardigan, Inc.",1371699200,14.67,14.2,740190,12.23,27.0,27.0,1781789400.0,1786451400,Healthcare,Biotechnology,NGM
2345,FOR,Forestar Group Inc.,1308602112,25.65,25.91,138190,22.81,32.06,40.92,1197556200.0,1793277000,Real Estate,Real Estate - Development,NYQ
2346,EYE,"National Vision Holdings, Inc.",1318876160,16.68,16.74,975647,14.75,30.02,65.92,1509111000.0,1786537800,Consumer Cyclical,Specialty Retail,NMS
2347,XZO,"Exzeo Group, Inc.",1439572992,15.98,15.89,222832,12.36,24.6,24.6,1762353000.0,1786046400,Financial Services,Insurance - Diversified,NYQ
2348,LQDT,"Liquidity Services, Inc.",1351332736,43.13,42.13,199668,21.67,45.0,66.57,1141050600.0,1786019400,Consumer Cyclical,Internet Retail,NMS
2349,HLF,Herbalife Ltd.,1350812416,13.03,12.82,1488607,7.56,20.4,61.77,1103207400.0,1793649600,Consumer Defensive,Packaged Foods,NYQ
2350,HBT,"HBT Financial, Inc.",1270978176,34.95,35.53,106780,22.36,37.51,37.51,1570800600.0,1793017800,Financial Services,Banks - Regional,NMS
2351,FMBH,"First Mid Bancshares, Inc.",1290724736,48.52,49.24,119839,34.16,53.36,53.36,921594600.0,1784809800,Financial Services,Banks - Regional,NGM
2352,LSPD,Lightspeed Commerce Inc.,1375747712,10.64,10.41,383116,7.83,13.715,130.02,1599831000.0,1793881800,Technology,Software - Application,NYQ
2353,OPY,Oppenheimer Holdings Inc.,1220070144,113.94,116.44,93059,63.81,125.88,125.88,402759000.0,1785501000,Financial Services,Capital Markets,NYQ
2354,UMH,"UMH Properties, Inc.",1291971200,15.17,15.1,410556,13.93,16.77,27.5,477757800.0,1793649600,Real Estate,REIT - Residential,NYQ
2355,BORR,Borr Drilling Limited,1474690944,4.78,4.61,15049874,2.47,6.655,20.24,1564493400.0,1786478400,Energy,Oil & Gas Drilling,NYQ
2356,NSSC,"Napco Security Technologies, Inc.",1292671232,36.14,35.16,230106,33.91,51.77,58.09,378484200.0,1787574600,Industrials,Security & Protection Services,NMS
2357,BJRI,"BJ's Restaurants, Inc.",1273660288,59.87,59.54,389317,28.46,74.6,76.5,844867800.0,1785441600,Consumer Cyclical,Restaurants,NMS
2358,SLVM,Sylvamo Corporation,1298172032,32.65,32.65,248524,31.21,56.8,98.02,1632403800.0,1793968200,Basic Materials,Paper & Paper Products,NYQ
2359,TK,Teekay Corporation Ltd.,1339047168,15.27,15.37,411225,7.8,15.5,67.98,806247000.0,1785355200,Energy,Oil & Gas Midstream,NYQ
2360,NMAX,"Newsmax, Inc.",1335521152,10.34,10.36,481954,5.11,12.11,265.0,1743427800.0,1786651200,Communication Services,Broadcasting,NYQ
2361,NBXG,Neuberger Berman Income Funds - Neuberger Next Generation Connectivity Fund Inc.,1262546816,16.03,15.84,96593,12.32,17.43,20.76,1622035800.0,0,Financial Services,Asset Management,NYQ
2362,FOIL,Londian Wason New Energy Tech Inc.,1618234624,20.54,18.67,32925,15.15,28.49,28.49,1786541400.0,0,Industrials,Electrical Equipment & Parts,NYQ
2363,RDWR,Radware Ltd.,1303715456,30.98,29.39,423717,21.68,32.79,43.5,938698200.0,1793190600,Technology,Software - Infrastructure,NMS
2364,APPS,"Digital Turbine, Inc.",1269559040,10.43,10.78,1939370,2.74,15.34,102.56,1152192600.0,1785873600,Technology,Software - Application,NCM
2365,NBTX,Nanobiotix S.A.,1205771648,23.68,22.9,93496,14.78,57.14,57.14,1607697000.0,0,Healthcare,Biotechnology,NMS
2366,OSBC,"Old Second Bancorp, Inc.",1252051456,24.61,24.86,391762,16.65,26.06,35.31,753460200.0,1792612800,Financial Services,Banks - Regional,NMS
2367,CBRL,"Cracker Barrel Old Country Store, Inc.",1284370560,57.46,55.34,1107108,24.85,60.26,185.0,373818600.0,1790166600,Consumer Cyclical,Restaurants,NMS
2368,OMDA,"Omada Health, Inc.",1319219968,21.55,20.82,836749,10.28,26.915,28.4,1749216600.0,1786046400,Healthcare,Health Information Services,NMS
2369,VZLA,Vizsla Silver Corp.,1260451840,3.55,3.47,3312705,2.88,7.19,7.19,1642775400.0,0,Basic Materials,Other Industrial Metals & Mining,ASE
2370,RDVT,"Red Violet, Inc.",1280227584,79.78,79.86,134748,33.4,81.795,81.795,1522157400.0,1786392000,Technology,Software - Application,NCM
2371,CCEC,Capital Clean Energy Carriers Corp.,1242175488,20.63,20.8,3497,16.77,23.95,227.5,1175261400.0,1785328200,Industrials,Marine Shipping,NMS
2372,PRG,"PROG Holdings, Inc.",1214068096,30.48,30.9,495174,25.8,47.73,66.709076,405268200.0,1793190600,Industrials,Rental & Leasing Services,NYQ
2373,NBR,Nabors Industries Ltd.,1225505024,80.67,81.56,188959,37.21,112.9,2529.0,99153000.0,1793131200,Energy,Oil & Gas Drilling,NYQ
2374,BBAI,"BigBear.ai Holdings, Inc.",1145991936,2.39,2.42,12275020,2.34,9.39,16.12,1617629400.0,1785441600,Technology,Information Technology Services,NYQ
2375,ALX,"Alexander's, Inc.",1230805888,240.99,241.48,43434,201.28,289.43,486.25,99153000.0,1793622600,Real Estate,REIT - Retail,NYQ
2376,XPEL,"XPEL, Inc.",1224968320,44.43,44.92,101044,31.88,55.91,103.84,1561987800.0,1785933000,Consumer Cyclical,Auto Parts,NCM
2377,FUN,Six Flags Entertainment Corporation,1167429120,11.41,11.41,1883200,10.45,27.37,72.56,546183000.0,1793881800,Consumer Cyclical,Leisure,NYQ
2378,USPH,"U.S. Physical Therapy, Inc.",1263504768,84.67,83.52,143467,58.19,93.5,148.48,707146200.0,1785960000,Healthcare,Medical Care Facilities,NYQ
2379,EPC,Edgewell Personal Care Company,1281271808,27.8,27.73,301458,15.73,29.95,107.44997,954167400.0,1785933000,Consumer Defensive,Household & Personal Products,NYQ
2380,REPL,"Replimune Group, Inc.",1264427520,13.42,13.04,2016346,1.5,16.33,54.85,1532093400.0,1786710600,Healthcare,Biotechnology,NMS
2381,BRUN,"Boost Run, Inc.",1047644480,13.18,12.1,2867034,10.59,42.0,42.0,1735569000.0,1786710600,Technology,Software - Infrastructure,NGM
2382,PFBC,Preferred Bank,1215892608,102.58,102.63,57508,81.5,112.26,224.2,935069400.0,1792758600,Financial Services,Banks - Regional,NMS
2383,CRI,"Carter's, Inc.",1187973888,32.36,32.52,797017,27.67,44.44,129.0,1067351400.0,1785501000,Consumer Cyclical,Apparel Retail,NYQ
2384,GBX,"The Greenbrier Companies, Inc.",1189012096,38.43,38.63,252334,37.61,59.19,78.32,774192600.0,0,Industrials,Railroads,NYQ
2385,PIII,P3 Health Partners Inc.,1008750848,4.95,5.31,10069,1.52,16.89,836.5,1617715800.0,1786392000,Healthcare,Medical Care Facilities,NCM
2386,ORIC,"ORIC Pharmaceuticals, Inc.",1242795264,11.99,12.03,1086584,7.23,14.68,40.81,1587735000.0,1785787200,Healthcare,Biotechnology,NMS
2387,AFYA,Afya Limited,1305053696,14.75,14.15,269158,11.62,16.16,34.87,1563543000.0,1794513600,Consumer Defensive,Education & Training Services,NMS
2388,HLIT,Harmonic Inc.,1198640256,10.99,11.07,1269362,8.47,17.68,157.5,801235800.0,1786564800,Technology,Communication Equipment,NMS
2389,SCSC,"ScanSource, Inc.",1227301504,60.93,59.16,196600,33.76,66.78,66.78,764001000.0,1787229000,Technology,Electronics & Computer Distribution,NMS
2390,ASIC,Ategrity Specialty Insurance Co,1242745216,25.93,26.93,47591,16.73,29.0,29.0,1749648600.0,1785355200,Financial Services,Insurance - Property & Casualty,NYQ
2391,CCO,"Clear Channel Outdoor Holdings, Inc.",1237098112,2.43,2.43,2874987,1.27,2.44,31.14,1131978600.0,1785933000,Communication Services,Advertising Agencies,NYQ
2392,INNV,InnovAge Holding Corp.,1241708032,9.1,9.11,343083,3.935,12.64,27.18,1614868200.0,1788897600,Healthcare,Medical Care Facilities,NMS
2393,EMAT,Evolution Metals & Technologies Corp.,1028609024,1.64,1.7,9496655,1.63,24.085,24.085,1767796200.0,0,Basic Materials,Other Industrial Metals & Mining,NGM
2394,TBN,Tamboran Resources Corporation,1189339520,34.02,34.68,75258,22.335,52.21,52.21,1719495000.0,1790339400,Energy,Oil & Gas E&P,NYQ
2395,ROCK,"Gibraltar Industries, Inc.",1087405952,36.66,37.48,426755,33.56,75.08,103.02,752509800.0,1785933000,Industrials,Building Products & Equipment,NMS
2396,MNKD,MannKind Corporation,1057881344,3.29,3.42,4549451,2.23,6.51,121.55,1091021400.0,1785960000,Healthcare,Biotechnology,NGM
2397,FLO,"Flowers Foods, Inc.",1232053632,5.81,5.94,5073977,5.4,13.11,30.16,322151400.0,1787256000,Consumer Defensive,Packaged Foods,NYQ
2398,IRS,IRSA Inversiones y Representaciones Sociedad Anónima,1155629056,13.66,13.85,214878,11.17,19.14,40.54432,787933800.0,1788552000,Real Estate,Real Estate Services,NYQ
2399,MUC,"BlackRock MuniHoldings California Quality Fund, Inc.",1227580288,9.82,9.69,964833,9.51,11.16,18.45,888849000.0,0,Financial Services,Asset Management,NYQ
2400,TV,"Grupo Televisa, S.A.B.",1164802560,2.21,2.24,558281,2.18,3.49,40.05,755879400.0,1784836800,Communication Services,Telecom Services,NYQ
2401,DOLE,Dole plc,1241188736,13.14,13.02,1056799,12.52,16.57,17.66,1627651800.0,1786365000,Consumer Defensive,Farm Products,NYQ
2402,CRON,Cronos Group Inc.,1189973504,3.23,3.22,411145,2.28,3.608,25.1,1519741800.0,1793881800,Healthcare,Drug Manufacturers - Specialty & Generic,NGM
2403,DFIN,"Donnelley Financial Solutions, Inc.",1191407744,48.46,50.2,202359,36.11,56.26,71.01,1474896600.0,1785414600,Technology,Software - Application,NYQ
2404,SBE,N/A,0,0.0,0.0,0,0.0,0.0,0.0,0.0,0,N/A,N/A,
2405,PD,"PagerDuty, Inc.",1270981888,16.16,15.8,1550257,5.7,16.4,59.82,1554989400.0,1787860800,Technology,Software - Application,NYQ
2406,UVE,"Universal Insurance Holdings, Inc.",1276021760,45.85,46.97,196080,27.89,47.56,50.5,1054906200.0,1792699200,Financial Services,Insurance - Property & Casualty,NYQ
2407,AIIR,AIR Global PLC,1156098432,7.44,7.5,20978,5.29,15.299,15.299,1750944600.0,1787229000,Consumer Defensive,Tobacco,NCM
2408,GOLD,"Gold.com, Inc.",1183934592,40.69,41.66,288089,23.0,66.7,66.7,1395063000.0,1788379200,Financial Services,Capital Markets,NYQ
2409,ESBA,"Empire State Realty OP, L.P.",1274879360,4.55,4.43,11874,3.79,7.93,84.5,1380720600.0,0,Real Estate,REIT - Office,PCX
2410,SLSR,Solaris Resources Inc.,1141099136,6.83,6.73,91564,5.19,11.48,13.41,1597325400.0,0,Basic Materials,Other Precious Metals & Mining,ASE
2411,WD,"Walker & Dunlop, Inc.",1133092736,33.01,34.39,570624,32.77,90.0,156.77,1292423400.0,1786019400,Financial Services,Mortgage Finance,NYQ
2412,MYE,"Myers Industries, Inc.",1152241536,30.63,30.68,145595,15.54,37.45,37.45,322151400.0,1793277000,Consumer Cyclical,Packaging & Containers,NYQ
2413,NEWP,New Pacific Metals Corp.,1221194624,6.58,6.25,841048,1.98,7.55,7.55,1228314600.0,0,Basic Materials,Silver,ASE
2414,GNK,Genco Shipping & Trading Limited,1155044992,26.5,27.81,402406,15.56,28.42,217.5,1405431000.0,1785960000,Industrials,Marine Shipping,NYQ
2415,AIP,"Arteris, Inc.",1102973184,22.44,22.84,473871,12.06,50.26,50.26,1635341400.0,1786046400,Technology,Semiconductors,NGM
2416,VTOL,Bristow Group Inc.,1206132992,40.69,40.64,139890,35.03,50.38,69.28,1358865000.0,1785873600,Energy,Oil & Gas Equipment & Services,NYQ
2417,EOSE,"Eos Energy Enterprises, Inc.",911452032,2.52,2.765,43102603,2.44,19.86,31.952,1604327400.0,1785933000,Industrials,Electrical Equipment & Parts,NCM
2418,AMRC,"Ameresco, Inc.",1131902336,21.33,21.01,369108,18.38,44.93,101.86,1279805400.0,1785787200,Industrials,Engineering & Construction,NYQ
2419,CXM,"Sprinklr, Inc.",1281585792,5.52,5.42,1788734,4.715,8.275,26.5,1624455000.0,1788352200,Technology,Software - Application,NYQ
2420,LZB,La-Z-Boy Incorporated,1170342016,29.22,29.55,486185,28.79,44.9,48.31,99153000.0,1787083200,Consumer Cyclical,"Furnishings, Fixtures & Appliances",NYQ
2421,DMRA,"Damora Therapeutics, Inc.",1301384704,21.08,20.56,368713,4.95,38.325,449.75,1603978200.0,0,Healthcare,Biotechnology,NCM
2422,PUMP,ProPetro Holding Corp.,1116469504,9.09,9.04,2663613,4.87,18.5,25.38,1489757400.0,1785328200,Energy,Oil & Gas Equipment & Services,NYQ
2423,WEN,The Wendy's Company,1187873664,6.23,6.22,5052025,5.94,10.12,32.35294,326467800.0,1793881800,Consumer Cyclical,Restaurants,NMS
2424,MYI,"BlackRock MuniYield Quality Fund III, Inc.",1170349824,9.57,9.47,768942,9.37,11.46,17.0625,703171800.0,0,Financial Services,Asset Management,NYQ
2425,BH-A,Biglari Holdings Inc.,1145844096,1799.11,1807.57,40412,1238.0,2513.0,2513.0,1525267800.0,0,Consumer Cyclical,Restaurants,NYQ
2426,LNN,Lindsay Corporation,1139118464,112.02,114.6,158955,97.27,148.0,183.08,592752600.0,1792672200,Industrials,Farm & Heavy Construction Machinery,NYQ
2427,GIII,"G-III Apparel Group, Ltd.",1160667008,27.07,26.77,478402,24.61,37.54,73.93,629649000.0,1788352200,Consumer Cyclical,Apparel Manufacturing,NMS
2428,TPB,"Turning Point Brands, Inc.",1150407168,57.38,57.04,244300,54.69,146.9,146.9,1462973400.0,1785846600,Consumer Defensive,Tobacco,NYQ
2429,TNC,Tennant Company,1124060672,65.93,65.94,98444,60.18,91.93,124.11,99239400.0,1785960000,Industrials,Specialty Industrial Machinery,NYQ
2430,HZO,"MarineMax, Inc.",1156682368,52.37,52.43,1398578,21.42,52.56,70.89,896880600.0,1784809800,Consumer Cyclical,Specialty Retail,NYQ
2431,SENEA,Seneca Foods Corporation,1207443328,178.34,177.03,91983,99.58,210.0,210.0,896880600.0,1786046400,Consumer Defensive,Packaged Foods,NMS
2432,EOS,Eaton Vance Enhanced Equity Income Fund II,1150559616,21.58,21.43,166308,19.44,24.05,25.7,1106836200.0,0,Financial Services,Asset Management,NYQ
2433,IMTX,Immatics N.V.,1131032320,7.43,7.37,1371276,7.02,12.41,18.42,1544625000.0,1787056200,Healthcare,Biotechnology,NCM
2434,HROW,"Harrow, Inc.",1100643200,29.36,30.52,1351681,27.0,54.85,140.0,1190986200.0,1786392000,Healthcare,Drug Manufacturers - Specialty & Generic,NGM
2435,SPH,"Suburban Propane Partners, L.P.",1140114688,17.09,17.14,151922,16.25,20.8,58.99,825604200.0,1786019400,Utilities,Utilities - Regulated Gas,NYQ
2436,UVSP,Univest Financial Corporation,1128053504,40.9,41.26,135083,28.04,45.46,45.46,892733400.0,1793217600,Financial Services,Banks - Regional,NMS
2437,ECVT,Ecovyst Inc.,1100157440,10.05,10.21,644720,7.41,15.085,18.9,1506691800.0,1785933000,Basic Materials,Specialty Chemicals,NYQ
2438,JCAP,"Jefferson Capital, Inc.",1144491008,19.93,19.95,210224,15.5,24.44,24.44,1750944600.0,1786651200,Financial Services,Credit Services,NMS
2439,REAL,"The RealReal, Inc.",1186293376,9.75,9.62,2183656,8.05,17.392,30.22,1561728600.0,1786046400,Consumer Cyclical,Luxury Goods,NMS
2440,AMTB,Amerant Bancorp Inc.,1127492224,28.77,29.03,316212,15.62,30.6,36.72,1539869400.0,1792699200,Financial Services,Banks - Regional,NYQ
2441,CNL,Collective Mining Ltd.,1118477056,12.06,11.63,137761,9.77,21.97,21.97,1626269400.0,0,Basic Materials,Gold,NMS
2442,LOMA,Loma Negra Compañía Industrial Argentina Sociedad Anónima,1180969856,10.12,10.01,366591,7.47,13.2,26.89,1509543000.0,1793908800,Basic Materials,Building Materials,NYQ
2443,TE,T1 Energy Inc.,1015301248,3.39,3.44,13008455,2.52,12.49,16.94,1578666600.0,1786537800,Industrials,Electrical Equipment & Parts,NYQ
2444,MSDL,Morgan Stanley Direct Lending Fund,1125326464,13.38,13.57,550871,13.23,17.91,24.18,1706106600.0,1793908800,Financial Services,Asset Management,NYQ
2445,NHP,"National Healthcare Properties, Inc.",1133306368,15.545,15.115,404223,11.25,17.46,17.46,1776864600.0,1793822400,Real Estate,REIT - Healthcare Facilities,NGM
2446,HFWA,Heritage Financial Corporation,1111266560,27.16,27.57,196704,21.32,31.25,37.4,894547800.0,1792672200,Financial Services,Banks - Regional,NMS
2447,TRAX,"First Tracks Biotherapeutics, Inc.",1138027392,31.85,32.01,855239,14.72,49.91,49.91,1775482200.0,0,Healthcare,Biotechnology,NMS
2448,DEA,"Easterly Government Properties, Inc.",1131054080,23.08,23.22,297426,20.56,25.96,74.2375,1423233000.0,1793017800,Real Estate,REIT - Office,NYQ
2449,PDM,"Piedmont Realty Trust, Inc.",1129949312,9.03,9.08,652519,6.32,10.13,24.78,1265812200.0,1793044800,Real Estate,REIT - Office,NYQ
2450,WLDN,"Willdan Group, Inc.",1144234752,75.12,74.71,270718,64.67,137.0,137.0,1164119400.0,1793908800,Industrials,Engineering & Construction,NGM
2451,DSL,DoubleLine Income Solutions Fund,1135399040,9.91,9.9,969161,9.73,12.17,25.46,1366983000.0,0,Financial Services,Asset Management,NYQ
2452,AVLN,Avalyn Pharma Inc.,1142020608,25.76,25.72,241837,24.14,40.17,40.17,1777555800.0,1786537800,Healthcare,Biotechnology,NMS
2453,GDRX,"GoodRx Holdings, Inc.",1170128640,3.43,3.36,610479,1.77,4.33,64.219,1600867800.0,1785960000,Healthcare,Health Information Services,NMS
2454,AVO,"Mission Produce, Inc.",1028905984,11.735,11.79,2318060,10.07,15.53,22.93,1601645400.0,1788897600,Consumer Defensive,Food Distribution,NMS
2455,TNDM,"Tandem Diabetes Care, Inc.",1120913024,16.11,15.675,1430143,12.26,29.65,302.5,1384439400.0,1793908800,Healthcare,Medical Devices,NGM
2456,PSIX,"Power Solutions International, Inc.",1154887040,50.07,48.5,265625,25.28,106.5,121.78,1334669400.0,1786046400,Industrials,Specialty Industrial Machinery,NCM
2457,GO,Grocery Outlet Holding Corp.,1185050624,11.96,11.93,1507399,5.655,15.93,48.87,1561037400.0,1786564800,Consumer Defensive,Grocery Stores,NMS
2458,UMAC,"Unusual Machines, Inc.",1040593984,20.83,21.39,2503332,7.245,34.926,34.926,1707921000.0,1786019400,Technology,Computer Hardware,ASE
2459,BOW,Bowhead Specialty Holdings Inc.,1121075712,34.03,34.1,139373,21.21,35.07,42.29,1716471000.0,1785760200,Financial Services,Insurance - Property & Casualty,NYQ
2460,YSS,"York Space Systems, Inc.",976612544,7.11,7.23,2061625,6.78,44.54,44.54,1769697000.0,1786651200,Industrials,Aerospace & Defense,NYQ
2461,LBRX,LB Pharmaceuticals Inc,1200686592,37.22,34.61,642578,14.317,50.16,50.16,1757597400.0,1786451400,Healthcare,Biotechnology,NGM
2462,STAA,STAAR Surgical Company,1086620160,21.67,22.38,591496,15.59,35.87,163.08,698941800.0,1786564800,Healthcare,Medical Instruments & Supplies,NGM
2463,BTX,BlackRock Innovation and Growth Term Trust,1097076736,9.4,9.24,1070705,6.13,9.49,23.05,1616765400.0,0,Financial Services,Asset Management,NYQ
2464,LADR,Ladder Capital Corp,1112608768,8.77,8.85,1317432,8.48,11.48,20.78,1391697000.0,1784809800,Real Estate,REIT - Mortgage,NYQ
2465,BCAX,Bicara Therapeutics Inc.,1158026368,17.5,17.26,715973,13.7,30.99,30.99,1726234200.0,1786451400,Healthcare,Biotechnology,NGM
2466,MCB,Metropolitan Bank Holding Corp.,1073895552,86.62,87.49,93873,64.66,102.043,115.78,1510151400.0,1792526400,Financial Services,Banks - Regional,NYQ
2467,CRML,Critical Metals Corp.,1007656832,6.86,6.83,3804126,5.115,32.15,32.15,1644244200.0,0,Basic Materials,Other Industrial Metals & Mining,NGM
2468,AMPH,"Amphastar Pharmaceuticals, Inc.",1132360064,26.62,25.81,269274,16.65,29.52,67.66,1403703000.0,1786046400,Healthcare,Drug Manufacturers - Specialty & Generic,NMS
2469,CDRE,"Cadre Holdings, Inc.",1051249024,24.55,24.83,877052,24.07,48.76,48.76,1636032600.0,1785960000,Industrials,Aerospace & Defense,NYQ
2470,SGML,Sigma Lithium Corporation,1052513792,9.35,9.56,1525899,4.615,24.48,43.18,1530624600.0,1786710600,Basic Materials,Other Industrial Metals & Mining,NCM
2471,MUX,McEwen Inc.,1068152704,17.88,17.32,647178,14.93,29.7,98.47036,326554200.0,1785960000,Basic Materials,Other Precious Metals & Mining,NYQ
2472,MMI,"Marcus & Millichap, Inc.",1069477120,28.24,28.76,112302,24.43,33.55,58.33,1383226200.0,1786019400,Real Estate,Real Estate Services,NYQ
2473,OPK,"OPKO Health, Inc.",1029932992,1.38,1.37,1093350,0.98,1.75,19.2,815322600.0,1785182400,Healthcare,Diagnostics & Research,NMS
2474,LTGO,"Latigo Biotherapeutics, Inc.",1060789568,16.0,14.79,184215,14.6,25.93,25.93,1786109400.0,0,Healthcare,Biotechnology,NMS
2475,VOR,Vor Biopharma Inc.,1177329664,19.9,19.13,1102365,6.5,33.42,1272.4,1612535400.0,1786474800,Healthcare,Biotechnology,NMS
2476,SG,"Sweetgreen, Inc.",1146367872,9.63,9.57,2970177,4.49,10.63,56.2,1637245800.0,1793908800,Consumer Cyclical,Restaurants,NYQ
2477,IRMD,IRADIMED CORPORATION,1118222336,87.45,85.88,68873,71.34,107.9,107.9,1405517400.0,1785501000,Healthcare,Medical Devices,NGM
2478,KRT,Karat Packaging Inc.,1087873280,54.58,53.8,184039,20.61,55.36,55.36,1618493400.0,1786046400,Consumer Cyclical,Packaging & Containers,NMS
2479,CRAI,"CRA International, Inc.",1109309440,176.73,177.56,114418,132.17,227.29,227.29,893424600.0,1786019400,Industrials,Consulting Services,NMS
2480,FTK,"Flotek Industries, Inc.",970345280,26.79,27.22,439989,13.19,39.67,330.0,1122471000.0,1793736000,Energy,Oil & Gas Equipment & Services,NYQ
2481,PDS,Precision Drilling Corporation,1059109696,84.14,84.29,41093,53.48,103.8,1052.289,848068200.0,1793131200,Energy,Oil & Gas Drilling,NYQ
2482,LGIH,"LGI Homes, Inc.",1018739264,43.82,44.98,236503,33.55,66.25,188.0,1383834600.0,1793709000,Consumer Cyclical,Residential Construction,NMS
2483,TDAY,"USA TODAY Co., Inc.",1001298368,6.82,6.99,3552407,3.42,9.21,25.77,1391524200.0,1786019400,Communication Services,Publishing,NYQ
2484,NPK,"National Presto Industries, Inc.",1081756416,151.59,152.01,77790,91.28,158.17,158.17,322151400.0,0,Industrials,Aerospace & Defense,NYQ
2485,GPRE,Green Plains Inc.,1005167040,14.34,15.06,1841827,8.93,19.65,63.5,1142433000.0,1786019400,Basic Materials,Chemicals,NMS
2486,AOD,Abrdn Total Dynamic Dividend Fund,1070483328,10.15,9.99,274339,8.76,10.85,43.7,1177335000.0,0,Financial Services,Asset Management,NYQ
2487,HSLV,Highlander Silver Corp.,1037969472,5.1,4.74,816064,3.88,6.97,6.97,1773235800.0,0,Basic Materials,Silver,ASE
2488,UTI,"Universal Technical Institute, Inc.",1137165568,20.64,20.31,940071,18.02,51.34,51.34,1071757800.0,1785960000,Consumer Defensive,Education & Training Services,NYQ
2489,TRUP,"Trupanion, Inc.",1136749440,26.06,25.82,269943,21.16,46.98,158.25,1405690200.0,1785960000,Financial Services,Insurance - Property & Casualty,NGM
2490,HBNB,Hotel101 Global Holdings Corp.,1034423168,4.42,4.41,2297,3.19,10.43,19.28,1748957400.0,0,Real Estate,Real Estate Services,NCM
2491,AORT,"Artivion, Inc.",1036557248,21.26,21.21,342996,19.16,48.25,48.25,729527400.0,1786046400,Healthcare,Medical Devices,NYQ
2492,FSBC,Five Star Bancorp,1042315328,42.48,42.71,216341,30.68,50.26,50.26,1620135000.0,1784750400,Financial Services,Banks - Regional,NMS
2493,WINA,Winmark Corporation,1048410368,291.86,295.14,34241,280.05,488.83,527.37,746285400.0,1784142000,Consumer Cyclical,Specialty Retail,NGM
2494,UVV,Universal Corporation,1045768768,42.0,42.35,266393,41.1,59.38,83.35,99153000.0,1785960000,Consumer Defensive,Tobacco,NYQ
2495,TDOC,"Teladoc Health, Inc.",1048316800,5.77,5.54,4179464,4.4,9.887,308.0,1435671000.0,1785355200,Healthcare,Health Information Services,NYQ
2496,IGIC,International General Insurance Holdings Ltd.,1044256128,24.59,24.86,55974,20.82,29.585,29.585,1523367000.0,1793736000,Financial Services,Insurance - Diversified,NCM
2497,CRF,"Cornerstone Total Return Fund, Inc.",1059040064,6.22,6.17,1023319,6.05,8.24,156.07843,563121000.0,0,Financial Services,Asset Management,ASE
2498,RXT,"Rackspace Technology, Inc.",994004160,3.9,3.62,4656207,0.393,8.6,26.43,1596634200.0,1786451400,Technology,Software - Infrastructure,NMS
2499,CII,"BlackRock Enhanced Large Cap Core Fund, Inc.",1063320960,24.33,24.03,89643,20.43,26.17,26.17,1085578200.0,0,Financial Services,Asset Management,NYQ
2500,ANDG,Andersen Group Inc.,1053466112,56.82,56.24,176730,18.12,58.18,58.18,1765981800.0,1786564800,Consumer Cyclical,Personal Services,NYQ
2501,MRTN,"Marten Transport, Ltd.",1041186304,12.75,12.79,1037558,9.35,18.48,23.43,528039000.0,1792699200,Industrials,Trucking,NMS
2502,VCX,"Fundrise Growth Tech Fund, LLC",959721216,26.81,27.43,411800,26.81,575.0,575.0,1773927000.0,0,Financial Services,Asset Management,NYQ
2503,ASA,ASA Gold and Precious Metals Limited,1034590144,56.36,55.8,50315,43.2,83.2,83.2,252685800.0,0,Financial Services,Asset Management,NYQ
2504,TUYA,Tuya Inc.,1054606400,1.72,1.7,212773,1.6,2.61,26.65,1616160600.0,1787601600,Technology,Software - Infrastructure,NYQ
2505,GTM,ZoomInfo Technologies Inc.,1129507072,3.88,3.83,4582297,2.54,12.31,79.17,1591277400.0,1785960000,Technology,Software - Application,NMS
2506,CPAC,Cementos Pacasmayo S.A.A.,1050574208,12.27,12.25,16764,6.25,12.74,15.61,1329921000.0,1793044800,Basic Materials,Building Materials,NYQ
2507,ENOV,Enovis Corporation,1020173440,17.69,17.43,1129583,16.7,34.28,129.72461,1210253400.0,1793881800,Healthcare,Medical Devices,NYQ
2508,CFFN,"Capitol Federal Financial, Inc.",1035069696,8.39,8.47,1087422,5.97,9.26,22.77687,922977000.0,1793190600,Financial Services,Banks - Regional,NMS
2509,SBR,Sabine Royalty Trust,1054961408,72.36,73.11,34468,65.31,79.86,91.1,410452200.0,1786129200,Energy,Oil & Gas Midstream,NYQ
2510,GHM,Graham Corporation,966779456,82.37,81.55,126970,52.57,125.82,125.82,322151400.0,1786019400,Industrials,Specialty Industrial Machinery,NYQ
2511,VPG,"Vishay Precision Group, Inc.",966051584,72.63,72.25,177310,29.08,151.78,151.78,1277299800.0,1793795400,Technology,Scientific & Technical Instruments,NYQ
2512,AVEX,AEVEX Corp.,1012361024,14.63,14.21,1306137,13.07,42.34,42.34,1776432600.0,1786564800,Industrials,Aerospace & Defense,NYQ
2513,DLX,Deluxe Corporation,1061114496,23.14,23.05,402940,17.76,32.07,78.87,322151400.0,1785960000,Industrials,Conglomerates,NYQ
2514,NXRT,"NexPoint Residential Trust, Inc.",998533568,19.35,19.66,357305,18.135,32.36,95.04,1426771800.0,1793709000,Real Estate,REIT - Residential,NYQ
2515,ITG,"ITG, Inc.",937262016,7.57,7.62,522037,6.55,19.26,19.26,1782912600.0,1786564800,Industrials,Engineering & Construction,NMS
2516,UPWK,Upwork Inc.,1074168960,8.6,8.57,1690953,7.44,22.84,64.49,1538573400.0,1786392000,Communication Services,Internet Content & Information,NMS
2517,ITRN,Ituran Location and Control Ltd.,1035814016,52.22,51.78,71147,35.0,68.3,68.3,1127914200.0,1786537800,Technology,Scientific & Technical Instruments,NMS
2518,HPK,"HighPeak Energy, Inc.",1207624320,9.55,8.73,739481,3.85,9.68,38.21,1527600600.0,1786392000,Energy,Oil & Gas E&P,NGM
2519,ETW,Eaton Vance Tax-Managed Global Buy-Write Opportunities Fund,1050140608,9.67,9.54,395363,8.46,9.95,21.5,1132583400.0,0,Financial Services,Asset Management,NYQ
2520,RSKD,Riskified Ltd.,1126281856,8.53,8.04,2498927,3.7,8.57,40.48,1627565400.0,1786537800,Technology,Software - Application,NYQ
2521,OCSL,Oaktree Specialty Lending Corporation,1021792064,11.6,11.79,394731,10.63,14.31,41.85,1213277400.0,1785933000,Financial Services,Asset Management,NMS
2522,BFS,"Saul Centers, Inc.",1041870144,30.0,29.72,268046,29.16,38.42,68.75,745767000.0,1793908800,Real Estate,REIT - Retail,NYQ
2523,CEVA,"CEVA, Inc.",942879936,33.49,33.66,300586,17.02,51.6,83.95,1036161000.0,1786365000,Technology,Semiconductors,NMS
2524,IART,Integra LifeSciences Holdings Corporation,1045262400,13.44,13.41,1228147,8.7,20.49,77.4,808579800.0,1792585800,Healthcare,Medical Devices,NMS
2525,BMEZ,BlackRock Health Sciences Term Trust,1032523200,16.52,16.26,223941,13.7,17.25,30.96,1580308200.0,0,Financial Services,Asset Management,NYQ
2526,JANX,"Janux Therapeutics, Inc.",1124305152,18.39,18.5,1172964,12.12,35.34,71.71,1623418200.0,0,Healthcare,Biotechnology,NGM
2527,MGTX,MeiraGTx Holdings plc,1026699520,10.69,10.5,523408,6.62,15.35,30.23,1528464600.0,1786624200,Healthcare,Biotechnology,NMS
2528,LMRI,"Lumexa Imaging Holdings, Inc.",1012630272,10.54,10.33,370852,6.45,19.45,19.45,1765463400.0,1786564800,Healthcare,Medical Devices,NMS
2529,FSCO,FS Credit Opportunities Corp.,1015393600,5.02,4.98,911820,4.13,6.91,7.65,1668436200.0,0,Financial Services,Asset Management,NYQ
2530,AEVA,"Aeva Technologies, Inc.",952180672,13.66,13.69,1061214,8.83,31.3,109.175,1582813800.0,1785960000,Technology,Software - Infrastructure,NMS
2531,NPKI,NPK International Inc.,962878208,11.34,11.48,402987,10.73,16.5,25.5,652627800.0,1785355200,Industrials,Building Products & Equipment,NYQ
2532,MBWM,Mercantile Bank Corporation,998780928,57.78,58.2,132763,42.75,62.95,62.95,932477400.0,1792499400,Financial Services,Banks - Regional,NMS
2533,CSTL,"Castle Biosciences, Inc.",1051513984,34.42,33.71,249077,17.722,44.28,107.69,1564061400.0,1785441600,Healthcare,Diagnostics & Research,NGM
2534,GSBD,"Goldman Sachs BDC, Inc.",987230720,8.77,8.88,881117,8.355,10.375,25.6,1426685400.0,1793908800,Financial Services,Asset Management,NYQ
2535,NWPX,"NWPX Infrastructure, Inc.",976441280,101.32,100.73,52526,49.25,152.03,152.03,817741800.0,1785355200,Basic Materials,Steel,NMS
2536,CGEM,"Cullinan Therapeutics, Inc.",954443456,15.53,15.46,566369,6.732,23.19,59.85,1610116200.0,1794686400,Healthcare,Biotechnology,NMS
2537,HRTG,"Heritage Insurance Holdings, Inc.",1035580096,34.83,35.23,147510,20.48,36.5,36.5,1400851800.0,1785960000,Financial Services,Insurance - Property & Casualty,NYQ
2538,BBNX,"Beta Bionics, Inc.",951071680,17.63,17.43,955104,8.8,32.71,32.71,1738247400.0,1793131200,Healthcare,Medical Devices,NGM
2539,AKTS,"Aktis Oncology, Inc.",1009493888,18.15,17.74,361043,14.72,34.19,34.19,1767969000.0,0,Healthcare,Biotechnology,NMS
2540,MCBS,"MetroCity Bankshares, Inc.",984318016,34.2,34.68,65257,24.528,37.46,37.46,1567690200.0,1784923200,Financial Services,Banks - Regional,NMS
2541,STK,Columbia Seligman Premium Technology Growth Fund,981722496,55.48,54.99,47329,32.5,58.46,58.46,1259332200.0,0,Financial Services,Asset Management,NYQ
2542,ORC,"Orchid Island Capital, Inc.",1002829120,5.08,5.02,5185837,4.85,8.4,77.0,1360852200.0,1792699200,Real Estate,REIT - Mortgage,NYQ
2543,CCNE,CNB Financial Corporation,985782976,33.28,33.64,84147,22.8,36.17,36.17,765466200.0,0,Financial Services,Banks - Regional,NMS
2544,BFST,"Business First Bancshares, Inc.",992445952,30.49,30.71,218389,22.56,32.525,32.525,1524490200.0,1793017800,Financial Services,Banks - Regional,NMS
2545,PRCT,PROCEPT BioRobotics Corporation,1047306688,18.4,17.9,1113757,16.665,38.11,103.81,1631712600.0,1785873600,Healthcare,Medical Devices,NGM
2546,TYG,Tortoise Energy Infrastructure Corporation,1003808000,39.52,38.96,104899,37.45,51.18,202.56,1077719400.0,0,Financial Services,Asset Management,NYQ
2547,MSEX,Middlesex Water Company,1006832064,53.43,53.08,96556,44.17,62.18,121.43,99153000.0,1785441600,Utilities,Utilities - Regulated Water,NMS
2548,FEIM,"Frequency Electronics, Inc.",846511104,75.09,74.72,191259,26.05,89.76,89.76,330183000.0,1789070400,Technology,Communication Equipment,NGM
2549,TRIP,"Tripadvisor, Inc.",1009433152,8.675,8.96,2985973,8.02,17.82,111.24,1323268200.0,1786019400,Consumer Cyclical,Travel Services,NMS
2550,PCRX,"Pacira BioSciences, Inc.",1449212928,36.31,36.39,4689955,18.8,36.46,121.95,1296743400.0,1785873600,Healthcare,Drug Manufacturers - Specialty & Generic,NMS
2551,HBNC,"Horizon Bancorp, Inc.",988895488,19.26,19.5,638331,14.97,21.04,23.8,1010586600.0,1792612800,Financial Services,Banks - Regional,NMS
2552,LZ,"LegalZoom.com, Inc.",1024163584,5.98,5.925,1901752,5.22,12.4,40.94,1625059800.0,1785960000,Industrials,Specialty Business Services,NMS
2553,KODK,Eastman Kodak Company,901659008,9.21,9.59,711529,5.78,14.87,60.0,1379943000.0,1793736000,Industrials,Specialty Business Services,NYQ
2554,CSR,Centerspace,988996864,55.88,54.91,330664,52.0,69.61,178.75,877095000.0,1793649600,Real Estate,REIT - Residential,NYQ
2555,PSNY,Polestar Automotive Holding UK PLC,864113536,5.26,5.31,337841,4.955,29.1,492.3,1621344600.0,1788438600,Consumer Cyclical,Auto Manufacturers,NGM
2556,YELP,Yelp Inc.,1008760704,18.59,19.37,919654,17.27,34.49,101.75,1330698600.0,1786046400,Communication Services,Internet Content & Information,NYQ
2557,NBBK,"NB Bancorp, Inc.",969264960,22.12,22.55,179562,16.835,23.47,23.47,1703773800.0,0,Financial Services,Banks - Regional,NCM
2558,EQBK,"Equity Bancshares, Inc.",961669312,46.7,47.49,74453,38.6,52.27,52.27,1447252200.0,1792008000,Financial Services,Banks - Regional,NYQ
2559,RCAT,"Red Cat Holdings, Inc.",881161920,5.77,5.91,5267682,5.7,18.78,990000.0,1011191400.0,1786046400,Industrials,Aerospace & Defense,NCM
2560,SB,"Safe Bulkers, Inc.",970999488,8.53,8.82,693174,4.14,9.31,19.23,1212154200.0,1785268800,Industrials,Marine Shipping,NYQ
2561,IBTA,"Ibotta, Inc.",1000344960,43.07,43.28,264723,19.1,43.655,110.95,1713533400.0,1793649600,Technology,Software - Application,NYQ
2562,XIFR,"XPLR Infrastructure, LP",977891008,10.37,10.34,1132440,8.675,13.25,88.797,1403875800.0,1785241800,Utilities,Utilities - Renewable,NYQ
2563,FET,"Forum Energy Technologies, Inc.",970705088,84.61,84.37,142576,25.69,89.93,740.6,1334237400.0,1785441600,Energy,Oil & Gas Equipment & Services,NYQ
2564,IQ,"iQIYI, Inc.",984325184,1.02,1.01,4138640,0.86,2.36,46.23,1522330200.0,1787056200,Communication Services,Entertainment,NMS
2565,PSEC,Prospect Capital Corporation,918164992,1.72,1.82,6926151,1.72,3.13,18.97,1090935000.0,1787256000,Financial Services,Asset Management,NMS
2566,AHG,Akso Health Group,1070880256,1.25,1.14,15746,0.681,2.5,51.0,1509715800.0,0,Healthcare,Medical Distribution,NCM
2567,DEC,Diversified Energy Company,954784704,13.83,14.1,468403,12.33,18.9,18.9,1609770600.0,1785960000,Energy,Oil & Gas Integrated,NYQ
2568,BV,"BrightView Holdings, Inc.",988041984,10.67,10.46,927050,9.815,15.0,23.42,1530192600.0,1785873600,Industrials,Specialty Business Services,NYQ
2569,BRAI,Braiin Limited,950066752,4.61,4.34,16304,4.186667,32.996666,32.996666,1770906600.0,0,Technology,Computer Hardware,NGM
2570,SIFY,Sify Technologies Limited,930784832,12.85,12.73,50457,10.09,17.85,2712.0,940339800.0,1784118600,Communication Services,Telecom Services,NCM
2571,SVRA,Savara Inc.,1010863296,4.92,4.83,1528811,3.35,7.005,17.187,1493386200.0,0,Healthcare,Biotechnology,NMS
2572,FPF,First Trust Intermediate Duration Preferred & Income Fund,965655040,15.87,15.72,207657,15.55,19.36,26.26,1369402200.0,0,Financial Services,Asset Management,NYQ
2573,HSTM,"HealthStream, Inc.",1013641792,33.13,32.47,217974,19.5,33.21,39.77,955459800.0,1785787200,Healthcare,Health Information Services,NMS
2574,CAC,Camden National Corporation,937617216,55.49,56.38,64758,35.0,60.59,60.59,876317400.0,1793104200,Financial Services,Banks - Regional,NMS
2575,CMP,"Compass Minerals International, Inc.",956744128,22.79,23.08,326893,16.4,34.5,98.1,1071239400.0,1785960000,Basic Materials,Other Industrial Metals & Mining,NYQ
2576,CHY,Calamos Convertible and High Income Fund,982928640,12.22,11.9,387242,10.41,13.91,17.75,1054215000.0,0,Financial Services,Asset Management,NGM
2577,ASM,Avino Silver & Gold Mines Ltd.,942696768,5.55,5.46,3049379,4.05,11.99,11.99,1132583400.0,1786537800,Basic Materials,Other Precious Metals & Mining,ASE
2578,ASTE,"Astec Industries, Inc.",890044672,38.71,38.78,174495,38.3,65.69,80.0,519485400.0,1785933000,Industrials,Farm & Heavy Construction Machinery,NMS
2579,GLIBA,Liberty Capital Corporation,801292224,20.08,23.59,59996,19.61,41.87,41.87,1752240600.0,1793881800,Communication Services,Telecom Services,NMS
2580,CHI,Calamos Convertible Opportunities and Income Fund,968838272,11.98,11.75,154300,10.26,13.5,21.93,1025184600.0,0,Financial Services,Asset Management,NGM
2581,VMET,Versamet Royalties Corporation,954434816,8.77,8.58,129536,8.26,15.0,15.0,1772461800.0,0,Basic Materials,Other Precious Metals & Mining,NCM
2582,MLTX,MoonLake Immunotherapeutics,920854336,10.82,10.58,2010972,8.8,23.29,64.98,1603200600.0,1786365000,Healthcare,Biotechnology,NCM
2583,NXDR,"Nextdoor Holdings, Inc.",994200384,2.57,2.51,1161204,1.33,3.72,18.59,1636381800.0,1785873600,Communication Services,Internet Content & Information,NYQ
2584,PTA,Cohen & Steers Tax-Advantaged Preferred Securities and Income Fund,946834240,17.13,17.05,220164,16.926,20.42,26.25,1603891800.0,0,Financial Services,Asset Management,NYQ
2585,CBLL,"CeriBell, Inc.",906874496,23.63,23.15,243731,10.85,25.627,32.749,1728653400.0,1786392000,Healthcare,Medical Devices,NMS
2586,TRST,TrustCo Bank Corp NY,912516608,53.59,54.76,67278,34.31,59.28,71.25,419697000.0,1784664000,Financial Services,Banks - Regional,NMS
2587,PLOW,"Douglas Dynamics, Inc.",904389376,39.19,39.39,152215,28.52,55.0,56.89,1273066200.0,1785760200,Consumer Cyclical,Auto Parts,NYQ
2588,KURA,"Kura Oncology, Inc.",942982592,10.6,10.52,1474161,7.358,13.9,43.0,1442410200.0,1786564800,Healthcare,Biotechnology,NMS
2589,HAFC,Hanmi Financial Corporation,912604096,30.78,31.275,173287,22.85,33.5,185.44,765639000.0,1784664000,Financial Services,Banks - Regional,NMS
2590,ANRO,"Alto Neuroscience, Inc.",956330112,24.37,24.03,649426,5.225,37.48,37.48,1706884200.0,0,Healthcare,Biotechnology,NYQ
2591,CPF,Central Pacific Financial Corp.,916608512,35.6,36.24,113814,27.38,40.99,810.0,557155800.0,1793190600,Financial Services,Banks - Regional,NYQ
2592,REPX,"Riley Exploration Permian, Inc.",984345152,45.37,44.64,187259,24.08,45.85,1826.2858,914855400.0,1785960000,Energy,Oil & Gas E&P,ASE
2593,SBGI,"Sinclair, Inc.",918667840,12.73,13.14,408012,12.23,17.88,66.57,802531800.0,1793822400,Communication Services,Broadcasting,NMS
2594,LAC,Lithium Americas Corp.,853150912,2.35,2.36,6972382,2.32,10.52,12.38,1696253400.0,1786624200,Basic Materials,Other Industrial Metals & Mining,NYQ
2595,ANL,Adlai Nortye Group Ltd.,1005895744,15.62,15.51,300012,0.879,17.25,19.3,1695994200.0,0,Healthcare,Biotechnology,NGM
2596,BKSY,BlackSky Technology Inc.,856147840,20.92,21.16,583360,12.41,52.88,139.76,1576852200.0,1786019400,Industrials,Specialty Business Services,NYQ
2597,PDX,PIMCO Dynamic Income Strategy Fund,931245696,20.83,20.76,128494,18.47,23.85,32.881,1548858600.0,0,Financial Services,Asset Management,NYQ
2598,KOPN,Kopin Corporation,828991808,4.46,4.2,5251198,1.81,6.61,49.875,703344600.0,1786392000,Technology,Electronic Components,NCM
2599,VYX,NCR Voyix Corporation,987199808,7.15,6.9,3531101,6.02,12.07,35.276073,850314600.0,1785933000,Technology,Information Technology Services,NYQ
2600,UTL,Unitil Corporation,953048576,52.26,52.38,58129,46.91,57.26,65.76,479053800.0,1785787200,Utilities,Utilities - Diversified,NYQ
2601,SPTX,"Seaport Therapeutics, Inc.",971579520,18.15,17.91,171205,14.85,28.38,28.38,1777642200.0,0,Healthcare,Biotechnology,NMS
2602,CLVT,Clarivate Plc,1029859072,1.61,1.63,2408360,1.42,3.87,34.79,1540819800.0,1793709000,Technology,Information Technology Services,NYQ
2603,HQ,Horizon Quantum Holdings Ltd.,879744832,16.3,16.31,138329,8.29,45.0,45.0,1774013400.0,0,Technology,Software - Infrastructure,NCM
2604,MPB,"Mid Penn Bancorp, Inc.",904467200,35.7,36.17,119436,26.56,39.15,39.15,881245800.0,1784750400,Financial Services,Banks - Regional,NGM
2605,WLFC,Willis Lease Finance Corporation,864371328,40.88,40.01,185762,38.003334,81.54,81.54,843053400.0,1785846600,Industrials,Rental & Leasing Services,NGM
2606,LAR,Lithium Argentina AG,864806976,5.27,5.26,557669,3.62,12.05,16.73108,1221744600.0,1794313800,Basic Materials,Other Industrial Metals & Mining,NYQ
2607,TTI,"TETRA Technologies, Inc.",904724736,6.11,6.12,1559121,5.59,12.54,32.0,639149400.0,1793649600,Energy,Oil & Gas Equipment & Services,NYQ
2608,KRO,"Kronos Worldwide, Inc.",875892160,7.61,7.82,194116,4.08,9.17,34.5,1070980200.0,1785960000,Basic Materials,Specialty Chemicals,NYQ
2609,BCX,Blackrock Resources & Commodities Strategy Trust,927055168,12.16,11.92,170717,9.68,13.86,20.14,1301405400.0,0,Financial Services,Asset Management,NYQ
2610,FRBT,"Forbright, Inc.",913251200,17.99,18.08,50595,16.81,22.0,22.0,1781184600.0,1793277000,Financial Services,Banks - Diversified,NMS
2611,PXED,"Phoenix Education Partners, Inc.",937592256,26.01,26.15,105269,23.52,38.194,47.08,1760016600.0,1784059200,Consumer Defensive,Education & Training Services,NYQ
2612,KFRC,Kforce Inc.,918373504,51.28,52.35,169366,24.49,61.68,81.47,808493400.0,1793044800,Industrials,Staffing & Employment Services,NYQ
2613,JMIA,Jumia Technologies AG,839170304,6.28,6.48,1118345,5.69,14.72,69.89,1555075800.0,1786537800,Consumer Cyclical,Internet Retail,NYQ
2614,CD,Chaince Digital Holdings Inc.,952632896,8.66,10.91,662005,2.1,24.888,288.8889,1428499800.0,0,Financial Services,Capital Markets,NGM
2615,FCBC,"First Community Bankshares, Inc.",895214912,47.34,47.61,143200,31.21,50.17,50.17,765811800.0,0,Financial Services,Banks - Regional,NMS
2616,RHLD,"Resolute Holdings Management, Inc.",924041536,118.17,116.19,89568,70.055,236.19,236.19,1740407400.0,1786019400,Industrials,Specialty Business Services,NYQ
2617,BVS,Bioventus Inc.,892406656,13.065,12.69,273321,6.46,15.893,19.941,1613053800.0,1785933000,Healthcare,Medical Devices,NMS
2618,FMNB,Farmers National Banc Corp.,886936192,14.97,15.2,293688,12.12,16.46,20.0,915460200.0,1784723400,Financial Services,Banks - Regional,NCM
2619,UPBD,"Upbound Group, Inc.",897810816,15.4,15.69,1054008,14.98,23.98,67.76,791044200.0,1785414600,Technology,Software - Application,NMS
2620,PSTL,"Postal Realty Trust, Inc.",905858368,22.76,22.41,128846,14.25,25.22,25.22,1557927000.0,1793736000,Real Estate,REIT - Office,NYQ
2621,SBSI,"Southside Bancshares, Inc.",900201024,30.2,30.47,88409,26.32,36.2,45.36,895066200.0,1784896200,Financial Services,Banks - Regional,NYQ
2622,BRBR,"BellRing Brands, Inc.",994178560,8.55,7.99,3948801,7.33,35.67,80.67,1571405400.0,1785846600,Consumer Defensive,Packaged Foods,NYQ
2623,AOSL,Alpha and Omega Semiconductor Limited,844602368,27.87,28.41,351785,17.01,54.34,69.99,1272547800.0,1786564800,Technology,Semiconductors,NMS
2624,BBDC,"Barings BDC, Inc.",892102656,8.52,8.53,552436,7.96,9.54,30.7,1172154600.0,1793908800,Financial Services,Asset Management,NYQ
2625,BW,"Babcock & Wilcox Enterprises, Inc.",813349312,5.46,5.5,3885799,3.06,22.03,239.9,1434461400.0,1786392000,Industrials,Specialty Industrial Machinery,NYQ
2626,NNE,NANO Nuclear Energy Inc.,823729536,15.34,15.26,1580508,14.71,60.87,60.87,1715175000.0,1786564800,Industrials,Specialty Industrial Machinery,NCM
2627,BZH,"Beazer Homes USA, Inc.",891366208,33.41,33.41,647823,17.83,34.54,410.7,762013800.0,1786105800,Consumer Cyclical,Residential Construction,NYQ
2628,ACEL,"Accel Entertainment, Inc.",893128192,11.0,11.1,252918,9.55,14.0,15.11,1503581400.0,1793736000,Consumer Cyclical,Gambling,NYQ
2629,ODD,Oddity Tech Ltd.,973689344,21.11,19.55,767089,9.25,52.0,79.18,1689773400.0,1788957000,Consumer Defensive,Household & Personal Products,NGM
2630,CYRX,"Cryoport, Inc.",878761920,17.35,16.9,479869,7.61,18.36,768.0,1124717400.0,1786046400,Industrials,Integrated Freight & Logistics,NCM
2631,DFH,"Dream Finders Homes, Inc.",849219456,9.38,9.6,519211,9.14,24.655,44.38,1611239400.0,1785414600,Consumer Cyclical,Residential Construction,NYQ
2632,BBN,BlackRock Taxable Municipal Bond Trust,891665984,14.43,14.35,261855,14.16,17.45,27.49,1283175000.0,0,Financial Services,Asset Management,NYQ
2633,THFF,First Financial Corporation,865611136,72.79,73.91,91939,51.21,84.17,84.17,699633000.0,1785241800,Financial Services,Banks - Regional,NMS
2634,FSSL,FS Specialty Lending Fund,875331392,0.0,11.66,204530,10.75,15.0,15.0,1763044200.0,0,N/A,N/A,NYQ
2635,AIO,Virtus Artificial Intelligence & Technology Opportunities Fund,875784768,25.43,25.35,85099,20.91,28.6,29.97,1572355800.0,0,Financial Services,Asset Management,NYQ
2636,HTLD,"Heartland Express, Inc.",859938624,11.12,11.35,443912,7.0,16.64,27.96,531585000.0,1785414600,Industrials,Trucking,NMS
2637,ACDC,ProFrac Holding Corp.,844139072,4.635,4.7,943379,3.08,8.22,27.0,1652448600.0,1786019400,Energy,Oil & Gas Equipment & Services,NMS
2638,CRVS,"Corvus Pharmaceuticals, Inc.",884952384,10.52,10.21,1032315,6.39,26.95,26.95,1458739800.0,1786046400,Healthcare,Biotechnology,NGM
2639,SMPL,The Simply Good Foods Company,900331520,10.18,10.11,1939668,9.375,25.66,45.77,1499693400.0,1793104200,Consumer Defensive,Packaged Foods,NCM
2640,HEPS,D-Market Elektronik Hizmetler ve Ticaret A.S.,1174511104,2.74,2.65,215869,2.15,3.33,15.23,1625146200.0,1786046400,Consumer Cyclical,Internet Retail,NMS
2641,RPC,"Ridgepost Capital, Inc",875293248,7.94,7.98,422701,6.79,11.47,15.297,1634823000.0,1785933000,Financial Services,Asset Management,NYQ
2642,ALMS,Alumis Inc.,926756288,7.16,6.97,1371045,4.275,31.35,31.35,1719581400.0,0,Healthcare,Biotechnology,NMS
2643,OI,"O-I Glass, Inc.",934251200,6.08,6.17,2673828,5.3,16.91,60.6,692461800.0,1793131200,Consumer Cyclical,Packaging & Containers,NYQ
2644,LU,Lufax Holding Ltd,849615104,0.9803,0.9467,1501724,0.912,3.84,80.68,1604064600.0,0,Financial Services,Credit Services,NYQ
2645,OIG,Orion180 Insurance Group Inc.,874951680,8.835,9.03,381531,7.78,12.06,12.06,1789738200.0,0,Financial Services,Insurance - Property & Casualty,NMS
2646,RNP,"Cohen & Steers REIT and Preferred Income Fund, Inc.",890881472,18.56,18.15,149971,18.01,21.88,32.95,1056547800.0,0,Financial Services,Asset Management,NYQ
2647,EIG,"Employers Holdings, Inc.",887249024,49.4,50.07,182342,35.73,52.59,54.44,1170253800.0,1793217600,Financial Services,Insurance - Specialty,NYQ
2648,SMBK,"SmartFinancial, Inc.",855265600,50.02,50.06,88203,33.01,54.14,66.666664,1065533400.0,1792440000,Financial Services,Banks - Regional,NYQ
2649,NANO,N/A,0,0.0,0.0,0,0.0,0.0,0.0,0.0,0,N/A,N/A,
2650,ODTX,"Odyssey Therapeutics, Inc.",913112064,19.0,18.12,325591,15.1,29.05,29.05,1778247000.0,1785846600,Healthcare,Biotechnology,NCM
2651,KOP,Koppers Holdings Inc.,820951168,43.41,44.24,134137,25.0,53.0,58.23,1138804200.0,1786019400,Basic Materials,Specialty Chemicals,NYQ
2652,AEBI,Aebi Schmidt Holding AG,855187840,11.02,11.03,181150,8.91,15.96,33.0,1751463000.0,1786624200,Industrials,Farm & Heavy Construction Machinery,NMS
2653,LWLG,"Lightwave Logic, Inc.",766211200,4.97,5.11,2730371,2.84,18.71,20.3,1147786200.0,1786451400,Basic Materials,Specialty Chemicals,NCM
2654,RMIX,"Suncrete, Inc.",815692736,11.1,11.35,395638,9.2,25.5,25.5,1775136600.0,1786710600,Basic Materials,Building Materials,NGM
2655,MTUS,Metallus Inc.,828571200,19.99,19.64,249556,14.19,22.58,50.83,1403184600.0,1785787200,Basic Materials,Steel,NYQ
2656,RIGL,"Rigel Pharmaceuticals, Inc.",916807744,49.08,48.72,279362,24.95,52.24,1147.5,975508200.0,1785873600,Healthcare,Biotechnology,NMS
2657,CRESY,"Cresud Sociedad Anónima, Comercial, Inmobiliaria, Financiera y Agropecuaria",809965760,11.42,11.58,106741,8.692683,14.21,21.378317,858781800.0,1788897600,Industrials,Conglomerates,NMS
2658,DJCO,Daily Journal Corporation,884893184,642.18,641.5,41531,348.63,692.5,692.5,518880600.0,0,Technology,Software - Application,NCM
2659,OGG,Osisko Gold Group Inc.,865521024,2.83,2.79,2833941,2.18,4.795,6487.566,1208352600.0,0,Basic Materials,Gold,NYQ
2660,SIBN,"SI-BONE, Inc.",868135872,19.37,18.86,555906,11.48,21.89,37.21,1539783000.0,1785787200,Healthcare,Medical Devices,NGM
2661,VRTS,"Virtus Investment Partners, Inc.",869029376,131.22,131.59,86922,121.61,195.0,338.8,1230906600.0,1793363400,Financial Services,Asset Management,NYQ
2662,GSBC,"Great Southern Bancorp, Inc.",836329216,76.745,78.36,72128,53.76,82.91,82.91,629735400.0,1792612800,Financial Services,Banks - Regional,NMS
2663,RZLV,Rezolve AI PLC,761760704,1.91,1.9,6982608,1.86,5.75,14.5,1636554600.0,1788265800,Technology,Software - Infrastructure,NGM
2664,NX,Quanex Building Products Corporation,838161408,18.29,18.54,264260,11.04,23.33,55.51,322151400.0,1788465600,Industrials,Building Products & Equipment,NYQ
2665,PLTK,Playtika Holding Corp.,873447616,2.29,2.3,857737,2.07,4.42,35.09,1611066600.0,1786019400,Communication Services,Electronic Gaming & Multimedia,NMS
2666,MTA,Metalla Royalty & Streaming Ltd.,819958848,8.77,8.54,376306,5.95,11.6,16.224,1261146600.0,0,Basic Materials,Other Precious Metals & Mining,ASE
2667,SLBT,SL Science Holding Limited,846747200,1.51,1.52,22107,1.42,14.5,14.5,1738765800.0,0,Healthcare,Biotechnology,NGM
2668,EGBN,"Eagle Bancorp, Inc.",860257664,28.22,28.3,381396,15.03,29.29,69.8,931959000.0,1792612800,Financial Services,Banks - Regional,NCM
2669,TBLA,Taboola.com Ltd.,932036096,3.45,3.51,1972113,2.835,5.71,11.44,1625059800.0,1785933000,Communication Services,Internet Content & Information,NMS
2670,BLZE,"Backblaze, Inc.",785510976,12.69,12.99,971369,3.261,23.99,36.5,1636641000.0,1785787200,Technology,Software - Infrastructure,NGM
2671,DAKT,"Daktronics, Inc.",866148608,18.01,17.89,434640,16.77,28.27,40.05,760890600.0,1788352200,Technology,Electronic Components,NMS
2672,APOG,"Apogee Enterprises, Inc.",848152384,40.59,40.77,280470,30.75,50.88,87.93,105283800.0,1791289800,Industrials,Building Products & Equipment,NMS
2673,QDEL,QuidelOrtho Corporation,920282176,13.42,12.41,3576902,9.92,35.58,306.72,665418600.0,1786046400,Healthcare,Medical Devices,NMS
2674,SAFE,Safehold Inc.,849795328,12.0,12.1,478686,11.6,17.45,587.7629,627229800.0,1785441600,Real Estate,REIT - Diversified,NYQ
2675,HIPO,Hippo Holdings Inc.,896447296,33.97,34.21,131114,24.08,38.725,376.25,1610375400.0,1785414600,Financial Services,Insurance - Property & Casualty,NYQ
2676,BTGO,"BitGo Holdings, Inc.",861609408,7.33,7.18,694334,4.652,24.5,24.5,1769005800.0,1786564800,Financial Services,Capital Markets,NYQ
2677,QNST,"QuinStreet, Inc.",900123904,15.73,15.99,678044,10.29,22.29,26.27,1265898600.0,1786046400,Communication Services,Advertising Agencies,NMS
2678,SATL,Satellogic Inc.,791760512,5.15,5.08,3644999,1.255,12.0,12.33,1616765400.0,1785960000,Industrials,Aerospace & Defense,NCM
2679,JBIO,"Jade Biosciences, Inc.",915166464,14.39,14.15,735510,8.36,28.0,1134.525,1625059800.0,1786365000,Healthcare,Biotechnology,NCM
2680,MTW,"The Manitowoc Company, Inc.",781462848,21.67,21.72,336312,9.93,24.0,46.641182,638461800.0,1786046400,Industrials,Farm & Heavy Construction Machinery,NYQ
2681,ARDX,"Ardelyx, Inc.",846855232,3.28,3.27,2356351,3.18,8.4,35.48,1403184600.0,1786046400,Healthcare,Biotechnology,NGM
2682,OXLC,Oxford Lane Capital Corp.,839138944,8.56,8.53,781294,8.01,16.82,98.27421,1295620200.0,0,Financial Services,Asset Management,NGM
2683,SXC,"SunCoke Energy, Inc.",843655936,9.94,9.75,717745,5.52,10.68,24.57,1311255000.0,1785414600,Basic Materials,Coking Coal,NYQ
2684,CCBG,"Capital City Bank Group, Inc.",823149504,48.1,48.61,84366,38.27,53.6,53.6,770909400.0,1792499400,Financial Services,Banks - Regional,NMS
2685,GLUE,"Monte Rosa Therapeutics, Inc.",878728064,10.3,10.32,1201632,8.943,25.77,45.56,1624541400.0,1786019400,Healthcare,Biotechnology,NMS
2686,PUBM,"PubMatic, Inc.",849053120,18.64,18.68,461308,6.15,19.48,76.958,1607524200.0,1786046400,Technology,Software - Application,NGM
2687,EVLV,"Evolv Technologies Holdings, Inc.",814817536,4.53,4.58,1444047,4.46,8.81,12.9,1600781400.0,1794340800,Industrials,Security & Protection Services,NCM
2688,TRNS,"Transcat, Inc.",807096704,86.23,86.4,85562,50.23,100.0,147.12,250180200.0,1785873600,Industrials,Specialty Business Services,NGM
2689,PACB,"Pacific Biosciences of California, Inc.",724235648,2.33,2.3,12784658,1.07,3.44,53.69,1288186200.0,1785960000,Healthcare,Medical Devices,NMS
2690,NAVI,Navient Corporation,854370624,9.11,9.27,655907,7.33,13.48,23.8,1397741400.0,1793822400,Financial Services,Credit Services,NMS
2691,SGP,"SpyGlass Pharma, Inc.",833523648,24.92,24.62,68252,17.06,32.44,32.44,1770388200.0,0,Healthcare,Biotechnology,NMS
2692,SCZM,Santacruz Silver Mining Ltd.,847141504,9.11,8.48,235070,4.68,17.645,17.645,1349184600.0,0,Basic Materials,Other Industrial Metals & Mining,NCM
2693,SVC,Service Properties Trust,925992832,7.15,6.22,16798049,5.65,12.15,255.51141,808666200.0,1785960000,Real Estate,REIT - Hotel & Motel,NMS
2694,HSHP,Himalaya Shipping Ltd.,845286400,17.92,18.65,584354,7.37,19.55,19.55,1680269400.0,1786451400,Industrials,Marine Shipping,NYQ
2695,JBGS,JBG SMITH Properties,843355904,10.92,11.02,709752,9.93,21.86,43.21,1499347800.0,1786365000,Real Estate,REIT - Diversified,NYQ
2696,CVLG,"Covenant Logistics Group, Inc.",810820032,31.95,32.71,83644,18.0,49.88,49.88,783351000.0,1793304000,Industrials,Trucking,NYQ
2697,MYN,"BlackRock MuniYield New York Quality Fund, Inc.",827345920,8.79,8.65,214065,8.58,10.26,17.375,700756200.0,0,Financial Services,Asset Management,NYQ
2698,SMP,"Standard Motor Products, Inc.",819218496,36.67,37.09,87107,34.27,46.0,56.54,322151400.0,1793363400,Consumer Cyclical,Auto Parts,NYQ
2699,SANA,"Sana Biotechnology, Inc.",835216192,2.79,2.79,2915709,2.61,6.55,44.6,1612449000.0,0,Healthcare,Biotechnology,NMS
2700,RERE,ATRenew Inc.,832805632,3.76,3.7,692290,3.503,6.47,18.49,1624023000.0,1787229000,Consumer Cyclical,Internet Retail,NYQ
2701,APEI,"American Public Education, Inc.",876094912,47.87,47.77,168759,30.2,61.59,61.59,1194618600.0,1786392000,Consumer Defensive,Education & Training Services,NMS
2702,NABL,"N-able, Inc.",874632576,4.63,4.5,1135807,2.92,8.735,16.0,1626701400.0,1786365000,Technology,Information Technology Services,NYQ
2703,KBDC,"Kayne Anderson BDC, Inc.",822170688,12.45,12.51,395856,12.32,15.87,17.99,1716384600.0,0,Financial Services,Asset Management,NYQ
2704,CODI,Compass Diversified,816310272,10.85,10.92,324668,4.58,13.25,33.31,1147959000.0,1786392000,Industrials,Conglomerates,NYQ
2705,DNA,"Ginkgo Bioworks Holdings, Inc.",875423616,13.0,11.34,4510486,5.37,18.22,634.56,1618839000.0,1785960000,Healthcare,Biotechnology,NYQ
2706,YALA,Yalla Group Limited,836577792,5.51,5.38,278313,5.01,7.83,41.35,1601472600.0,1786996800,Technology,Software - Application,NYQ
2707,AWF,AllianceBernstein Global High Income Fund,827804992,9.6,9.51,285961,9.48,11.1,17.25,743779800.0,0,Financial Services,Asset Management,NYQ
2708,WRLD,World Acceptance Corporation,817809280,175.48,180.2,35115,110.0,227.68,265.75,691165800.0,1784896200,Financial Services,Credit Services,NMS
2709,ABX,"Abacus Global Management, Inc.",800918464,8.19,8.32,493326,5.0,12.44,13.25,1600090200.0,1786046400,Financial Services,Insurance - Life,NYQ
2710,ASGI,Abrdn Global Infrastructure Income Fund,811601344,19.24,19.06,149960,18.9,25.95,25.95,1596029400.0,0,Financial Services,Asset Management,NYQ
2711,CAPL,CrossAmerica Partners LP,816907648,21.4,21.58,34590,19.67,24.63,40.87,1351171800.0,1785960000,Energy,Oil & Gas Refining & Marketing,NYQ
2712,FOXF,Fox Factory Holding Corp.,758659520,18.05,18.5,258665,13.08,25.43,190.29,1375968600.0,1786046400,Consumer Cyclical,Auto Parts,NMS
2713,PML,PIMCO Municipal Income Fund II,825579456,6.58,6.55,908685,6.39,8.01,16.2,1025098200.0,0,Financial Services,Asset Management,NYQ
2714,EOI,Eaton Vance Enhanced Equity Income Fund,829055296,20.22,19.99,96024,18.04,21.09,22.1,1098883800.0,0,Financial Services,Asset Management,NYQ
2715,OBX,"Obsidian Therapeutics, Inc.",803047360,13.0,12.24,532193,12.07,49.97,49.97,1785159000.0,0,Healthcare,Biotechnology,NCM
2716,PCN,PIMCO Corporate & Income Strategy Fund,824275008,10.89,10.76,473036,10.44,13.49,20.25,1008772200.0,0,Financial Services,Asset Management,NYQ
2717,TIGR,UP Fintech Holding Limited,800311808,4.45,4.32,1280084,4.0,11.35,38.5,1553088600.0,1787747400,Financial Services,Capital Markets,NMS
2718,HBIA,Hills Bancorporation,819526784,47.0,47.0,745,38.775,49.74,49.74,1302701400.0,0,Financial Services,Banks - Regional,OID
2719,MCS,The Marcus Corporation,834626560,27.07,27.16,125734,12.85,32.42,45.82,322151400.0,1785414600,Communication Services,Entertainment,NYQ
2720,PCT,"PureCycle Technologies, Inc.",787546880,3.92,3.93,4046149,3.6,15.49,35.75,1594733400.0,1786046400,Industrials,Pollution & Treatment Controls,NCM
2721,ORRF,"Orrstown Financial Services, Inc.",804487744,40.9,41.38,78005,31.87,43.81,45.351475,926602200.0,1792526400,Financial Services,Banks - Regional,NCM
2722,ATTO,"Attovia Therapeutics, Inc.",740006976,16.21,16.31,194180,15.48,28.0,28.0,1785936600.0,0,Healthcare,Biotechnology,NGM
2723,RPD,"Rapid7, Inc.",926084800,13.74,12.96,1389505,4.97,19.84,145.0,1437139800.0,1786392000,Technology,Software - Infrastructure,NGM
2724,ALRS,Alerus Financial Corporation,774498240,31.07,31.66,114135,20.31,34.4,38.31,1048170600.0,1793217600,Financial Services,Banks - Regional,NCM
2725,WEST,Westrock Coffee Company,798592000,8.18,8.19,151620,3.59,10.19,14.71,1634736600.0,1786046400,Consumer Defensive,Packaged Foods,NGM
2726,GCMG,GCM Grosvenor Inc.,806866752,13.2,12.97,324508,9.3,14.866,15.36,1549463400.0,1786365000,Financial Services,Asset Management,NGM
2727,IMC,IMC Rare Earths Ltd,761040000,7.2,7.15,36394,4.51,11.84,11.84,1785331800.0,0,Basic Materials,Other Industrial Metals & Mining,ASE
2728,SPFI,"South Plains Financial, Inc.",797270848,42.32,42.8,83988,35.34,46.94,46.94,1557408600.0,1792699200,Financial Services,Banks - Regional,NMS
2729,INMD,InMode Ltd.,817702656,14.21,14.08,289231,12.72,16.67,99.27,1565271000.0,1785933000,Healthcare,Medical Devices,NMS
2730,NRK,Nuveen New York AMT-Free Quality Municipal Income Fund,812160704,9.31,9.22,333908,9.01,10.9,16.03,1042727400.0,0,Financial Services,Asset Management,NYQ
2731,PAYS,"Paysign, Inc.",867823360,15.37,14.96,784653,3.08,15.445,18.67,1192023000.0,1785960000,Technology,Software - Infrastructure,NCM
2732,MAKO,Mako Mining Corp.,819991296,9.36,9.0,107026,4.96,11.1,12.5,1328279400.0,1786710600,Basic Materials,Gold,NCM
2733,IMMX,"Immix Biopharma, Inc.",784261952,9.46,9.29,1108887,2.31,15.1,15.1,1639665000.0,0,Healthcare,Biotechnology,NCM
2734,DSP,Viant Technology Inc.,873457728,13.13,13.16,504646,8.16,14.8,69.16,1612967400.0,1786392000,Technology,Software - Application,NMS
2735,ARI,"Apollo Commercial Real Estate Finance, Inc.",802116736,6.24,6.24,3458596,6.11,11.24,19.92,1253799000.0,0,Real Estate,REIT - Mortgage,NYQ
2736,RJET,Republic Airways Holdings Inc.,805295424,17.2,17.31,57741,15.37,26.7,261.0,1533907800.0,1793277000,Industrials,Airlines,NMS
2737,DC,Dakota Gold Corp.,815771776,6.08,5.91,1543945,3.79,7.25,8.47,1649165400.0,0,Basic Materials,Gold,ASE
2738,HIVE,HIVE Digital Technologies Ltd.,685693376,2.5,2.56,7591935,1.73,7.13,28.75,1296657000.0,1786737600,Financial Services,Capital Markets,NCM
2739,JBSS,"John B. Sanfilippo & Son, Inc.",783463232,67.0,68.39,132510,59.07,92.08,127.26,691857000.0,1787169600,Consumer Defensive,Packaged Foods,NMS
2740,PEO,"Adams Natural Resources Fund, Inc.",808896000,28.86,28.79,41419,20.75,29.75,45.09,322151400.0,0,Financial Services,Asset Management,NYQ
2741,HTD,John Hancock Tax-Advantaged Dividend Income Fund,803239424,22.67,22.31,75588,21.9,26.35,28.53,1077719400.0,0,Financial Services,Asset Management,NYQ
2742,SMBC,"Southern Missouri Bancorp, Inc.",770158592,69.93,71.47,100596,47.6,79.86,79.86,766157400.0,0,Financial Services,Banks - Regional,NGM
2743,MITK,"Mitek Systems, Inc.",798666112,17.7,17.07,433820,8.53,21.05,23.29,599841000.0,1786046400,Technology,Software - Application,NCM
2744,BXBL,Boxabl Inc.,772976768,3.2,3.19,42294,3.05,15.139,15.139,1739284200.0,0,Consumer Cyclical,Residential Construction,NGM
2745,KRNT,Kornit Digital Ltd.,786288192,18.3,18.155,418637,11.93,19.78,181.38,1427981400.0,1786537800,Industrials,Specialty Industrial Machinery,NMS
2746,BUR,Burford Capital Limited,786152256,3.58,3.44,1765916,3.29,11.66,17.7,1603114200.0,1786019400,Financial Services,Asset Management,NYQ
2747,IVA,Inventiva S.A.,746457280,3.16,3.32,2788754,3.105,7.983,19.064,1594387800.0,1790625600,Healthcare,Biotechnology,NGM
2748,HELP,Cybin D/B/A Helus Pharma,862110080,11.8,10.72,1657353,3.76,15.15,128.44,1568381400.0,1786710600,Healthcare,Biotechnology,NGM
2749,GERN,Geron Corporation,787029952,1.225,1.22,5635484,1.04,2.01,71.7155,838819800.0,1785933000,Healthcare,Biotechnology,NMS
2750,CSIQ,Canadian Solar Inc.,772665024,11.38,11.015,1593038,10.34,34.59,67.39,1163082600.0,1787833800,Technology,Solar,NMS
2751,VREX,Varex Imaging Corporation,783875200,18.46,18.47,237362,9.09,18.63,43.76,1485181800.0,1786365000,Healthcare,Medical Devices,NMS
2752,APMD,"Apnimed, Inc.",771002048,18.52,18.22,268251,16.12,35.29,35.29,1785504600.0,0,Healthcare,Biotechnology,NMS
2753,PGC,Peapack-Gladstone Financial Corporation,768861248,43.37,43.66,109930,24.71,49.14,49.14,925219800.0,1793131200,Financial Services,Banks - Regional,NMS
2754,QFIN,"Qfin Holdings, Inc.",753813568,6.2,6.095,2103309,5.93,27.98,48.94,1544797800.0,1787688000,Financial Services,Credit Services,NMS
2755,LYTS,LSI Industries Inc.,769446592,20.65,20.44,285109,17.21,27.36,27.36,479485800.0,1787229000,Technology,Electronic Components,NMS
2756,LXRX,"Lexicon Pharmaceuticals, Inc.",747525952,1.68,1.76,2065874,1.1,2.68,344.75,955114200.0,1786019400,Healthcare,Biotechnology,NCM
2757,ANNX,"Annexon, Inc.",762108096,4.02,4.0,2384018,2.54,7.18,38.01,1595597400.0,1786537800,Healthcare,Biotechnology,NMS
2758,PHK,PIMCO High Income Fund,778706176,4.16,4.19,1714362,4.04,5.0,16.5,1051277400.0,0,Financial Services,Asset Management,NYQ
2759,HTB,"HomeTrust Bancshares, Inc.",755755712,45.71,46.43,65883,38.38,52.5,52.5,1342013400.0,1784809800,Financial Services,Banks - Regional,NYQ
2760,SABR,Sabre Corporation,766808064,1.9,1.93,12574702,0.81,2.5,30.455,1397741400.0,1786019400,Technology,Software - Infrastructure,NMS
2761,GRPN,"Groupon, Inc.",757594432,18.63,19.12,629710,9.17,29.9,622.8,1320413400.0,1786046400,Communication Services,Internet Content & Information,NMS
2762,FISI,"Financial Institutions, Inc.",757709568,38.45,39.05,62722,25.61,42.97,42.97,930317400.0,1793304000,Financial Services,Banks - Regional,NMS
2763,BOT,"Robostrategy, Inc.",674285568,27.69,28.27,213680,19.2,59.0,59.0,1778506200.0,0,Financial Services,Asset Management,NGM
2764,ASC,Ardmore Shipping Corporation,787624128,19.28,19.47,540633,10.31,20.03,23.44,1375363800.0,1785328200,Industrials,Marine Shipping,NYQ
2765,AHCO,AdaptHealth Corp.,808459520,6.06,6.065,1456057,5.21,13.43,41.579,1527773400.0,1785846600,Healthcare,Medical Devices,NCM
2766,REF,Reformation Inc.,807023488,13.66,13.4,447339,11.85,17.26,17.26,1785418200.0,1789070400,Consumer Cyclical,Apparel Retail,NYQ
2767,APC,ARKO Petroleum Corp.,768259072,16.15,16.28,79901,14.5,21.72,21.72,1770906600.0,1786046400,Energy,Oil & Gas Refining & Marketing,NCM
2768,TXO,"TXO Partners, L.P.",791774720,14.28,14.34,103730,10.12,15.579,25.0,1674829800.0,1785873600,Energy,Oil & Gas E&P,NYQ
2769,CTO,"CTO Realty Growth, Inc.",768076992,20.49,20.56,163041,15.29,22.71,24.497828,322151400.0,1793131200,Real Estate,REIT - Diversified,NYQ
2770,CADL,"Candel Therapeutics, Inc.",760594560,9.94,9.66,716572,4.35,14.0,14.78,1627392600.0,1786624200,Healthcare,Biotechnology,NGM
2771,GYRE,"Gyre Therapeutics, Inc.",746477696,7.04,6.76,76632,5.44,9.42,47990.25,1144848600.0,1786105800,Healthcare,Biotechnology,NCM
2772,CIM,Chimera Investment Corporation,749468288,8.96,9.01,1420716,8.81,14.18,296.85,1196346600.0,1785933000,Real Estate,REIT - Mortgage,NYQ
2773,LPTH,"LightPath Technologies, Inc.",680752448,9.72,9.74,2090382,5.83,18.94,556.0,824999400.0,1789070400,Technology,Electronic Components,NCM
2774,SKYH,Sky Harbour Group Corporation,768133632,9.41,9.54,131407,8.22,11.696,43.41,1607437800.0,1786564800,Real Estate,Real Estate - Development,NYQ
2775,WLKP,Westlake Chemical Partners LP,746860224,21.19,21.41,15691,17.75,23.88,34.31,1406727000.0,1785846600,Basic Materials,Chemicals,NYQ
2776,ANGX,"Angel Studios, Inc.",743290176,3.98,4.07,1089263,2.045,7.58,20.385,1757597400.0,1785873600,Communication Services,Entertainment,NYQ
2777,MNTN,"MNTN, Inc.",762244160,10.19,10.42,570400,7.67,18.605,32.49,1747920600.0,1785873600,Technology,Software - Application,NYQ
2778,SHBI,"Shore Bancshares, Inc.",743200576,22.27,22.58,217055,14.93,24.89,31.27,986823000.0,1792699200,Financial Services,Banks - Regional,NMS
2779,VLRS,"Controladora Vuela Compañía de Aviación, S.A.B. de C.V.",716147008,6.23,6.28,324388,5.79,10.8,23.58,1379511000.0,1793044800,Industrials,Airlines,NYQ
2780,MLAB,"Mesa Laboratories, Inc.",713529280,127.51,126.06,83573,66.56,144.35,333.42,446913000.0,1794254400,Technology,Scientific & Technical Instruments,NMS
2781,BBSI,"Barrett Business Services, Inc.",768739904,31.72,32.18,157420,25.33,43.73,49.65,739805400.0,1785960000,Industrials,Staffing & Employment Services,NMS
2782,SWIM,"Latham Group, Inc.",710582336,6.04,6.06,1311987,4.64,8.966,34.73,1619184600.0,1793736000,Industrials,Building Products & Equipment,NMS
2783,SSYS,Stratasys Ltd.,698944256,7.98,8.05,399110,7.34,12.81,138.1,782746200.0,1786624200,Technology,Computer Hardware,NMS
2784,DQ,Daqo New Energy Corp.,744327488,11.0,10.72,274083,10.6,36.59,130.33,1286458200.0,1787229000,Technology,Semiconductor Equipment & Materials,NYQ
2785,GOOS,Canada Goose Holdings Inc.,773472000,7.92,7.81,683024,7.36,14.6,72.27,1489671000.0,1785414600,Consumer Cyclical,Apparel Manufacturing,NYQ
2786,FDUS,Fidus Investment Corporation,758027712,19.06,19.09,197847,16.87,21.15,23.55,1308663000.0,1786046400,Financial Services,Asset Management,NMS
2787,DSGN,"Design Therapeutics, Inc.",729076224,11.65,11.49,356593,5.28,17.25,43.0,1617024600.0,1785760200,Healthcare,Biotechnology,NMS
2788,GPRK,GeoPark Limited,748896960,11.54,11.45,982597,5.75,13.13,22.62,1287149400.0,1785873600,Energy,Oil & Gas E&P,NYQ
2789,HTZ,"Hertz Global Holdings, Inc.",684386688,1.92,1.96,13840441,1.45,8.18,46.0,1625146200.0,1793881800,Industrials,Rental & Leasing Services,NMS
2790,SLDB,Solid Biosciences Inc.,736637376,6.87,6.82,726686,3.79,11.45,822.6,1516977000.0,1786046400,Healthcare,Biotechnology,NMS
2791,LXU,"LSB Industries, Inc.",706295552,9.81,10.13,682486,8.12,17.22,37.853848,315671400.0,1785355200,Basic Materials,Chemicals,NYQ
2792,STRW,"Strawberry Fields REIT, Inc.",730795776,12.93,12.8,20572,11.11,14.75,14.75,1677076200.0,1786046400,Real Estate,REIT - Healthcare Facilities,ASE
2793,NAK,Northern Dynasty Minerals Ltd.,629576256,1.12,1.15,3707751,1.08,2.98,21.76,993821400.0,0,Basic Materials,Other Industrial Metals & Mining,ASE
2794,RMT,"Royce Micro-Cap Trust, Inc.",720205056,13.29,13.19,77395,9.52,14.78,17.41,755965800.0,0,Financial Services,Asset Management,NYQ
2795,ACHV,"Achieve Life Sciences, Inc.",763989440,7.41,7.19,986713,2.62,8.64,1856250.0,813504600.0,1786451400,Healthcare,Biotechnology,NCM
2796,RVI,Robinhood Ventures Fund I,711152320,26.1,26.25,113553,21.0,77.39,77.39,1772807400.0,0,Financial Services,Asset Management,NYQ
2797,IBCP,Independent Bank Corporation,728711680,35.37,35.76,120398,29.83,39.24,286.712,494688600.0,1793104200,Financial Services,Banks - Regional,NMS
2798,PRAA,"PRA Group, Inc.",754089600,20.03,20.32,192867,10.25,22.55,65.0,1036765800.0,1786046400,Financial Services,Credit Services,NMS
2799,MOV,"Movado Group, Inc.",704397568,31.57,31.99,197894,17.36,40.5,53.73,749395800.0,1787747400,Consumer Cyclical,Luxury Goods,NYQ
2800,ROOT,"Root, Inc.",761183488,49.13,48.56,127058,40.91,91.0,530.64,1603891800.0,1793822400,Financial Services,Insurance - Property & Casualty,NMS
2801,MFA,"MFA Financial, Inc.",695484992,6.88,7.18,3328935,6.88,10.43,44.28,892474200.0,1785933000,Real Estate,REIT - Mortgage,NYQ
2802,TASK,"TaskUs, Inc.",746332416,8.14,8.01,207945,4.465,14.355,85.494,1623418200.0,1785960000,Technology,Information Technology Services,NMS
2803,ADSE,ADS-TEC Energy PLC,726296576,9.66,9.43,43493,9.045,13.5,16.35,1615386600.0,0,Industrials,Electrical Equipment & Parts,NCM
2804,HYLN,Hyliion Holdings Corp.,685813312,3.84,3.77,894358,1.56,8.49,58.66,1577975400.0,1786478400,Consumer Cyclical,Auto Parts,ASE
2805,AVTX,"Avalo Therapeutics, Inc.",732049344,13.65,13.43,648577,12.51,24.27,22032.0,1444829400.0,1786019400,Healthcare,Biotechnology,NCM
2806,BLDP,Ballard Power Systems Inc.,670583232,1.91,1.94,2574696,1.9,6.57,144.9375,815841000.0,1785501000,Industrials,Electrical Equipment & Parts,NGM
2807,WASH,"Washington Trust Bancorp, Inc.",707085056,37.07,37.35,144514,25.23,40.54,63.25,550157400.0,1792440000,Financial Services,Banks - Regional,NMS
2808,THQ,Abrdn Healthcare Opportunities Fund,740073344,17.86,17.45,177647,16.28,20.39,25.92,1406640600.0,0,Financial Services,Asset Management,NYQ
2809,ELVR,Elevra Lithium Limited,648743040,33.61,34.48,19763,23.7,102.8,102.8,1756819800.0,0,Basic Materials,Other Industrial Metals & Mining,NCM
2810,CRTO,Criteo S.A.,770731584,15.73,15.29,534907,14.28,25.29,60.95,1383139800.0,1785933000,Communication Services,Advertising Agencies,NMS
2811,ELMT,The Elmet Group Co.,643304640,21.12,20.46,338085,12.49,25.03,25.03,1776951000.0,1786624200,Industrials,Aerospace & Defense,NCM
2812,CGBD,"Carlyle Secured Lending, Inc.",716943744,10.42,10.54,388236,9.945,13.28,20.3,1497447000.0,1786046400,Financial Services,Asset Management,NMS
2813,BTO,John Hancock Financial Opportunities Fund,721725056,36.39,36.48,35769,32.01,42.0,59.75,777043800.0,0,Financial Services,Asset Management,NYQ
2814,VBNK,VersaBank,714516544,22.04,21.8619,87346,11.25,25.05,25.05,1630071000.0,1788438600,Financial Services,Banks - Regional,NMS
2815,VTS,"Vitesse Energy, Inc.",727562624,17.28,17.17,271920,15.0,22.965,28.405,1673361000.0,1785787200,Energy,Oil & Gas E&P,NYQ
2816,LUCK,Lucky Strike Entertainment Corporation,683003392,5.01,5.07,27858,4.99,10.12,17.45,1619184600.0,1787833800,Consumer Cyclical,Leisure,NYQ
2817,CWBC,Community West Bancshares,697539968,25.71,26.07,162973,19.79,28.17,28.17,920903400.0,1792699200,Financial Services,Banks - Regional,NCM
2818,BUUU,BUUU Group Limited,815531328,43.27,40.83,47648,5.7,52.91,52.91,1755178200.0,0,Industrials,Specialty Business Services,NCM
2819,CTKB,"Cytek Biosciences, Inc.",705809088,5.43,5.36,3883745,3.31,6.21,28.7,1627047000.0,1785960000,Healthcare,Medical Devices,NMS
2820,BLMN,"Bloomin' Brands, Inc.",736339968,8.6,8.48,2630491,5.19,12.63,32.81,1344432600.0,1785933000,Consumer Cyclical,Restaurants,NMS
2821,AVBP,"ArriVent BioPharma, Inc.",824918272,16.73,16.71,1730945,11.36,35.83,36.37,1706279400.0,0,Healthcare,Biotechnology,NGM
2822,SMWB,Similarweb Ltd.,798650816,9.05,8.43,983458,2.22,9.5,25.5,1620826200.0,1786537800,Technology,Software - Application,NYQ
2823,COLL,"Collegium Pharmaceutical, Inc.",719153472,22.09,22.11,438193,21.43,50.787,50.787,1431005400.0,1786019400,Healthcare,Drug Manufacturers - Specialty & Generic,NMS
2824,TCBX,"Third Coast Bancshares, Inc.",688516480,41.34,41.77,89553,35.73,46.355,46.355,1636468200.0,1792612800,Financial Services,Banks - Regional,NYQ
2825,FTH,"Faeth Therapeutics, Inc.",672626240,26.03,25.61,197135,7.45,42.143,530.0,1612449000.0,0,Healthcare,Biotechnology,NCM
2826,NUAI,"New Era Energy & Digital, Inc.",567142336,4.695,4.83,10535158,2.01,9.445,12.29,1641479400.0,1786737600,Technology,Software - Infrastructure,NGM
2827,LINC,Lincoln Educational Services Corporation,745137536,23.49,23.24,493262,17.29,56.34,56.34,1119533400.0,1786365000,Consumer Defensive,Education & Training Services,NMS
2828,FFC,Flaherty & Crumrine Preferred Securities Income Fund Inc.,712069312,14.78,14.62,168690,14.54,16.95,27.95,1043937000.0,0,Financial Services,Asset Management,NYQ
2829,OBE,Obsidian Energy Ltd.,741988288,11.12,11.11,461597,5.44,14.59,343.77,1132065000.0,1793881800,Energy,Oil & Gas E&P,ASE
2830,FINV,FinVolution Group,722447616,3.06,3.14,820632,2.89,7.065,14.63,1510237800.0,1787860800,Financial Services,Credit Services,NYQ
2831,GDOT,Green Dot Corporation,718583104,12.61,12.68,179161,10.1,13.75,93.0,1279805400.0,0,Financial Services,Credit Services,NYQ
2832,BWMN,Bowman Consulting Group Ltd.,708474624,42.7,42.78,790605,25.07,45.83,45.83,1620394200.0,1786365000,Industrials,Engineering & Construction,NGM
2833,VSTM,"Verastem, Inc.",758921664,8.38,8.11,2968840,3.43,10.82,225.84,1327674600.0,1786046400,Healthcare,Biotechnology,NCM
2834,SUPV,Grupo Supervielle S.A.,673843520,7.13,7.12,318066,5.748,13.55,33.85,1463664600.0,1794945600,Financial Services,Banks - Regional,NYQ
2835,FDMT,"4D Molecular Therapeutics, Inc.",736405312,13.33,12.7,867891,6.96,16.93,55.11,1607697000.0,0,Healthcare,Biotechnology,NMS
2836,VINP,Vinci Compass Investments Ltd.,757615616,11.54,11.0,225725,9.13,13.61,19.46,1611844200.0,1794513600,Financial Services,Asset Management,NMS
2837,WGO,"Winnebago Industries, Inc.",661209344,23.39,24.65,570813,23.3,50.16,87.53,99153000.0,1792585800,Consumer Cyclical,Recreational Vehicles,NYQ
2838,PKOH,Park-Ohio Holdings Corp.,710445184,49.03,48.45,60340,18.06,53.3,65.24,99153000.0,1785960000,Industrials,Specialty Industrial Machinery,NMS
2839,MEGI,NYLI CBRE Global Infrastructure Megatrends Term Fund,715653632,13.75,13.48,109231,13.245,15.89,20.497,1635341400.0,0,Financial Services,Asset Management,NYQ
2840,ABR,"Arbor Realty Trust, Inc.",581830080,2.87,3.09,12425175,2.78,12.18,34.45,1081344600.0,1785501000,Real Estate,REIT - Mortgage,NYQ
2841,MALG,Microalliance Group Inc.,704978688,1.157,1.157,1,1.0,1.78,9009.009,1151328600.0,0,Consumer Defensive,Packaged Foods,OID
2842,BALY,Bally's Corporation,703545088,13.94,13.97,68048,8.44,20.74,22.41,1733495400.0,1786737600,Consumer Cyclical,Resorts & Casinos,NYQ
2843,CARE,"Carter Bankshares, Inc.",698624192,30.16,30.47,158413,16.78,36.06,36.06,1173965400.0,1793277000,Financial Services,Banks - Regional,NMS
2844,GILT,Gilat Satellite Networks Ltd.,688645120,8.94,9.32,638555,8.74,20.93,3630.0,733156200.0,1785933000,Technology,Communication Equipment,NMS
2845,MFIC,MidCap Financial Investment Corporation,697696128,8.47,8.53,310948,8.31,12.5,72.6,1081258200.0,1793881800,Financial Services,Asset Management,NMS
2846,BCSF,"Bain Capital Specialty Finance, Inc.",688903552,10.62,10.78,410444,10.53,14.7,20.510303,1542292200.0,1786392000,Financial Services,Asset Management,NYQ
2847,NRGV,"Energy Vault Holdings, Inc.",590978624,3.25,3.31,2979545,2.5,6.645,22.1,1617024600.0,1786478400,Utilities,Utilities - Renewable,NYQ
2848,HDL,Super Hi International Holding Ltd.,700149696,11.8999,11.8999,32,10.682,18.384,30.0,1715952600.0,1787747400,Consumer Cyclical,Restaurants,NGM
2849,RGR,"Sturm, Ruger & Company, Inc.",691219328,43.26,43.61,296586,28.33,48.21,92.49,105283800.0,1785355200,Industrials,Aerospace & Defense,NYQ
2850,WHK,WhiteHawk Minerals Corp.,700061568,26.25,26.38,192303,24.06,29.07,29.07,1781011800.0,1786564800,Energy,Oil & Gas Midstream,NYQ
2851,NIE,Virtus Equity & Convertible Income Fund,706024384,25.48,25.32,106366,22.78,27.24,32.27,1172241000.0,0,Financial Services,Asset Management,NYQ
2852,PFIS,Peoples Financial Services Corp.,673197184,67.25,69.065,100484,43.64,73.37,73.37,1023283800.0,0,Financial Services,Banks - Regional,NMS
2853,PHAR,Pharming Group N.V.,692917888,9.79,9.53,3331,9.441,21.34,21.99,1608733800.0,0,Healthcare,Biotechnology,NGM
2854,LEGH,Legacy Housing Corporation,661406272,27.81,28.37,46449,18.285,31.34,31.34,1544797800.0,1785960000,Consumer Cyclical,Residential Construction,NMS
2855,AVR,Anteris Technologies Global Corp.,659793856,6.77,6.63,1342044,3.3,11.055,11.055,1734100200.0,0,Healthcare,Medical Devices,NGM
2856,OLMA,"Olema Pharmaceuticals, Inc.",684231296,7.82,7.82,758248,6.65,36.259,60.27,1605796200.0,0,Healthcare,Biotechnology,NMS
2857,BCAL,California BanCorp,682555968,21.23,21.57,156643,15.85,22.41,22.41,1131633000.0,1785155400,Financial Services,Banks - Regional,NCM
2858,KE,"Kimball Electronics, Inc.",688090432,28.68,28.79,195227,21.01,32.0,33.19,1415025000.0,1786564800,Industrials,Electrical Equipment & Parts,NMS
2859,HNRG,Hallador Energy Company,656235520,13.92,14.5,1920105,13.19,24.7,24.7,765639000.0,1786392000,Utilities,Utilities - Independent Power Producers,NCM
2860,ADAM,"Adamas Trust, Inc.",687580352,7.65,7.65,833342,6.45,10.36,453.6,1090848600.0,1785355200,Real Estate,REIT - Mortgage,NMS
2861,FPH,"Five Point Holdings, LLC",662603200,4.48,4.48,219798,4.425,6.47,16.74,1494423000.0,1784836800,Real Estate,Real Estate - Development,NYQ
2862,CASS,"Cass Information Systems, Inc.",682238400,53.4,53.95,54462,36.07,59.63,62.075,836314200.0,1784809800,Industrials,Specialty Business Services,NMS
2863,OFRM,"Once Upon A Farm, PBC",711321664,16.94,16.33,189632,14.0,27.0,27.0,1770388200.0,1786046400,Consumer Defensive,Packaged Foods,NYQ
2864,GROY,Gold Royalty Corp.,713576576,3.08,3.03,1092663,2.45,5.455,7.08,1615300200.0,1793822400,Basic Materials,Gold,ASE
2865,AROW,Arrow Financial Corporation,673893120,36.38,37.03,58738,25.88,42.7,42.7,338131800.0,1784809800,Financial Services,Banks - Regional,NMS
2866,SCHL,Scholastic Corporation,710604480,38.6,38.38,445945,26.38,48.07,56.82,699028200.0,1790280000,Communication Services,Publishing,NMS
2867,ISOU,IsoEnergy Ltd.,606232192,9.29,9.26,97133,7.19,13.58,21.012,1493213400.0,0,Energy,Uranium,ASE
2868,WVE,"Wave Life Sciences, Inc.",681786688,3.46,3.47,1651833,3.37,21.73,56.0,1447252200.0,1785414600,Healthcare,Biotechnology,NGM
2869,MOMO,Hello Group Inc.,677960384,4.72,4.68,772960,4.61,7.25,54.24,1418308200.0,1788438600,Communication Services,Internet Content & Information,NMS
2870,HOV,"Hovnanian Enterprises, Inc.",630556352,105.8,110.0,97209,91.52,148.48,1835.0,431789400.0,1787229000,Consumer Cyclical,Residential Construction,NYQ
2871,ABUS,Arbutus Biopharma Corporation,646824256,4.22,4.18,3146174,3.5,5.45,31.48,1185456600.0,1786537800,Healthcare,Biotechnology,NMS
2872,SOC,Sable Offshore Corp.,713754816,3.72,3.86,4780520,2.88,20.74,35.0,1618839000.0,0,Energy,Oil & Gas Drilling,NYQ
2873,NGVC,"Natural Grocers by Vitamin Cottage, Inc.",684000896,29.68,30.08,84000,23.47,41.07,61.22,1343223000.0,1786046400,Consumer Defensive,Grocery Stores,NYQ
2874,RRBI,"Red River Bancshares, Inc.",660188288,100.27,101.85,45001,61.6,104.87,104.87,1556890200.0,1785414600,Financial Services,Banks - Regional,NMS
2875,EROC,"ERock, Inc.",575679552,11.95,12.21,1942822,8.88,20.7,20.7,1781098200.0,1786478400,Industrials,Specialty Industrial Machinery,NYQ
2876,OSPN,OneSpan Inc.,671446528,18.22,18.01,535455,10.07,18.83,44.25,895757400.0,1793304000,Technology,Software - Infrastructure,NCM
2877,MSBI,"Midland States Bancorp, Inc.",667387904,32.16,32.56,135944,14.24,35.1,37.581,1464096600.0,1792699200,Financial Services,Banks - Regional,NMS
2878,DGICA,Donegal Group Inc.,676684480,18.23,18.54,89166,16.11,21.06,23.0,1057239000.0,1793277000,Financial Services,Insurance - Property & Casualty,NMS
2879,MATV,"Mativ Holdings, Inc.",640205120,11.6,11.86,264273,7.07,15.48,63.53,815927400.0,1785960000,Basic Materials,Specialty Chemicals,NYQ
2880,CLDT,Chatham Lodging Trust,666408960,13.61,13.65,183596,6.08,14.05,31.6,1271424600.0,1785846600,Real Estate,REIT - Hotel & Motel,NYQ
2881,BAK,Braskem S.A.,725241280,1.82,1.82,2944760,1.4,5.395,33.73,916237800.0,1794513600,Basic Materials,Chemicals,NYQ
2882,WYFI,"WhiteFiber, Inc.",609526976,15.69,15.75,1566158,10.51,46.87,46.87,1754573400.0,1786537800,Technology,Information Technology Services,NCM
2883,CNNE,"Cannae Holdings, Inc.",672300544,15.5,15.9,294453,10.46,19.0,46.57,1511188200.0,1786392000,Consumer Cyclical,Restaurants,NYQ
2884,BUI,"BlackRock Utilities, Infrastructure & Power Opportunities Trust",690003904,25.99,25.46,67410,24.14,30.8,30.8,1322058600.0,0,Financial Services,Asset Management,NYQ
2885,PFLT,PennantPark Floating Rate Capital Ltd.,662775552,6.68,6.68,1083564,6.58,9.75,15.02,1302269400.0,1795464000,Financial Services,Asset Management,NYQ
2886,CCD,Calamos Dynamic Convertible and Income Fund,697744832,24.38,23.54,100702,19.985,26.99,34.0,1427463000.0,0,Financial Services,Asset Management,NGM
2887,EVER,"EverQuote, Inc.",697747072,19.8,20.74,447407,13.88,28.73,63.44,1530192600.0,1785787200,Communication Services,Internet Content & Information,NGM
2888,STLN,"The Oncology Institute, Inc.",675703808,6.63,6.18,1847307,2.32,7.13,12.66,1591277400.0,1786046400,Healthcare,Medical Care Facilities,NCM
2889,INDI,"indie Semiconductor, Inc.",602703040,2.6,2.605,3286087,2.32,6.05,16.33,1570195800.0,1786046400,Technology,Semiconductors,NCM
2890,XTND,"Xtend AI Robotics, Inc.",635286464,2.55,2.54,512316,2.49,7.15,7.15,1788528600.0,0,Technology,Computer Hardware,NYQ
2891,DDI,"DoubleDown Interactive Co., Ltd.",676404416,13.65,13.57,52012,8.1,13.79,18.5,1630416600.0,1786478400,Communication Services,Electronic Gaming & Multimedia,NMS
2892,MG,"Mistras Group, Inc.",661739520,20.77,20.7,387592,9.37,21.77,26.98,1255008600.0,1786392000,Industrials,Security & Protection Services,NYQ
2893,MDXG,"MiMedx Group, Inc.",681513216,4.67,4.62,391115,3.03,7.97,18.25,1202826600.0,1785355200,Healthcare,Biotechnology,NCM
2894,CCSI,"Consensus Cloud Solutions, Inc.",672707840,36.71,36.62,94074,20.2,41.4,69.31,1633008600.0,1793908800,Technology,Software - Infrastructure,NMS
2895,PRME,"Prime Medicine, Inc.",723693696,3.99,3.58,8062744,2.67,6.65,21.73,1666272600.0,1786019400,Healthcare,Biotechnology,NGM
2896,NVCT,"Nuvectis Pharma, Inc.",689442688,21.12,20.13,152959,5.55,29.275,29.275,1643985000.0,1785846600,Healthcare,Biotechnology,NCM
2897,PKE,Park Aerospace Corp.,573796928,26.38,29.66,956031,18.25,39.86,50.291668,322151400.0,1791489600,Industrials,Aerospace & Defense,NYQ
2898,SWBI,"Smith & Wesson Brands, Inc.",626858688,13.98,14.31,355744,8.14,17.56,39.61,934896600.0,1788465600,Industrials,Aerospace & Defense,NMS
2899,CGNT,Cognyte Software Ltd.,650945728,8.815,8.73,611722,6.29,12.31,33.37,1612794600.0,1788957000,Technology,Software - Infrastructure,NMS
2900,FWRG,"First Watch Restaurant Group, Inc.",677602496,10.98,10.96,1523678,9.88,18.823,25.98,1633095000.0,1785846600,Consumer Cyclical,Restaurants,NMS
2901,AGNT,"AGNT, Inc",621678720,3.72,4.01,1354534,3.4,12.226,90.0,1518013800.0,1785873600,Real Estate,Real Estate Services,NGM
2902,CSHR,CoinShares PLC,615413568,4.67,4.63,169746,3.51,10.43,10.43,1775050200.0,1789389000,Financial Services,Capital Markets,NMS
2903,BHB,Bar Harbor Bankshares,634260864,37.83,38.48,65704,28.11,41.12,41.12,875021400.0,0,Financial Services,Banks - Regional,ASE
2904,BWMX,"Betterware de México, S.A.P.I. de C.V.",649923904,16.46,16.28,28668,12.365,19.79,50.105,1546525800.0,1792699200,Consumer Cyclical,Specialty Retail,NYQ
2905,ACNB,ACNB Corporation,633484928,62.29,63.19,33782,42.6,67.6,67.6,765466200.0,1784809800,Financial Services,Banks - Regional,NCM
2906,DMII,Drugs Made In America Acquisition II Corp.,649102976,10.19,10.19,600241,9.86,10.33,10.33,1764772200.0,0,Financial Services,Shell Companies,NGM
2907,INN,"Summit Hotel Properties, Inc.",655749056,6.08,6.04,769714,3.98,7.17,19.39,1297261800.0,1793736000,Real Estate,REIT - Hotel & Motel,NYQ
2908,CBNK,"Capital Bancorp, Inc.",628045888,38.54,39.13,120072,26.4,40.7,40.7,1537968600.0,1785182400,Financial Services,Banks - Regional,NMS
2909,TBLD,Thornburg Income Builder Opportunities Trust,656395328,20.46,20.24,34972,19.48,23.02,23.02,1627479000.0,0,Financial Services,Asset Management,NGM
2910,TIPT,Tiptree Inc.,642384704,17.25,17.35,253926,15.49,19.33,27.41,1287149400.0,1785328200,Financial Services,Asset Management,NCM
2911,DLY,DoubleLine Yield Opportunities Fund,642657088,13.24,13.24,158016,12.95,15.03,20.34,1582727400.0,0,Financial Services,Asset Management,NYQ
2912,NMFC,New Mountain Finance Corporation,635664576,6.73,6.81,409834,6.69,9.84,15.83,1305898200.0,1793649600,Financial Services,Asset Management,NMS
2913,VLGEA,"Village Super Market, Inc.",651922624,44.03,43.94,36627,30.86,48.21,48.21,99153000.0,1791289800,Consumer Defensive,Grocery Stores,NMS
2914,YEXT,"Yext, Inc.",685922432,6.93,6.82,434017,3.265,9.03,27.19,1492090200.0,1788265800,Technology,Software - Infrastructure,NYQ
2915,OIO,OIO Group,591637632,1.7,1.76,105417,1.36,12.03,74.16,1649338200.0,0,Industrials,Waste Management,NCM
2916,WCCB,West Coast Community Bancorp,641442880,60.95,61.16,39542,40.2,61.98,61.95,1108650600.0,0,Financial Services,Banks - Regional,NCM
2917,PRTH,"Priority Technology Holdings, Inc.",644108096,7.81,7.8,758183,4.44,7.874,12.99,1481034600.0,1786019400,Technology,Software - Infrastructure,NCM
2918,WOOF,"Petco Health and Wellness Company, Inc.",638715200,2.23,2.24,1177629,2.14,3.87,31.08,1610634600.0,1788379200,Consumer Cyclical,Specialty Retail,NMS
2919,PZZA,"Papa John's International, Inc.",650203328,19.75,19.46,1312395,18.92,55.74,140.68,739546200.0,1793881800,Consumer Cyclical,Restaurants,NMS
2920,SHEN,Shenandoah Telecommunications Company,576069504,10.405,11.52,1078258,9.67,17.35,61.53,925133400.0,1785328200,Communication Services,Telecom Services,NMS
2921,AURA,"Aura Biosciences, Inc.",678229440,6.54,6.505,962556,4.73,9.535,26.16,1635514200.0,1786451400,Healthcare,Biotechnology,NGM
2922,CCB,Coastal Financial Corporation,622764992,40.74,42.7,215049,35.56,120.05,120.05,1532007000.0,1785414600,Financial Services,Banks - Regional,NMS
2923,RA,Brookfield Real Assets Income Fund Inc.,637639168,11.54,11.462,367692,11.4089,13.59,24.39,1480689000.0,0,Financial Services,Asset Management,NYQ
2924,PROK,ProKidney Corp.,694577664,1.74,1.66,1385371,1.3,3.48,14.19,1625059800.0,0,Healthcare,Biotechnology,NCM
2925,CCXI,Churchill Capital Corp XI,608801024,10.93,11.04,1274495,10.07,19.69,19.69,1770647400.0,0,Financial Services,Shell Companies,NGM
2926,BIT,BlackRock Multi-Sector Income Trust,643096768,11.27,11.21,366680,11.03,13.44,20.5,1361889000.0,0,Financial Services,Asset Management,NYQ
2927,PHR,"Phreesia, Inc.",670986944,10.81,10.66,536160,7.77,24.128,81.592,1563456600.0,1788379200,Healthcare,Health Information Services,NYQ
2928,RSVR,"Reservoir Media, Inc.",632935168,9.6,9.4,68812,7.07,13.39,13.39,1609857000.0,1785846600,Communication Services,Entertainment,NGM
2929,EACO,EACO Corporation,607698752,125.0,125.0,100,70.0,135.0,1322.9166,513873000.0,0,Technology,Electronics & Computer Distribution,OID
2930,VTEX,VTEX,656368576,3.97,3.95,670605,2.841,4.62,33.36,1626874200.0,1786046400,Technology,Software - Application,NYQ
2931,YSWY,"Yesway, Inc.",646164800,20.72,20.9,134612,18.92,29.08,29.08,1776864600.0,1786624200,Consumer Defensive,Grocery Stores,NMS
2932,SOPH,SOPHiA GENETICS SA,630797184,7.41,7.3,328117,3.75,8.98,19.8,1627047000.0,1785846600,Healthcare,Health Information Services,NMS
2933,ZVRA,"Zevra Therapeutics, Inc.",676381248,11.39,11.0,730671,8.01,15.035,418.4,1429191000.0,1785960000,Healthcare,Biotechnology,NMS
2934,MUA,"BlackRock MuniAssets Fund, Inc.",626413952,9.33,9.23,619444,9.13,11.26,17.72,742829400.0,0,Financial Services,Asset Management,NYQ
2935,OABI,"OmniAb, Inc.",696420032,4.79,4.66,1038083,1.3,5.43,10.5,1633008600.0,1786046400,Healthcare,Biotechnology,NGM
2936,GDYN,"Grid Dynamics Holdings, Inc.",644958656,7.95,8.01,593438,5.11,10.21,42.81,1540906200.0,1793304000,Technology,Information Technology Services,NCM
2937,FWDI,"Forward Industries, Inc.",559955520,7.34,7.18,1125130,3.48,25.5,298.5,785082600.0,1786564800,Consumer Cyclical,Footwear & Accessories,NCM
2938,RZAI,Roze AI Inc.,564780352,10.15,12.29,193535,10.05,35.55,35.55,1790775000.0,0,Technology,Software - Infrastructure,NCM
2939,NTGR,"NETGEAR, Inc.",641424896,23.6,23.2,253370,19.0,36.6,48.5732,1059658200.0,1786046400,Technology,Communication Equipment,NMS
2940,TROX,Tronox Holdings plc,579711104,3.63,3.78,1726082,2.86,10.59,38.0,1291213800.0,1793822400,Basic Materials,Chemicals,NYQ
2941,SLRC,SLR Investment Corp.,620286144,11.37,11.5,348596,11.23,16.36,25.95,1265725800.0,1793736000,Financial Services,Asset Management,NMS
2942,DBVT,DBV Technologies S.A.,615915264,9.8,9.55,324040,9.36,26.185,101.14,1413984600.0,1784232000,Healthcare,Biotechnology,NCM
2943,GOOD,Gladstone Commercial Corporation,619110400,12.68,12.71,258833,10.33,13.28,26.13,1060867800.0,1785960000,Real Estate,REIT - Diversified,NMS
2944,PAXS,PIMCO Access Income Fund,628064640,13.32,13.24,200057,12.92,16.5,20.1,1643293800.0,0,Financial Services,Asset Management,NYQ
2945,HPP,"Hudson Pacific Properties, Inc.",649596864,11.97,11.88,475287,5.26,19.46,271.67,1277386200.0,1793881800,Real Estate,REIT - Office,NYQ
2946,PFN,PIMCO Income Strategy Fund II,617618752,6.25,6.3,645474,6.15,7.62,20.15,1098883800.0,0,Financial Services,Asset Management,NYQ
2947,IPX,IperionX Limited,596971776,16.48,15.28,609069,15.05,61.45,61.45,1655818200.0,0,Basic Materials,Other Industrial Metals & Mining,NCM
2948,ARRY,"Array Technologies, Inc.",566081088,3.68,3.75,5459274,3.6001,12.23,54.78,1602768600.0,1785960000,Technology,Solar,NGM
2949,SGMT,Sagimet Biosciences Inc.,633214400,8.93,8.92,763416,4.5,11.449,20.71,1689341400.0,1786451400,Healthcare,Biotechnology,NGM
2950,AGCC,Agencia Comercial Spirits Ltd,660623552,15.44,14.785,2376,3.66,25.725,25.725,1761139800.0,0,Consumer Defensive,Beverages - Wineries & Distilleries,NCM
2951,LMB,"Limbach Holdings, Inc.",611275136,51.26,50.95,231979,40.74,114.95,154.05,1407504600.0,1785873600,Industrials,Building Products & Equipment,NCM
2952,CDNL,Cardinal Infrastructure Group Inc.,452715808,21.12,25.06,3496635,19.45,96.4,96.4,1765377000.0,1786451400,Industrials,Engineering & Construction,NMS
2953,ADTN,"ADTRAN Holdings, Inc.",607851328,7.46,7.49,870956,6.73,19.98,47.7,776525400.0,1785787200,Technology,Communication Equipment,NMS
2954,IVR,Invesco Mortgage Capital Inc.,621299968,5.7,5.68,3325288,5.52,9.5,249.2,1246455000.0,1785441600,Real Estate,REIT - Mortgage,NYQ
2955,NFGC,New Found Gold Corp.,603441344,1.57,1.54,565627,1.34,3.59,12.0,1600090200.0,0,Basic Materials,Gold,ASE
2956,ABTC,American Bitcoin Corp,562896384,7.73,7.75,943879,4.92,98.85,2179500.0,1519655400.0,1793822400,Financial Services,Capital Markets,NCM
2957,MLR,"Miller Industries, Inc.",595535552,52.46,52.8,27304,35.72,59.7,114.375,775834200.0,1785960000,Consumer Cyclical,Auto Parts,NYQ
2958,SLN,Silence Therapeutics plc,612839296,9.86,9.52,844344,4.19,17.576,35.0,1599571800.0,1786365000,Healthcare,Biotechnology,NGM
2959,TWN,"The Taiwan Fund, Inc.",592865536,103.25,101.91,4286,51.37,108.83,108.83,535127400.0,0,Financial Services,Asset Management,NYQ
2960,CLYM,"Climb Bio, Inc.",631798784,11.0,10.86,638002,1.635,18.33,29.69,1628602200.0,0,Healthcare,Biotechnology,NGM
2961,EGY,"VAALCO Energy, Inc.",632202624,6.01,6.0,1239955,3.365,6.72,15.5,728317800.0,1786046400,Energy,Oil & Gas E&P,NYQ
2962,ETRA,"Electra Therapeutics, Inc.",567413248,9.04,9.14,778451,8.63,15.5,15.5,1789738200.0,0,Healthcare,Biotechnology,NMS
2963,SPT,"Sprout Social, Inc.",666514304,11.0,11.08,777332,4.92,12.057,145.42,1576247400.0,1793736000,Technology,Software - Application,NCM
2964,CLMB,"Climb Global Solutions, Inc.",620652864,33.26,32.6,92269,15.25,35.0675,36.255,806074200.0,1785355200,Technology,Electronics & Computer Distribution,NGM
2965,GFUZ,General Fusion Group Ltd.,550331904,8.66,8.71,644001,6.08,14.85,14.85,1759239000.0,0,Industrials,Specialty Industrial Machinery,NGM
2966,TRON,Tron Inc.,595349504,1.255,1.24,275880,1.12,4.65,12.8,1692106200.0,0,Consumer Cyclical,Leisure,NCM
2967,REAX,Real REMAX Group Inc.,567451968,15.65,17.08,535411,14.26,45.0,67.5,1610116200.0,1786019400,Real Estate,Real Estate Services,NCM
2968,WDI,Western Asset Diversified Income Fund,607890880,11.71,11.68,418930,11.57,14.97,20.6,1624627800.0,0,Financial Services,Asset Management,NYQ
2969,STTK,"Shattuck Labs, Inc.",599168640,5.97,5.66,1049342,1.7,8.33,60.516,1602250200.0,1786451400,Healthcare,Biotechnology,NMS
2970,MATW,Matthews International Corporation,580877120,18.61,19.31,498613,18.54,30.93,77.85,774711000.0,1786046400,Industrials,Conglomerates,NMS
2971,GRNT,"Granite Ridge Resources, Inc.",629164160,4.77,4.8,880435,4.18,6.145,14.0,1604673000.0,1793908800,Energy,Oil & Gas E&P,NYQ
2972,MAMA,"Mama's Creations, Inc.",638848192,13.55,13.4,447768,9.9,21.0,21.0,1626701400.0,1788465600,Consumer Defensive,Packaged Foods,NCM
2973,GEMI,"Gemini Space Station, Inc.",569821440,4.395,4.47,1440872,3.385,23.67,45.89,1757683800.0,1786651200,Financial Services,Capital Markets,NMS
2974,ANGO,"AngioDynamics, Inc.",484467264,11.52,11.23,2155908,9.39,16.29,32.0,1086096600.0,1791462600,Healthcare,Medical Instruments & Supplies,NMS
2975,CRD-A,Crawford & Company,609174208,12.8,12.8,25599,8.89,13.9,21.25,649431000.0,1785787200,Financial Services,Insurance Brokers,NYQ
2976,IRWD,"Ironwood Pharmaceuticals, Inc.",631216576,3.82,3.87,1721350,1.41,5.78,17.755444,1265207400.0,1786019400,Healthcare,Drug Manufacturers - Specialty & Generic,NMS
2977,EVC,Entravision Communications Corporation,621100288,6.73,6.78,688778,1.95,13.74,20.5625,965223000.0,1786392000,Communication Services,Advertising Agencies,NYQ
2978,GOTU,Gaotu Techedu Inc.,646403520,2.75,2.71,367773,1.4,3.3,149.05,1559827800.0,1787833800,Consumer Defensive,Education & Training Services,NYQ
2979,PAR,PAR Technology Corporation,641535616,15.51,15.43,596414,11.59,40.54,90.35,407773800.0,1786046400,Technology,Software - Application,NYQ
2980,EVAC,EQV Ventures Acquisition Corp. II,602597440,10.31,10.32,50446,9.94,10.33,10.33,1755869400.0,0,Financial Services,Shell Companies,NYQ
2981,DDD,3D Systems Corporation,561576960,3.38,3.35,2814954,1.7,4.12,97.28,574007400.0,1785787200,Technology,Computer Hardware,NYQ
2982,PEBO,Peoples Bancorp Inc.,583394944,35.8,36.31,285685,27.49,42.29,42.29,729354600.0,1792499400,Financial Services,Banks - Regional,NMS
2983,UAMY,United States Antimony Corporation,550783296,3.68,3.72,3935399,3.65,19.71,19.71,951402600.0,1786478400,Basic Materials,Other Industrial Metals & Mining,NYQ
2984,TITN,Titan Machinery Inc.,532549408,22.63,23.66,365129,13.21,26.9,47.87,1197556200.0,1787833800,Industrials,Industrial Distribution,NMS
2985,EVEX,"Eve Holding, Inc.",581972160,1.67,1.67,1081241,1.56,5.16,13.34,1652189400.0,1793881800,Industrials,Aerospace & Defense,NYQ
2986,BCSS,Bain Capital GSS Investment Corp.,597432000,10.23,10.23,22,9.95,10.48,10.48,1763649000.0,0,Financial Services,Shell Companies,NYQ
2987,DCBO,Docebo Inc.,635415232,25.47,24.26,31800,14.39,28.72,92.75,1607005800.0,1786105800,Technology,Software - Application,NMS
2988,BXC,BlueLinx Holdings Inc.,556188992,70.76,71.29,167286,44.78,93.8,155.18707,1103034600.0,1785873600,Industrials,Industrial Distribution,NYQ
2989,XRPN,Evernorth Holdings Inc. Class A Ordinary Shares,539873088,17.09,24.2,3134750,10.1,53.0,53.0,1750771800.0,0,Financial Services,Shell Companies,NGM
2990,FBIZ,"First Business Financial Services, Inc.",580426688,69.36,70.61,106696,46.07,73.74,73.74,1131546600.0,1793304000,Financial Services,Banks - Regional,NMS
2991,JBI,"Janus International Group, Inc.",570301568,4.18,4.24,1319992,4.01,10.32,15.94,1576852200.0,1786451400,Industrials,Building Products & Equipment,NYQ
2992,ENVX,Enovix Corporation,539843392,2.46,2.5,6358579,2.4001,14.21,39.48,1609857000.0,1786564800,Industrials,Electrical Equipment & Parts,NMS
2993,WEAV,"Weave Communications, Inc.",593724288,7.38,7.39,3375158,4.24,7.7,22.4,1636641000.0,1786046400,Healthcare,Health Information Services,NYQ
2994,KIDS,OrthoPediatrics Corp.,565276928,21.65,21.76,135532,14.42,26.74,73.91,1507901400.0,1785873600,Healthcare,Medical Devices,NGM
2995,HELE,Helen of Troy Limited,620085760,26.51,26.55,763493,13.85,31.98,265.97,205680600.0,1791462600,Consumer Defensive,Household & Personal Products,NMS
2996,CXII,Churchill Capital Corp XII,586052480,10.55,10.585,76663,10.05,10.99,10.99,1781703000.0,0,Financial Services,Shell Companies,NGM
2997,NKX,Nuveen California AMT-Free Quality Municipal Income Fund,589799680,10.47,10.4,641254,10.3,13.2,17.35,1042727400.0,0,Financial Services,Asset Management,NYQ
2998,GCBC,"Greene County Bancorp, Inc.",572907584,33.65,34.34,17445,21.25,36.33,44.895,930749400.0,1792699200,Financial Services,Banks - Regional,NCM
2999,CEPF,"Cantor Equity Partners IV, Inc.",586930496,10.27,10.27,551339,10.13,10.67,10.67,1755783000.0,0,Financial Services,Shell Companies,NGM
3000,SWRD,Stewards Inc.,591139136,2.62,2.54,167860,1.46,5.5,5.5,1789047000.0,0,Financial Services,Credit Services,NCM
3001,ENHA,Enhanced Group Inc.,494567872,1.25,1.33,498277,1.24,10.17,10.17,1778247000.0,1786651200,Consumer Defensive,Packaged Foods,NYQ
3002,VEL,"Velocity Financial, Inc.",581561856,14.73,14.91,172586,14.18,21.395,21.395,1579271400.0,1785960000,Financial Services,Mortgage Finance,NYQ
3003,FAC,Factorial Energy Inc.,552118208,5.14,5.08,130125,4.24,25.33,25.33,1750771800.0,1786478400,Industrials,Electrical Equipment & Parts,NGM
3004,IIIN,Insteel Industries Inc.,571068288,29.5,29.5,105858,24.35,38.53,47.7,700842600.0,1792672200,Industrials,Metal Fabrication,NYQ
3005,KRNY,Kearny Financial Corp.,572981568,9.07,9.2,349248,6.23,10.24,16.1,1109255400.0,1792672200,Financial Services,Banks - Regional,NMS
3006,IGR,CBRE Global Real Estate Income Fund,571627712,11.3,11.07,350045,10.84,15.18,74.67,1077719400.0,0,Financial Services,Asset Management,NYQ
3007,NML,Neuberger Berman Income Funds - Neuberger Energy Infrastructure and Income Fund Inc.,579620800,10.23,10.23,89014,7.89,10.98,22.08,1364304600.0,0,Financial Services,Asset Management,ASE
3008,AQST,"Aquestive Therapeutics, Inc.",599945728,4.78,4.76,1690087,2.93,7.55,20.696,1532525400.0,1786478400,Healthcare,Drug Manufacturers - Specialty & Generic,NGM
3009,DSU,"BlackRock Debt Strategies Fund, Inc.",574624704,8.87,8.82,181272,8.78,10.43,31.3125,891268200.0,0,Financial Services,Asset Management,NYQ
3010,HY,"Hyster-Yale, Inc.",579868736,32.34,32.49,118748,26.41,41.3,108.13,1349098200.0,1785873600,Industrials,Farm & Heavy Construction Machinery,NYQ
3011,YB,Yuanbao Inc.,557800768,12.105,12.24,26238,11.55,24.4,31.0,1746019800.0,1789043400,Technology,Software - Application,NGM
3012,EBF,"Ennis, Inc.",560029440,22.12,22.4875,184075,16.3,22.94,28.45,322151400.0,1789993800,Industrials,Specialty Business Services,NYQ
3013,SFST,"Southern First Bancshares, Inc.",564990208,59.65,60.4,48777,40.9,65.09,65.59,941117400.0,1784637000,Financial Services,Banks - Regional,NGM
3014,IBEX,IBEX Limited,591164800,44.52,44.4,67671,25.94,45.28,45.28,1596807000.0,1789070400,Technology,Information Technology Services,NGM
3015,AHRT,AH REALTY TRUST INC,579291584,6.04,6.05,481744,5.13,7.33,19.43,1368019800.0,1793649600,Real Estate,REIT - Diversified,NYQ
3016,WNC,Wabash National Corporation,537730688,13.2,13.41,428229,6.63,14.55,43.5,689610600.0,1793277000,Industrials,Farm & Heavy Construction Machinery,NYQ
3017,EVO,Evotec SE,543745344,1.53,1.57,40004,1.5,4.27,26.57,1075991400.0,1793908800,Healthcare,Drug Manufacturers - Specialty & Generic,NMS
3018,XMAX,XMax Inc.,567012928,8.74,8.82,659024,4.8,9.4,350.0,1318858200.0,0,Consumer Cyclical,"Furnishings, Fixtures & Appliances",NCM
3019,ALOY,REalloys Inc.,508146560,7.32,7.58,1972040,6.0,26.9,63.0,1470058200.0,0,Basic Materials,Other Industrial Metals & Mining,NCM
3020,BWB,"Bridgewater Bancshares, Inc.",564647424,20.25,20.38,45276,16.06,22.62,22.62,1521034200.0,1792526400,Financial Services,Banks - Regional,NCM
3021,NVEC,NVE Corporation,550566336,113.82,111.45,113220,57.21,135.0,171.875,801235800.0,1784750400,Technology,Semiconductors,NCM
3022,CTGO,Contango Silver & Gold Inc.,559462784,16.73,16.28,245168,14.5,34.38,34.38,1292941800.0,0,Basic Materials,Gold,ASE
3023,CRMD,CorMedix Inc.,575229120,7.38,7.32,1194446,6.13,13.02,52.0,1273757400.0,1786624200,Healthcare,Biotechnology,NGM
3024,NVRI,Enviri Corporation,556754880,19.75,19.79,185691,11.15,24.2,66.51,322151400.0,1786451400,Industrials,Waste Management,NYQ
3025,FLGT,"Fulgent Genetics, Inc.",598182464,21.74,20.82,252909,13.46,31.04,189.89,1475155800.0,1785441600,Healthcare,Diagnostics & Research,NGM
3026,BLSM,"BlossomHill Therapeutics, Inc.",555600192,17.48,16.88,131828,15.25,27.99,27.99,1786109400.0,1789734600,Healthcare,Biotechnology,NMS
3027,TLRY,"Tilray Brands, Inc.",523148800,3.54,3.59,5598282,3.38,20.2,3000.0,1532007000.0,1791462600,Healthcare,Drug Manufacturers - Specialty & Generic,NMS
3028,GORO,Goldgroup Mining Inc.,576381888,3.41,3.19,1522246,1.87,6.56,71.2,1302096600.0,0,Basic Materials,Gold,ASE
3029,NRDS,"NerdWallet, Inc.",622611712,9.74,9.79,850379,7.33,16.24,34.44,1636032600.0,1786046400,Communication Services,Internet Content & Information,NGM
3030,CTMX,"CytomX Therapeutics, Inc.",560001152,2.57,2.47,3040255,2.43,8.21,35.0,1444311000.0,1786046400,Healthcare,Biotechnology,NMS
3031,SBC,SBC Medical Group Holdings Incorporated,557430464,5.42,5.34,156903,2.78,5.51,36.52,1664199000.0,1794573000,Industrials,Consulting Services,NGM
3032,ITIC,Investors Title Company,560640448,296.95,298.63,40290,209.75,309.55,309.55,534004200.0,1786019400,Financial Services,Insurance - Specialty,NMS
3033,CIVB,"Civista Bancshares, Inc.",549175808,26.41,26.94,58960,19.82,29.97,40.5,765639000.0,1792672200,Financial Services,Banks - Regional,NCM
3034,SVMB,"Jingbo Technology, Inc.",555315392,1.0,1.0,300,0.66,2.8,638.0,1649856600.0,0,Technology,Software - Application,OID
3035,VALN,Valneva SE,548079616,5.78,5.69,5605,4.75,12.18,67.84,1620221400.0,1786624200,Healthcare,Biotechnology,NMS
3036,UNTY,"Unity Bancorp, Inc.",545613312,54.33,55.25,39645,44.34,62.5,62.5,853252200.0,1784032200,Financial Services,Banks - Regional,NGM
3037,BTBT,"Bit Digital, Inc.",465217216,1.29,1.36,9536119,1.18,4.55,33.0,1521552600.0,1786624200,Financial Services,Capital Markets,NCM
3038,PANL,Pangaea Logistics Solutions Ltd.,544741760,8.32,8.6,331629,4.54,9.39,10.73,1387463400.0,1786392000,Industrials,Marine Shipping,NCM
3039,CHWM,Chilwa Minerals Limited,542131648,5.2,5.14,2521,5.04,7.08,7.08,1790861400.0,0,Basic Materials,Other Industrial Metals & Mining,NCM
3040,LAES,SEALSQ Corp,474603456,2.11,2.25,5077468,1.99,8.71,28.5,1684848600.0,1789129800,Technology,Semiconductors,NMS
3041,TMS,Teamshares Inc.,482435648,6.52,6.73,41389,5.04,13.2,13.2,1745242200.0,1786710600,Financial Services,Financial Conglomerates,NCM
3042,WTI,"W&T Offshore, Inc.",547922880,3.63,3.7,2341347,1.5,5.08,59.99,1106922600.0,1785960000,Energy,Oil & Gas E&P,NYQ
3043,ETJ,Eaton Vance Risk-Managed Diversified Equity Income Fund,554566656,8.24,8.13,255539,7.88,9.01,20.2,1185543000.0,0,Financial Services,Asset Management,NYQ
3044,ITRG,Integra Resources Corp.,533556192,2.63,2.54,736937,1.99,4.87,5.5,1596202200.0,1786478400,Basic Materials,Other Precious Metals & Mining,ASE
3045,ACRS,"Aclaris Therapeutics, Inc.",563771776,3.83,3.79,5059466,1.74,6.6,33.88,1444138200.0,1786019400,Healthcare,Biotechnology,NMS
3046,ACP,Abrdn Income Credit Strategies Fund,547052160,4.36,4.36,739600,4.32,5.77,18.9807,1296138600.0,0,Financial Services,Asset Management,NYQ
3047,SSII,"SS Innovations International, Inc.",529000000,2.645,2.66,44343,2.57,10.0,22.42,1723037400.0,1786624200,Healthcare,Medical Devices,NCM
3048,GMRS,GMR Solutions Inc.,560745408,10.38,10.54,1273005,9.0,15.98,15.98,1778679000.0,1786564800,Healthcare,Medical Care Facilities,NYQ
3049,NRIM,"Northrim BanCorp, Inc.",539213120,24.24,24.65,84571,19.6,30.82,30.82,658679400.0,0,Financial Services,Banks - Regional,NMS
3050,GAU,Galiano Gold Inc.,572885952,2.19,2.1,2625772,1.66,3.62,9.65,1199284200.0,1786046400,Basic Materials,Gold,ASE
3051,SPPP,Sprott Physical Platinum & Palladium Tr,536962176,13.12,12.82,205799,12.16,23.81,23.81,1355927400.0,0,N/A,N/A,ASE
3052,MNPR,Monopar Therapeutics Inc.,529993088,78.96,83.98,135842,50.07,124.82,240.0,1576765800.0,1786561200,Healthcare,Biotechnology,NCM
3053,HNST,"The Honest Company, Inc.",543931776,5.07,4.97,851619,2.07,6.01,23.88,1620135000.0,1785960000,Consumer Defensive,Household & Personal Products,NMS
3054,OOMA,"Ooma, Inc.",553104000,20.04,20.1,291486,9.793,26.19,26.19,1437399000.0,1787774400,Technology,Software - Application,NYQ
3055,KELYA,"Kelly Services, Inc.",541471040,15.59,16.17,207229,7.98,17.75,38.75,322151400.0,1786019400,Industrials,Staffing & Employment Services,NMS
3056,HKD,AMTD Digital Inc.,543703296,1.73,1.7,47190,1.26,5.47,2555.3,1657891800.0,0,Technology,Software - Application,NYQ
3057,PHAT,"Phathom Pharmaceuticals, Inc.",586531776,7.25,7.13,928339,6.52,18.31,64.54,1572010200.0,1785414600,Healthcare,Biotechnology,NMS
3058,TMQ,Trilogy Metals Inc.,507811392,2.8,2.81,861777,2.76,11.29,11.29,1335360600.0,1790944200,Basic Materials,Other Industrial Metals & Mining,ASE
3059,NPB,"Northpointe Bancshares, Inc.",547776320,15.84,15.69,256642,14.205,19.71,19.71,1739889000.0,1792526400,Financial Services,Banks - Regional,NYQ
3060,MEI,"Methode Electronics, Inc.",554280576,15.55,15.25,642614,4.88,20.38,51.38,403968600.0,1788379200,Technology,Electronic Components,NYQ
3061,AEXA,American Exceptionalism Acquisi,536648736,10.85,10.83,221055,10.49,11.99,11.99,1758893400.0,0,Financial Services,Shell Companies,NYQ
3062,DCTH,"Delcath Systems, Inc.",532973504,15.36,15.04,190110,8.12,17.42,7210.0,1525354200.0,1786019400,Healthcare,Medical Devices,NCM
3063,SLDP,"Solid Power, Inc.",544212224,2.385,2.42,2760239,1.98,8.86,14.85,1621344600.0,1785873600,Consumer Cyclical,Auto Parts,NMS
3064,MPLT,"MapLight Therapeutics, Inc.",490733600,8.83,9.15,495354,8.71,40.43,40.43,1761571800.0,0,Healthcare,Biotechnology,NMS
3065,NCDL,Nuveen Churchill Direct Lending Corp.,533874176,10.81,10.89,177581,10.54,15.07,18.1,1706193000.0,0,Financial Services,Asset Management,NYQ
3066,NDMO,Nuveen Dynamic Municipal Opportunities Fund,535890144,8.86,8.77,573015,8.5,10.82,17.94,1598535000.0,0,Financial Services,Asset Management,NYQ
3067,ETD,Ethan Allen Interiors Inc.,512657824,20.34,20.86,430436,18.28,28.39,46.65,732292200.0,1785355200,Consumer Cyclical,"Furnishings, Fixtures & Appliances",NYQ
3068,BSVN,Bank7 Corp.,521921664,54.79,55.57,35763,38.29,57.68,57.68,1537450200.0,1792067400,Financial Services,Banks - Regional,NMS
3069,MSIF,"MSC Income Fund, Inc.",532806432,11.75,11.78,212683,10.8,14.46,18.095,1738161000.0,0,Financial Services,Asset Management,NYQ
3070,OCS,Oculis Holding AG,513644544,8.34,8.66,161880,8.3,34.475,34.475,1621344600.0,1786046400,Healthcare,Biotechnology,NGM
3071,NOAH,Noah Holdings Limited,519648416,7.57,7.62,70963,7.55,12.45,69.56,1289399400.0,1787688000,Financial Services,Asset Management,NYQ
3072,BMM,Blue Moon Metals Inc.,510682784,4.87,4.82,300979,3.47,8.63,8.63,1769437800.0,0,Basic Materials,Other Industrial Metals & Mining,NCM
3073,SENS,"Senseonics Holdings, Inc.",474808960,8.98,9.02,499322,4.79,10.64,111.2,1450794600.0,1786046400,Healthcare,Medical Devices,NMS
3074,CMDB,Costamare Bulkers Holdings Limited,505470976,20.8,21.32,35090,12.29,24.76,24.76,1746106200.0,1785760200,Industrials,Marine Shipping,NYQ
3075,HBCP,"Home Bancorp, Inc.",516872128,65.67,66.7,35017,50.54,74.5,74.5,1223472600.0,1792440000,Financial Services,Banks - Regional,NMS
3076,PWRL,Powerlaw Corp.,511455456,11.85,11.65,143594,9.41,40.0,40.0,1779888600.0,0,Financial Services,Asset Management,NGM
3077,HUYA,HUYA Inc.,516107360,2.26,2.24,639409,2.02,4.93,50.82,1526045400.0,1786451400,Communication Services,Entertainment,NYQ
3078,GUT,The Gabelli Utility Trust,531166048,5.9,6.02,92856,5.42,7.07,9.974579,931786200.0,0,Financial Services,Asset Management,NYQ
3079,FAX,Abrdn Asia-Pacific Income Fund Inc,531307424,12.87,12.75,169295,12.6,16.37,72.0,514132200.0,0,Financial Services,Asset Management,ASE
3080,MTC,"MMTec, Inc.",474037984,4.76,4.83,4213,0.251,9.095,1564.0,1547044200.0,0,Financial Services,Capital Markets,NCM
3081,BWFG,"Bankwell Financial Group, Inc.",515946048,64.72,65.66,39753,40.45,69.59,69.59,1270474200.0,1793277000,Financial Services,Banks - Regional,NGM
3082,OPFI,OppFi Inc.,505284896,5.93,6.09,512469,5.905,11.69,17.728,1605882600.0,1786392000,Financial Services,Credit Services,NYQ
3083,DNUT,"Krispy Kreme, Inc.",513560000,2.96,3.01,1602645,2.83,5.11,21.69,1625146200.0,1793881800,Consumer Defensive,Grocery Stores,NMS
3084,EPRX,Eupraxia Pharmaceuticals Inc.,492907360,7.46,7.57,1052257,5.25,9.32,9.32,1712323800.0,0,Healthcare,Biotechnology,NMS
3085,ROMA,Roma Green Finance Limited,520594336,8.74,8.74,185,1.16,11.77,11.8,1704810600.0,0,Industrials,Consulting Services,NCM
3086,ALT,"Altimmune, Inc.",507691168,2.61,2.6,2677084,2.55,6.44,137.7,1495805400.0,1786537800,Healthcare,Biotechnology,NGM
3087,UHT,Universal Health Realty Income Trust,522173568,37.57,37.54,126666,35.26,46.3,132.41,535991400.0,1785182400,Real Estate,REIT - Healthcare Facilities,NYQ
3088,CSV,"Carriage Services, Inc.",535074528,33.69,33.73,277375,30.11,52.1,66.33,839597400.0,1785960000,Consumer Cyclical,Personal Services,NYQ
3089,NB,NioCorp Developments Ltd.,491513248,3.37,3.41,1698331,3.33,12.58,12.58,1679405400.0,0,Basic Materials,Other Industrial Metals & Mining,NGM
3090,NGNE,Neurogene Inc.,528300480,26.4,26.5,465832,15.93,43.66,1115.0,1394202600.0,1786451400,Healthcare,Biotechnology,NGM
3091,BSRR,Sierra Bancorp,504340960,38.905,39.72,34559,26.49,43.13,43.13,766675800.0,1785155400,Financial Services,Banks - Regional,NMS
3092,METC,"Ramaco Resources, Inc.",554044480,8.7,8.49,2294306,7.77,57.8,57.8,1486132200.0,1785873600,Basic Materials,Coking Coal,NMS
3093,CBIO,"Crescent Biopharma, Inc.",553859264,14.91,14.12,347149,8.72,27.41,2605.0,1389364200.0,0,Healthcare,Biotechnology,NCM
3094,IIIV,"i3 Verticals, Inc.",555660224,15.975,15.46,313504,13.63,33.97,37.85,1529587800.0,1786046400,Technology,Software - Infrastructure,NMS
3095,SD,"SandRidge Energy, Inc.",513122112,13.84,14.07,243939,11.2,18.45,29.28,1475587800.0,1785960000,Energy,Oil & Gas E&P,NYQ
3096,FWRD,Forward Air Corporation,528332736,15.64,16.32,414401,7.86,31.18,125.71,753460200.0,1785960000,Industrials,Integrated Freight & Logistics,NMS
3097,MASS,908 Devices Inc.,498071136,12.05,11.55,323080,5.025,13.348,79.6,1608301800.0,1786451400,Healthcare,Medical Devices,NGM
3098,BGY,BlackRock Enhanced International Dividend Trust,519220832,5.73,5.63,605670,5.19,6.23,20.22,1180099800.0,0,Financial Services,Asset Management,NYQ
3099,LOT,Lotus Technology Inc.,443898592,0.6862,0.7601,131808,0.68,2.11,17.99,1620307800.0,1787833800,Consumer Cyclical,Auto Manufacturers,NMS
3100,ESEA,Euroseas Ltd.,502625312,71.24,73.41,35765,51.0,79.67,1400.8137,1146835800.0,1786624200,Industrials,Marine Shipping,NCM
3101,MAX,"MediaAlpha, Inc.",534524928,10.09,10.68,1002914,7.09,14.7,70.333,1603891800.0,1785355200,Communication Services,Internet Content & Information,NYQ
3102,ALLO,"Allogene Therapeutics, Inc.",504416704,1.46,1.4,10599514,1.04,4.46,55.0,1539264600.0,1786564800,Healthcare,Biotechnology,NMS
3103,IIM,Invesco Value Municipal Income Trust,511052768,10.85,10.76,276319,10.27,13.17,17.92,730132200.0,0,Financial Services,Asset Management,NYQ
3104,ONT,"Onterris, Inc.",484971648,13.81,13.71,870192,12.26,30.9,80.42,1595511000.0,1785960000,Industrials,Waste Management,NYQ
3105,FBRT,"Franklin BSP Realty Trust, Inc.",514051136,6.19,6.26,938725,6.03,10.88,17.74,1634650200.0,1793217600,Real Estate,REIT - Mortgage,NYQ
3106,WTBA,"West Bancorporation, Inc.",483531040,28.37,28.78,60291,19.03,30.5,34.5,925738200.0,1793277000,Financial Services,Banks - Regional,NMS
3107,OBT,"Orange County Bancorp, Inc.",495156064,36.93,37.25,86507,23.25,40.1,40.1,1066224600.0,0,Financial Services,Banks - Regional,NCM
3108,AII,"American Integrity Insurance Group, Inc.",524562656,26.77,26.97,99900,16.19,27.4,27.0,1746711000.0,1786478400,Financial Services,Insurance - Property & Casualty,NYQ
3109,CARS,Cars.com Inc.,519802624,9.71,9.74,501372,7.4,13.69,32.94,1496323800.0,1786019400,Communication Services,Internet Content & Information,NYQ
3110,OIS,"Oil States International, Inc.",492835808,8.17,8.2,748694,5.5,14.5,65.77,981729000.0,1785414600,Energy,Oil & Gas Equipment & Services,NYQ
3111,TCMD,"Tactile Systems Technology, Inc.",508317312,22.44,22.12,136695,14.0,37.77,76.63,1469712600.0,1786392000,Healthcare,Medical Devices,NGM
3112,ETO,Eaton Vance Tax-Advantaged Global Dividend Opportunities Fund,498199392,30.4,30.2,11162,25.68,32.35,36.23,1085578200.0,0,Financial Services,Asset Management,NYQ
3113,NWAX,New America Acquisition I Corp.,500240992,10.045,10.04,134772,9.675,10.39,10.39,1769437800.0,0,Financial Services,Shell Companies,NYQ
3114,BBCP,"Concrete Pumping Holdings, Inc.",471682400,9.36,9.42,116179,5.555,12.19,15.25,1503322200.0,1788465600,Industrials,Engineering & Construction,NCM
3115,RGNX,REGENXBIO Inc.,532726432,8.07,8.09,859079,5.455,16.19,85.1,1442496600.0,1786019400,Healthcare,Biotechnology,NMS
3116,AAC,Ares Acquisition Corporation III,497646816,10.07,10.06,5580,9.95,10.2,10.2,1787837400.0,0,Financial Services,Shell Companies,NYQ
3117,YORW,The York Water Company,504059712,31.06,30.97,142205,28.26,34.81,53.77,925738200.0,1786042800,Utilities,Utilities - Regulated Water,NMS
3118,WRN,Western Copper and Gold Corporation,474968384,2.1,2.04,670974,1.86,4.26,4.49,1148045400.0,0,Basic Materials,Other Industrial Metals & Mining,ASE
3119,XRN,Chiron Real Estate Inc.,486387104,33.59,34.1,81465,29.05,38.65,92.55,1467293400.0,1785960000,Real Estate,REIT - Healthcare Facilities,NYQ
3120,AUXX,Gold X2 Mining Inc.,490746304,4.85,4.63,7970,4.32,8.14,8.14,1788874200.0,0,Basic Materials,Gold,ASE
3121,PBYI,"Puma Biotechnology, Inc.",531170464,10.29,9.97,302910,4.58,10.35,279.37,1335274200.0,1786046400,Healthcare,Biotechnology,NMS
3122,PBAM,"Private Bancorp of America, Inc.",488115584,85.25,85.43,74970,54.45,92.09,92.09,1329921000.0,0,Financial Services,Banks - Regional,NMS
3123,NMCO,Nuveen Municipal Credit Opportunities Fund,498577472,8.7,8.51,574693,8.33,11.0,17.31,1568727000.0,0,Financial Services,Asset Management,NYQ
3124,CMCO,Columbus McKinnon Corporation,461539264,15.99,15.98,298293,11.99,24.4,57.06,825085800.0,1785414600,Industrials,Farm & Heavy Construction Machinery,NMS
3125,NEXN,Nexxen International Ltd.,509715296,8.95,9.06,238297,5.6,11.3,23.76,1624023000.0,1786537800,Communication Services,Advertising Agencies,NGM
3126,PDLB,"Ponce Financial Group, Inc.",484967392,20.05,20.19,44696,13.91,21.1,21.1,1506951000.0,1785155400,Financial Services,Banks - Regional,NGM
3127,COFS,"ChoiceOne Financial Services, Inc.",485755296,32.48,33.02,75360,26.1,35.4,38.15,993130200.0,1793363400,Financial Services,Banks - Regional,NCM
3128,FVR,"FrontView REIT, Inc.",501698816,16.6,16.66,180499,12.885,22.29,22.29,1727875800.0,1786019400,Real Estate,REIT - Diversified,NYQ
3129,THW,Abrdn World Healthcare Fund,495667840,12.28,12.01,109056,11.18,14.5,20.25,1435325400.0,0,Financial Services,Asset Management,NYQ
3130,MTLS,Materialise NV,477845600,8.3,8.4,346003,4.78,8.82,87.4,1403703000.0,1787833800,Technology,Software - Application,NMS
3131,CWCO,Consolidated Water Co. Ltd.,489673408,30.58,30.325,104783,27.23,39.12,39.12,791044200.0,1786392000,Utilities,Utilities - Regulated Water,NMS
3132,ASPN,"Aspen Aerogels, Inc.",468886624,5.65,5.63,593756,2.3,9.348,65.986,1402666200.0,1786019400,Basic Materials,Specialty Chemicals,NYQ
3133,MLAA,Mountain Lake Acquisition Corp. II,490289824,10.01,10.01,431935,9.4,11.2,11.2,1773927000.0,0,Financial Services,Shell Companies,NGM
3134,FMAO,"Farmers & Merchants Bancorp, Inc.",475862752,34.55,35.06,22355,22.77,36.12,49.99,1138631400.0,1785182400,Financial Services,Banks - Regional,NCM
3135,MMU,Western Asset Managed Municipals Fund Inc.,500443616,9.21,8.95,411467,8.71,10.71,16.42,711379800.0,0,Financial Services,Asset Management,NYQ
3136,EOLS,"Evolus, Inc.",510569888,7.73,7.8,430113,3.86,9.31,39.5,1518100200.0,1785960000,Healthcare,Drug Manufacturers - Specialty & Generic,NGM
3137,GLAS,Glass House Brands Inc.,401473088,4.26,4.41,1832640,4.15,13.93,13.99,1563456600.0,1786651200,Healthcare,Drug Manufacturers - Specialty & Generic,NYQ
3138,WEYS,"Weyco Group, Inc.",491493568,51.46,52.02,21377,27.25,52.48,52.48,322151400.0,1793736000,Consumer Cyclical,Footwear & Accessories,NMS
3139,OLP,"One Liberty Properties, Inc.",480933952,21.96,22.01,45894,19.62,25.88,36.6,420125400.0,1785960000,Real Estate,REIT - Diversified,NYQ
3140,KRSP,Rice Acquisition Corporation 3,486247456,10.57,10.57,63,10.21,11.89,11.89,1763994600.0,0,Financial Services,Shell Companies,NYQ
3141,KRUS,"Kura Sushi USA, Inc.",492432832,40.53,39.93,158475,33.968,80.84,122.81,1564666200.0,0,Consumer Cyclical,Restaurants,NGM
3142,AUTL,Autolus Therapeutics plc,481754176,1.81,1.77,1475998,1.175,2.58,53.24,1529674200.0,1786451400,Healthcare,Biotechnology,NMS
3143,CMCL,Caledonia Mining Corporation Plc,459208160,23.75,24.41,433859,15.85,38.75,481.25,469722600.0,1786365000,Basic Materials,Gold,ASE
3144,BTQ,BTQ Technologies Corp.,394176224,2.68,2.79,1910520,2.09,13.85,16.0,1758893400.0,0,Technology,Software - Infrastructure,NGM
3145,QUAD,"Quad/Graphics, Inc.",480648576,9.34,9.49,182371,5.12,11.15,49.85,1278423000.0,1793217600,Industrials,Specialty Business Services,NYQ
3146,NRDY,Nerdy Inc.,473831520,6.56,6.79,10747,6.44,22.35,202.35,1606487400.0,1786046400,Technology,Software - Application,NYQ
3147,JKS,"JinkoSolar Holding Co., Ltd.",465047264,8.88,8.66,450996,8.45,31.88,90.2,1273843800.0,1787747400,Technology,Solar,NYQ
3148,DRUG,Bright Minds Biosciences Inc.,533152480,54.05,52.0,98412,47.23,123.75,123.75,1616419800.0,0,Healthcare,Biotechnology,NCM
3149,GLRE,"Greenlight Capital Re, Ltd.",481786240,14.76,14.97,127962,11.57,19.39,35.18,1180013400.0,1785873600,Financial Services,Insurance - Reinsurance,NMS
3150,BWAY,BrainsWay Ltd.,473777696,11.77,11.47,104053,7.135,17.4,17.4,1555507800.0,1786537800,Healthcare,Medical Devices,NGM
3151,ILPT,Industrial Logistics Properties Trust,476565568,7.14,7.19,186756,4.92,9.43,28.66,1515767400.0,1793217600,Real Estate,REIT - Industrial,NMS
3152,BRTM,B&R Technology Merger Corp.,478690208,9.79,9.79,1254949,9.78,10.25,10.25,1789047000.0,0,Financial Services,Shell Companies,NGM
3153,GTN,"Gray Media, Inc.",467549088,4.54,4.83,978778,3.55,6.44,25.31,1030714200.0,1793968200,Communication Services,Broadcasting,NYQ
3154,IGD,Voya Global Equity Dividend and Premium Opportunity Fund,497660320,6.31,6.26,888283,5.58,6.74,23.94,1112106600.0,0,Financial Services,Asset Management,NYQ
3155,OWLS,Obook Holdings Inc.,473467072,5.36,5.39,20189,4.765,90.0,90.0,1760621400.0,1787342400,Technology,Software - Infrastructure,NGM
3156,FPI,Farmland Partners Inc.,459881536,10.47,10.49,488639,9.21,13.225,16.43,1397223000.0,1785355200,Real Estate,REIT - Specialty,NYQ
3157,VGM,Invesco Trust for Investment Grade Municipals,484291488,8.93,8.73,344946,8.39,10.66,17.75,698509800.0,0,Financial Services,Asset Management,NYQ
3158,SGHT,"Sight Sciences, Inc.",489732256,8.89,8.47,289456,3.215,9.713,42.57,1626355800.0,1785960000,Healthcare,Medical Devices,NMS
3159,BRSP,"BrightSpire Capital, Inc.",482057088,3.81,3.9,1585513,3.725,6.165,23.23,1517495400.0,1793131200,Real Estate,REIT - Mortgage,NYQ
3160,ARKO,Arko Corp.,461083328,4.11,4.12,895744,3.77,8.755,16.91,1563888600.0,1786105800,Consumer Cyclical,Specialty Retail,NCM
3161,ARVN,"Arvinas, Inc.",492941952,7.64,7.51,559997,6.97,14.51,108.47,1538055000.0,1785846600,Healthcare,Biotechnology,NMS
3162,CCOI,"Cogent Communications Holdings, Inc.",437382368,8.54,9.56,1380251,7.13,45.69,110.0,1012919400.0,1786019400,Communication Services,Telecom Services,NMS
3163,BDN,Brandywine Realty Trust,462878592,2.68,2.74,2202563,2.47,3.89,37.05,522595800.0,1792612800,Real Estate,REIT - Office,NYQ
3164,CLB,Core Laboratories Inc.,462975040,10.09,10.16,370379,9.63,20.36,221.0,811690200.0,1793217600,Energy,Oil & Gas Equipment & Services,NYQ
3165,CERS,Cerus Corporation,463507264,2.3,2.28,787963,1.38,3.47,81.875,854721000.0,1785441600,Healthcare,Medical Devices,NGM
3166,ENRD,Einride AB,479011328,3.36,3.4,25390,2.87,34.0,34.0,1781098200.0,1787056200,Technology,Software - Application,NGM
3167,CRAN,Crane Harbor Acquisition Corp. II,473690016,10.1,10.1,10,9.13,10.21,10.21,1768228200.0,0,Financial Services,Shell Companies,NGM
3168,MCFT,"MasterCraft Boat Holdings, Inc.",471210272,19.36,19.5,132724,17.19,28.44,39.5,1437139800.0,1789043400,Consumer Cyclical,Recreational Vehicles,NGM
3169,HBB,Hamilton Beach Brands Holding Company,467255424,34.76,35.0,45327,13.75,39.99,41.0,1506432600.0,1785960000,Consumer Cyclical,"Furnishings, Fixtures & Appliances",NYQ
3170,CIX,CompX International Inc.,484337120,39.26,39.48,9284,20.29,40.29,40.29,889194600.0,1785873600,Industrials,Security & Protection Services,ASE
3171,CTNM,"Contineum Therapeutics, Inc.",503370752,13.38,13.18,885588,8.6,17.785,22.0,1712323800.0,1785441600,Healthcare,Biotechnology,NMS
3172,GRVY,"Gravity Co., Ltd.",464672960,66.87,67.18,10981,54.54,76.0,239.9,1107873000.0,1786105800,Communication Services,Electronic Gaming & Multimedia,NGM
3173,TKNO,"Alpha Teknova, Inc.",474604128,8.84,8.44,195277,1.91,9.48,30.89,1624627800.0,1785960000,Healthcare,Drug Manufacturers - Specialty & Generic,NGM
3174,GTEN,"Gores Holdings X, Inc.",469726560,10.421,10.42,5141,10.21,10.99,10.99,1750685400.0,0,Financial Services,Shell Companies,NGM
3175,KMDA,Kamada Ltd.,466299264,8.08,7.775,72765,6.55,9.35,17.95,1370007000.0,1786537800,Healthcare,Drug Manufacturers - Specialty & Generic,NMS
3176,JOUT,Johnson Outdoors Inc.,448110656,42.76,44.07,23620,35.65,53.54,154.18,560784600.0,1786105800,Consumer Cyclical,Leisure,NMS
3177,DPG,Duff & Phelps Utility and Infrastructure Fund Inc.,468322272,13.01,12.91,111039,12.53,15.15,22.8,1312205400.0,0,Financial Services,Asset Management,NYQ
3178,GCGR,General Catalyst Global Resilience Merger Corp.,467866688,10.13,10.13,6,9.96,10.22,10.22,1782135000.0,0,Financial Services,Shell Companies,NGM
3179,FTHY,First Trust High Yield Opportunities 2027 Term Fund,471429696,12.82,12.72,68097,12.54,14.42,21.8,1593178200.0,0,Financial Services,Asset Management,NYQ
3180,OVID,Ovid Therapeutics Inc.,480432736,2.46,2.34,1406675,1.18,3.105,15.929,1493991000.0,1786624200,Healthcare,Biotechnology,NCM
3181,MFI,mF International Limited,451588352,9.0,9.3,1529,5.555,43.58,115.92,1713792600.0,0,Technology,Software - Application,NCM
3182,SPCE,"Virgin Galactic Holdings, Inc.",430532352,2.84,2.94,5403085,2.13,8.9,1256.0,1506691800.0,1786564800,Industrials,Aerospace & Defense,NYQ
3183,APXT,Apex Treasury Corporation,466723776,10.155,10.1599,779,9.87,10.19,10.19,1763389800.0,0,Financial Services,Shell Companies,NGM
3184,TRTX,"TPG RE Finance Trust, Inc.",450634080,5.87,5.97,853288,5.82,9.37,21.3,1500557400.0,1785268800,Real Estate,REIT - Mortgage,NYQ
3185,LXFR,Luxfer Holdings PLC,465362816,17.24,17.23,1013033,11.26,19.45,28.06,1349271000.0,1785268800,Industrials,Specialty Industrial Machinery,NYQ
3186,ASTL,Algoma Steel Group Inc.,454344352,4.3,4.18,344518,3.16,5.9,13.65,1614868200.0,1785355200,Basic Materials,Steel,NGM
3187,RYAM,Rayonier Advanced Materials Inc.,474862336,7.02,6.93,833411,5.38,11.85,44.18,1402925400.0,1785873600,Basic Materials,Chemicals,NYQ
3188,BLW,BlackRock Limited Duration Income Trust,463323936,11.85,11.78,145955,11.43,14.1,21.51,1059485400.0,0,Financial Services,Asset Management,NYQ
3189,GUG,Guggenheim Active Allocation Fund,461061568,13.98,13.87,70278,13.65,16.46,20.28,1637764200.0,0,Financial Services,Asset Management,NYQ
3190,CZNC,Citizens & Northern Corporation,447295616,24.94,25.27,59161,18.87,26.37,36.406837,765552600.0,0,Financial Services,Banks - Regional,NCM
3191,BCCQ,Bleichroeder Acquisition Corp. III,457700000,9.95,9.945,663,9.71,10.12,10.12,1785763800.0,0,Financial Services,Shell Companies,NGM
3192,IFN,"Aberdeen India Fund, Inc.",450415904,10.4,10.28,168906,10.13,15.47,71.54,761322600.0,0,Financial Services,Asset Management,NYQ
3193,TWI,"Titan International, Inc.",448569344,6.95,6.82,619360,6.37,11.7,37.992,737904600.0,1793277000,Industrials,Farm & Heavy Construction Machinery,NYQ
3194,SMC,Summit Midstream Corporation,440386592,31.95,32.69,76517,19.83,36.47,847.35,1348839000.0,1786392000,Energy,Oil & Gas Midstream,NYQ
3195,EIM,Eaton Vance Municipal Bond Fund,454133792,8.84,8.72,207257,8.64,10.06,16.18,1030541400.0,0,Financial Services,Asset Management,ASE
3196,CLFD,"Clearfield, Inc.",461990272,34.01,33.14,139295,23.76,52.73,134.9,523719000.0,1785960000,Technology,Communication Equipment,NGM
3197,ETB,Eaton Vance Tax-Managed Buy-Write Income Fund,458833056,15.62,15.46,82285,13.86,15.82,21.76,1114608600.0,0,Financial Services,Asset Management,NYQ
3198,TECX,"Tectonic Therapeutic, Inc.",456086720,23.33,22.75,110701,15.45,39.53,644.4,1529587800.0,0,Healthcare,Biotechnology,NGM
3199,DDL,Dingdong (Cayman) Limited,470112832,2.15,2.06,370609,1.65,3.41,46.0,1624973400.0,1787229000,Consumer Defensive,Grocery Stores,NYQ
3200,IPI,"Intrepid Potash, Inc.",437476448,32.51,33.05,167141,22.55,50.34,762.4,1208871000.0,1785873600,Basic Materials,Agricultural Inputs,NYQ
3201,AMCX,AMC Global Media Inc.,445912224,10.81,10.94,362474,6.47,12.93,87.18,1308231000.0,1785414600,Communication Services,Entertainment,NMS
3202,ALTI,"AlTi Global, Inc.",407012320,2.61,2.69,92805,2.555,5.445,28.49,1619530200.0,1786392000,Financial Services,Asset Management,NCM
3203,ULH,"Universal Logistics Holdings, Inc.",457481408,17.35,17.36,132009,11.73,25.8,53.29,1108132200.0,1785528000,Industrials,Trucking,NMS
3204,NMAI,Nuveen Multi-Asset Income Fund,462945216,13.85,13.62,42146,11.99,15.06,20.0,1637591400.0,0,Financial Services,Asset Management,NYQ
3205,ASMB,"Assembly Biosciences, Inc.",479084832,23.53,22.82,170489,21.8,39.71,1260.0,1292596200.0,0,Healthcare,Biotechnology,NMS
3206,GHXI,"Gores Holdings XI, Inc.",450299232,9.99,9.9901,51807,9.94,10.88,10.88,1786627800.0,0,Financial Services,Shell Companies,NGM
3207,MBUU,"Malibu Boats, Inc.",425827968,21.64,22.02,209231,21.6,34.97,93.0,1391178600.0,1787833800,Consumer Cyclical,Recreational Vehicles,NGM
3208,ASIX,AdvanSix Inc.,438499264,16.24,16.7,242716,14.1,26.73,57.1,1473946200.0,1793795400,Basic Materials,Chemicals,NYQ
3209,ENTX,Entera Bio Ltd.,462399168,2.66,2.5,1583953,0.91,4.2,10.16,1530192600.0,0,Healthcare,Biotechnology,NCM
3210,CAPR,"Capricor Therapeutics, Inc.",455228256,7.83,8.01,1692500,2.96,40.37,3500.0,1171377000.0,1786651200,Healthcare,Biotechnology,NMS
3211,URG,Ur-Energy Inc.,401842336,1.01,1.01,4975892,0.99,2.35,3.37,1216992600.0,1786392000,Energy,Uranium,ASE
3212,DMAC,DiaMedica Therapeutics Inc.,449201056,8.33,8.01,170151,5.245,10.4195,44.94,1344000600.0,1786392000,Healthcare,Biotechnology,NCM
3213,FFA,First Trust Enhanced Equity Income Fund,451930624,22.61,22.35,21958,19.5,23.82,23.82,1093613400.0,0,Financial Services,Asset Management,NYQ
3214,MCTA,Charming Medical Limited,445550176,29.355,29.355,0,4.3,31.7,31.7,1761053400.0,0,Healthcare,Medical Care Facilities,NCM
3215,ACIC,American Coastal Insurance Corporation,462295840,9.78,9.83,174150,9.01,13.06,28.43,1194445800.0,1785960000,Financial Services,Insurance - Property & Casualty,NCM
3216,NRC,NRC Health,449690784,20.33,20.42,52562,11.014,23.68,71.353,1369315800.0,1793131200,Healthcare,Health Information Services,NMS
3217,ORBS,Eightco Holdings Inc.,361013024,0.84,0.9128,27186834,0.566,10.24,4537.5,1652880600.0,0,Consumer Cyclical,Packaging & Containers,NCM
3218,NPCE,"NeuroPace, Inc.",434888544,12.67,12.39,72536,9.22,19.6,27.38,1619098200.0,1786478400,Healthcare,Medical Devices,NGM
3219,GHY,"PGIM Global High Yield Fund, Inc",446885824,10.91,10.86,85882,10.66,12.96,20.25,1356359400.0,0,Financial Services,Asset Management,NYQ
3220,KBON,Karbon Capital Partners Corp.,445431808,10.12,10.12,90538,10.02,10.15,10.15,1769524200.0,0,Financial Services,Shell Companies,NGM
3221,VVR,Invesco Senior Income Trust,440225568,2.86,2.87,604843,2.84,3.38,10.4375,898695000.0,0,Financial Services,Asset Management,NYQ
3222,IEAG,Infinite Eagle Acquisition Corp.,441292800,10.14,10.16,55816,9.97,10.3,10.3,1773149400.0,0,Financial Services,Shell Companies,NGM
3223,RBB,RBB Bancorp,430003808,25.42,25.88,85084,16.74,28.24,33.62,1501075800.0,1792440000,Financial Services,Banks - Regional,NMS
3224,BMRC,Bank of Marin Bancorp,431900608,26.67,27.14,84216,22.5,30.92,47.77,945959400.0,1793017800,Financial Services,Banks - Regional,NMS
3225,SPNV,N/A,0,0.0,0.0,0,0.0,0.0,0.0,0.0,0,N/A,N/A,
3226,ASPI,ASP Isotopes Inc.,406269856,2.65,2.83,3791573,2.51,14.49,14.49,1668090600.0,0,Basic Materials,Specialty Chemicals,NCM
3227,TRC,Tejon Ranch Co.,441800608,16.35,16.4,50556,15.31,21.31,59.06227,322151400.0,1786019400,Industrials,Conglomerates,NYQ
3228,SCGX,"Saxon Capital Group, Inc.",441765312,9.0,9.0,32,3.04,9.5,3425.0,1144675800.0,0,Financial Services,Shell Companies,OID
3229,MBVI,M3-Brigade Acquisition Vi Corp.,442462496,10.26,10.24,25423,9.99,10.5,10.5,1760707800.0,0,Financial Services,Shell Companies,NGM
3230,IDR,"Idaho Strategic Resources, Inc.",376504608,23.79,26.31,1098663,22.46,54.7,54.7,941031000.0,1786624200,Basic Materials,Gold,ASE
3231,VCV,Invesco California Value Municipal Income Trust,438595168,8.93,8.81,291571,8.7,11.38,17.35,739719000.0,0,Financial Services,Asset Management,NYQ
3232,LOCO,"El Pollo Loco Holdings, Inc.",463189280,15.22,14.94,221279,8.985,17.4,41.7,1406295000.0,1786046400,Consumer Cyclical,Restaurants,NMS
3233,RLGT,"Radiant Logistics, Inc.",431896256,9.21,9.43,105683,5.86,10.2,10.2,1162391400.0,1789416000,Industrials,Integrated Freight & Logistics,ASE
3234,AMSF,"AMERISAFE, Inc.",452465184,24.41,24.74,331814,23.2,42.22,80.65,1132324200.0,1793217600,Financial Services,Insurance - Specialty,NMS
3235,ATNI,"ATN International, Inc.",392631552,25.49,28.41,132744,14.0,33.41,88.78,690129000.0,1785960000,Communication Services,Telecom Services,NMS
3236,BGR,BlackRock Energy and Resources Trust,450828768,17.71,17.55,133520,12.92,17.92,37.57,1103812200.0,0,Financial Services,Asset Management,NYQ
3237,IACO,Idea Acquisition Corp.,437062496,9.99,9.99,14,9.78,10.01,10.01,1775482200.0,0,Financial Services,Shell Companies,NGM
3238,TATT,TAT Technologies Ltd.,440506848,33.89,32.97,155218,31.52,64.5,64.5,544199400.0,1785933000,Industrials,Aerospace & Defense,NGM
3239,NGS,"Natural Gas Services Group, Inc.",426933216,33.1,33.18,61009,25.53,44.61,44.61,1035293400.0,1786392000,Energy,Oil & Gas Equipment & Services,NYQ
3240,MRAM,"Everspin Technologies, Inc.",400557664,16.45,16.55,448924,7.35,51.5,51.5,1475847000.0,1785960000,Technology,Semiconductors,NGM
3241,MESH,Meshflow Acquisition Corp.,435131264,10.09,10.09,10,9.87,10.13,10.13,1769783400.0,0,Financial Services,Shell Companies,NGM
3242,DBCA,D. Boral Acquisition I Corp.,434012416,10.03,10.02,186,9.83,10.1,10.1,1772029800.0,0,Financial Services,Shell Companies,NGM
3243,VRRM,Verra Mobility Corporation,446829440,2.94,2.92,4862131,2.77,25.449,31.03,1490362200.0,1785960000,Technology,Information Technology Services,NCM
3244,HVT,"Haverty Furniture Companies, Inc.",425082240,27.26,27.51,72379,19.89,29.83,52.84,322151400.0,1785846600,Consumer Cyclical,Home Improvement Retail,NYQ
3245,ECC,Eagle Point Credit Company,411003200,3.09,3.1,963170,3.05,6.786,22.106,1412775000.0,0,Financial Services,Asset Management,NYQ
3246,CBAN,"Colony Bankcorp, Inc.",423793408,19.97,20.31,113381,15.8,22.46,34.0,891527400.0,1793217600,Financial Services,Banks - Regional,NYQ
3247,ALIT,"Alight, Inc.",439132096,9.36,9.76,415001,8.51,64.0,290.2,1594992600.0,1785873600,Technology,Software - Application,NYQ
3248,CBK,"Commercial Bancgroup, Inc.",423232224,30.89,31.53,31255,23.235,35.78,35.78,1759411800.0,1793044800,Financial Services,Banks - Regional,NCM
3249,RWT,"Redwood Trust, Inc.",398191424,3.17,3.33,2645463,3.17,6.97,66.68,807543000.0,1785241800,Real Estate,REIT - Mortgage,NYQ
3250,KRAQ,KRAKacquisition Corp.,432543744,10.03,10.035,1609,9.78,10.44,10.44,1774013400.0,0,Financial Services,Shell Companies,NGM
3251,MNRO,"Monro, Inc.",424253280,13.57,13.74,487817,11.06,23.91,89.72,680880600.0,1785328200,Consumer Cyclical,Auto Parts,NMS
3252,PLBC,Plumas Bancorp,424221600,60.96,61.77,35931,39.8,64.0,64.0,1039617000.0,1792585800,Financial Services,Banks - Regional,NCM
3253,EDIT,"Editas Medicine, Inc.",445382112,2.9,2.84,3087035,1.66,4.33,99.95,1454509800.0,1785960000,Healthcare,Biotechnology,NMS
3254,SPIR,"Spire Global, Inc.",401711552,10.27,10.38,271042,6.6,25.93,156.0,1604413800.0,1786564800,Industrials,Specialty Business Services,NYQ
3255,EVH,"Evolent Health, Inc.",456759712,4.04,3.96,1068782,2.095,8.33,39.779,1433511000.0,1793881800,Healthcare,Health Information Services,NYQ
3256,GNE,Genie Energy Ltd.,437695328,16.63,16.78,31968,12.69,16.867,30.9,1319635800.0,1786019400,Utilities,Utilities - Regulated Electric,NYQ
3257,CAL,"Caleres, Inc.",417165152,12.09,12.43,253020,8.8,15.04,44.51,322151400.0,1788957000,Consumer Cyclical,Apparel Retail,NYQ
3258,PBFS,"Pioneer Bancorp, Inc.",420727648,17.4,17.62,8083,12.64,19.91,19.91,1563456600.0,0,Financial Services,Banks - Regional,NCM
3259,SGU,"Star Group, L.P.",426217696,12.99,12.99,13980,11.39,13.53,25.79,819037800.0,1785960000,Energy,Oil & Gas Refining & Marketing,NYQ
3260,SPRY,"ARS Pharmaceuticals, Inc.",420662272,4.23,4.56,1258193,3.985,13.15,63.41,1607092200.0,1786651200,Healthcare,Biotechnology,NGM
3261,IMSR,Terrestrial Energy Inc.,347467648,3.28,3.4,1827733,3.225,31.5,31.5,1728567000.0,1786451400,Utilities,Utilities - Regulated Electric,NMS
3262,XIII,Churchill Capital Corp XIII,428076000,10.34,10.22,206,10.01,11.25,11.25,1789738200.0,0,Financial Services,Shell Companies,NGM
3263,FBYD,"Falcon's Beyond Global, Inc.",431818656,8.91,8.81,73811,3.71,29.02,36.666668,1696599000.0,1786624200,Industrials,Conglomerates,NGM
3264,VHI,"Valhi, Inc.",402444128,14.21,14.91,9096,11.44,19.19,260.28,322151400.0,1786046400,Basic Materials,Chemicals,NYQ
3265,GLAD,Gladstone Capital Corporation,424975584,18.81,18.99,98389,16.54,21.73,52.9,1028295000.0,1785873600,Financial Services,Asset Management,NMS
3266,ACTG,Acacia Research Corporation,421575040,4.32,4.39,79978,3.24,5.27,47.24,1040049000.0,1785933000,Industrials,Business Equipment & Supplies,NMS
3267,KIO,KKR Income Opportunities Fund,415589568,10.14,10.0785,186442,10.06,12.35,19.9,1374845400.0,0,Financial Services,Asset Management,NYQ
3268,SLI,Standard Lithium Ltd.,389918976,1.58,1.61,1656654,1.58,6.4,12.92,1520346600.0,1786365000,Basic Materials,Other Industrial Metals & Mining,ASE
3269,MEC,"Mayville Engineering Company, Inc.",385310016,15.11,15.27,201315,12.25,38.76,38.76,1557408600.0,1785873600,Industrials,Metal Fabrication,NYQ
3270,NPFD,Nuveen Variable Rate Preferred & Income Fund,429155136,17.76,17.56,69319,16.89,20.1,26.88,1639665000.0,0,Financial Services,Asset Management,NYQ
3271,AGMB,AgomAb Therapeutics NV,447171616,9.08,9.22,102086,7.97,17.82,17.82,1770388200.0,0,Healthcare,Biotechnology,NMS
3272,FOSL,"Fossil Group, Inc.",422837088,7.15,7.0,629700,1.7,7.33,139.2,734275800.0,1786564800,Consumer Cyclical,Footwear & Accessories,NMS
3273,SRTA,"Strata Critical Medical, Inc.",400754656,4.53,4.47,623107,3.95,6.5,19.88,1572964200.0,1785846600,Healthcare,Medical Care Facilities,NCM
3274,LAND,Gladstone Land Corporation,408934688,9.48,9.53,392069,7.92,13.0,42.1,1359469800.0,1786478400,Real Estate,REIT - Specialty,NGM
3275,ADUR,Aduro Clean Technologies Inc.,393776416,11.11,11.18,263795,9.0,18.19,18.19,1723728600.0,1788265800,Industrials,Pollution & Treatment Controls,NCM
3276,CDRO,"Codere Online Luxembourg, S.A.",433100928,9.525,9.485,8265,5.18,10.26,11.02,1611757800.0,1785414600,Consumer Cyclical,Gambling,NCM
3277,KFII,K&F Growth Acquisition Corp. II,419647264,10.69,10.71,2017,10.25,10.71,10.71,1741872600.0,0,Financial Services,Shell Companies,NCM
3278,MAGN,Magnera Corporation,412276704,11.5,11.65,205845,7.82,15.52,416.0,322151400.0,1786019400,Consumer Defensive,Household & Personal Products,NYQ
3279,NXG,NXG NextGen Infrastructure Income Fund,415073984,56.61,56.03,26416,47.1,65.78,120.08,1348666200.0,0,Financial Services,Asset Management,NYQ
3280,EVGO,"EVgo, Inc.",383709184,1.22,1.27,2872729,1.22,4.82,24.34,1605882600.0,1785933000,Consumer Cyclical,Specialty Retail,NMS
3281,SERV,Serve Robotics Inc.,377177632,4.35,4.45,2176230,4.17,18.64,30.0,1709908200.0,1786046400,Industrials,Integrated Freight & Logistics,NCM
3282,NATH,"Nathan's Famous, Inc.",417018944,101.77,101.75,22351,88.67,111.39,118.5,730737000.0,1793968200,Consumer Cyclical,Restaurants,NMS
3283,EIKN,"Eikon Therapeutics, Inc.",404612768,7.47,7.5,288679,7.02,17.4,17.4,1770301800.0,1786651200,Healthcare,Biotechnology,NMS
3284,PRTA,Prothena Corporation plc,453818880,8.84,8.61,931619,7.73,11.8,79.749,1355841000.0,1786046400,Healthcare,Biotechnology,NMS
3285,PHOE,Phoenix Asia Holdings Limited,378216000,17.51,18.05,1883,9.76,133.12,133.12,1745587800.0,0,Industrials,Engineering & Construction,NCM
3286,TWIN,"Twin Disc, Incorporated",381791936,26.26,26.02,47630,14.11,29.24,47.39,322151400.0,1787229000,Industrials,Specialty Industrial Machinery,NMS
3287,USCB,"USCB Financial Holdings, Inc.",407177344,22.04,22.13,45578,16.36,23.886,23.886,1627047000.0,1792699200,Financial Services,Banks - Regional,NGM
3288,CTRN,"Citi Trends, Inc.",429898496,51.55,50.81,79860,34.43,77.91,111.44,1116423000.0,1787661000,Consumer Cyclical,Apparel Retail,NMS
3289,ALLT,Allot Ltd.,413652992,8.39,8.08,212289,6.12,11.92,29.05,1163687400.0,1786537800,Technology,Software - Infrastructure,NMS
3290,AVBC,"Avidia Bancorp, Inc.",404341120,21.89,22.02,102947,14.31,22.897,22.897,1754055000.0,0,Financial Services,Banks - Regional,NYQ
3291,CARL,"Carlsmed, Inc.",393705568,14.42,14.05,64497,8.5,17.23,17.23,1753277400.0,1785960000,Healthcare,Health Information Services,NMS
3292,CLBR,Colombier Acquisition Corp. III,407369696,10.18,10.2,205281,10.01,10.4,10.4,1774618200.0,0,Financial Services,Shell Companies,NYQ
3293,RZLT,"Rezolute, Inc.",471037760,4.87,4.64,1871841,1.07,11.457,750.0,1358173800.0,1790280000,Healthcare,Biotechnology,NCM
3294,MYGN,"Myriad Genetics, Inc.",412249984,4.31,4.2,1367437,2.74,8.59,69.0,812986200.0,1785441600,Healthcare,Diagnostics & Research,NMS
3295,ACCO,Acco Brands Corporation,414460960,4.49,4.46,412146,2.81,4.56,28.58,1124285400.0,1785441600,Industrials,Business Equipment & Supplies,NYQ
3296,NPAC,New Providence Acquisition Corp. III,403103648,10.5,10.5,1650372,10.21,10.54,10.55,1750080600.0,0,Financial Services,Shell Companies,NGM
3297,AVIR,"Atea Pharmaceuticals, Inc.",413054208,5.15,5.155,157967,2.87,6.45,94.174,1604064600.0,1786564800,Healthcare,Biotechnology,NMS
3298,ISTR,Investar Holding Corporation,397053888,28.82,29.06,65034,21.43,31.77,31.77,1404221400.0,1784550600,Financial Services,Banks - Regional,NGM
3299,LSAK,"Lesaka Technologies, Inc.",401519264,4.68,4.72,212456,3.62,5.54,64.2,924528600.0,1788984000,Technology,Software - Infrastructure,NMS
3300,CINT,CI&T Inc.,395485024,3.09,3.06,96686,2.8,5.8,22.5,1636554600.0,1786478400,Technology,Software - Infrastructure,NYQ
3301,OSPR,Osprey Acquisition Corp. III,402366976,9.81,9.825,892884,9.8,10.05,10.05,1787319000.0,0,Financial Services,Shell Companies,NGM
3302,BNED,"Barnes & Noble Education, Inc.",433658912,12.51,11.94,201953,5.9,14.75,1598.0,1437658200.0,1788897600,Consumer Cyclical,Specialty Retail,NYQ
3303,TRX,TRX Gold Corporation,383144576,1.17,1.12,1171080,0.54,2.8,9.1,1115904600.0,0,Basic Materials,Gold,ASE
3304,SI,"Shoulder Innovations, Inc.",377447648,18.13,17.89,90987,10.92,24.595,24.595,1753968600.0,1786046400,N/A,N/A,NYQ
3305,NKLR,Terra Innovatum Global N.V.,349182880,3.16,3.27,293575,3.08,21.905,21.905,1759757400.0,0,Utilities,Utilities - Regulated Electric,NGM
3306,STRZ,Starz Entertainment Corp.,407384064,23.79,23.63,142249,8.4,32.58,32.58,1746624600.0,1793304000,Communication Services,Entertainment,NMS
3307,MEVO,M Evo Global Acquisition Corp II,400800032,10.02,10.02,6,9.83,11.14,11.14,1771511400.0,0,Financial Services,Shell Companies,NGM
3308,CGC,Canopy Growth Corporation,371615296,0.8271,0.8468,2364575,0.81,2.38,592.5,1396877400.0,1786105800,Healthcare,Drug Manufacturers - Specialty & Generic,NMS
3309,VITL,"Vital Farms, Inc.",400551072,9.33,9.435,1123496,7.95,44.6,53.125,1596202200.0,1786019400,Consumer Defensive,Farm Products,NGM
3310,RCEL,"AVITA Medical, Inc.",408543648,13.21,13.33,280482,3.22,13.71,55.35,1337002200.0,1786046400,Healthcare,Medical Devices,NCM
3311,FINS,Angel Oak Financial Strategies Income Term Trust,399665536,11.96,11.89,21699,11.825,13.45,21.979,1559136600.0,0,Financial Services,Asset Management,NYQ
3312,OPTX,"Syntec Optics Holdings, Inc.",325864224,8.09,8.26,249134,1.18,14.92,19.5,1643207400.0,0,Technology,Electronic Components,NCM
3313,TCI,"Transcontinental Realty Investors, Inc.",418956832,47.75,45.88,22756,31.48,59.65,59.65,479053800.0,0,Real Estate,Real Estate Services,NYQ
3314,FCBM,"First Carolina Financial Services, Inc.",395817152,12.74,12.8,96566,12.17,13.4,13.4,1781789400.0,1785414600,Financial Services,Banks - Regional,NYQ
3315,PCB,PCB Bancorp,389456800,27.73,27.89,31387,19.7,30.84,30.84,1533907800.0,0,Financial Services,Banks - Regional,NMS
3316,ZKH,ZKH Group Limited,320273376,2.03,2.06,240627,1.92,3.9,21.914,1702650600.0,1787315400,Consumer Cyclical,Internet Retail,NYQ
3317,CHMG,Chemung Financial Corporation,388321344,80.54,81.07,62699,49.82,86.0,86.0,915460200.0,1792699200,Financial Services,Banks - Regional,NMS
3318,CPS,Cooper-Standard Holdings Inc.,373153376,21.0,21.67,293691,20.25,47.98,146.78,1274794200.0,1785960000,Consumer Cyclical,Auto Parts,NYQ
3319,PUSA,Powerus Corporation,347940992,2.585,2.55,1168895,2.34,8.25,8.25,1739370600.0,0,Industrials,Aerospace & Defense,NCM
3320,AEF,"abrdn Emerging Markets ex-China Fund, Inc.",380029312,9.36,9.26,90858,6.39,10.14,28.4375,622819800.0,0,Financial Services,Asset Management,ASE
3321,ZKP,Lafayette Digital Acquisition Corp. I,392497056,10.04,10.04,13521,9.85,10.05,10.05,1770215400.0,0,Financial Services,Shell Companies,NGM
3322,TACO,Berto Acquisition Corp.,392446144,10.46,10.46,129352,10.11,10.65,11.32,1749130200.0,0,Financial Services,Shell Companies,NGM
3323,RDAG,Republic Digital Acquisition Company,391500000,10.44,10.45,250089,9.768,10.45,12.64,1750685400.0,0,Financial Services,Shell Companies,NGM
3324,GUAC,Berto Acquisition Corp. II,389936224,9.9,9.91,200420,9.9,10.05,10.05,1783344600.0,0,Financial Services,Shell Companies,NGM
3325,WENN,Wen Acquisition Corp.,390945408,10.42,10.43,1159658,10.09,10.44,10.44,1751895000.0,0,Financial Services,Shell Companies,NGM
3326,CTEV,Claritev Corporation,417924448,24.66,24.33,126752,11.5,73.68,517.2,1585920600.0,1786105800,Healthcare,Health Information Services,NYQ
3327,CYH,"Community Health Systems, Inc.",389185824,2.76,2.73,1060124,2.41,4.43,53.71901,960557400.0,1784750400,Healthcare,Medical Care Facilities,NYQ
3328,FRPH,"FRP Holdings, Inc.",384733952,20.04,19.83,105029,19.6,25.74,33.85,520695000.0,1785873600,Real Estate,Real Estate Services,NMS
3329,GCO,Genesco Inc.,395043744,36.51,36.87,83239,21.93,43.6,89.58,99153000.0,1788438600,Consumer Cyclical,Apparel Retail,NYQ
3330,MNTK,"Montauk Renewables, Inc.",360123072,2.53,2.74,684560,1.07,3.28,20.78,1611325800.0,1785960000,Basic Materials,Specialty Chemicals,NCM
3331,SUJA,"Suja Life, Inc.",419467616,10.86,10.53,162452,5.59,18.48,18.48,1778160600.0,1785873600,Consumer Defensive,Beverages - Non-Alcoholic,NMS
3332,PRE,Prenetics Global Limited,426191104,21.84,22.0,135952,11.365,27.24,131.25,1626442200.0,1787056200,Consumer Defensive,Packaged Foods,NGM
3333,MVBF,MVB Financial Corp.,374297760,28.91,29.5,56614,23.99,31.99,45.94,1344000600.0,1793304000,Financial Services,Banks - Regional,NCM
3334,CHCT,Community Healthcare Trust Incorporated,389978784,13.61,13.68,202815,13.23,19.165,52.54,1432128600.0,1785873600,Real Estate,REIT - Healthcare Facilities,NYQ
3335,ISD,"PGIM High Yield Bond Fund, Inc.",390125216,11.7,11.59,100047,11.46,14.79,20.95,1335533400.0,0,Financial Services,Asset Management,NYQ
3336,OXM,"Oxford Industries, Inc.",380148576,25.38,25.48,382827,24.2,49.58,123.37,322151400.0,1788465600,Consumer Cyclical,Apparel Manufacturing,NYQ
3337,DFP,Flaherty & Crumrine Dynamic Preferred and Income Fund Inc.,388170752,18.9,18.71,67477,18.59,22.05,31.43,1369402200.0,0,Financial Services,Asset Management,NYQ
3338,ZURA,Zura Bio Limited,383316544,4.0,4.13,1706439,3.15,7.44,37.55,1679405400.0,1786451400,Healthcare,Biotechnology,NCM
3339,PKBK,"Parke Bancorp, Inc.",378601696,32.19,32.65,28097,19.71,35.7,35.7,1056375000.0,1792585800,Financial Services,Banks - Regional,NCM
3340,BMBL,Bumble Inc.,389170592,2.54,2.565,1045945,2.44,5.96,84.8,1613053800.0,1785960000,Communication Services,Internet Content & Information,NMS
3341,XRX,Xerox Holdings Corporation,361114912,2.75,2.92,3267766,1.19,3.78,168.47826,-252322200.0,1785414600,Industrials,Business Equipment & Supplies,NMS
3342,CZFS,"Citizens Financial Services, Inc.",375409184,78.05,79.46,23101,52.35,84.65,91.08911,915460200.0,1785414600,Financial Services,Banks - Regional,NCM
3343,SVIA,"Silvia, Inc.",331385920,3.75,3.77,1331951,1.31,10.57,16.25,1749475800.0,0,Financial Services,Capital Markets,NGM
3344,FRST,Primis Financial Corp.,378185856,15.25,15.33,71767,9.55,16.88,18.48,1162391400.0,1792699200,Financial Services,Banks - Regional,NGM
3345,JRI,Nuveen Real Asset Income and Growth Fund,384425696,10.62,10.51,232156,10.36,14.0715,20.754717,1335533400.0,0,Financial Services,Asset Management,NYQ
3346,CCCT,Columbus Circle Capital Corp III,384523584,9.86,9.85,125583,9.8,10.05,10.05,1785504600.0,0,Financial Services,Shell Companies,NGM
3347,RMNI,"Rimini Street, Inc.",388360960,4.16,4.095,409510,2.87,5.68,11.52,1440768600.0,1785441600,Technology,Software - Application,NGM
3348,KYTX,"Kyverna Therapeutics, Inc.",395179584,6.39,6.18,876392,5.96,13.67,30.6,1707489000.0,0,Healthcare,Biotechnology,NMS
3349,FSTR,L.B. Foster Company,367560512,34.94,35.42,35090,23.81,45.81,59.95,360941400.0,1786365000,Industrials,Railroads,NMS
3350,OFIX,Orthofix Medical Inc.,370666560,9.17,9.0,314175,8.5,16.99,74.44,704122200.0,1785933000,Healthcare,Medical Devices,NMS
3351,ORN,"Orion Group Holdings, Inc.",370531872,9.15,9.06,239914,8.08,17.4,24.98,1198161000.0,1793131200,Industrials,Engineering & Construction,NYQ
3352,KEYY,Keystone Acquisition Corp.,380649984,9.93,9.93,54,9.84,10.0,10.0,1782135000.0,0,Financial Services,Shell Companies,NGM
3353,HPS,John Hancock Preferred Income Fund III,378586400,11.79,11.72,137263,11.52,15.54,25.67,1055856600.0,0,Financial Services,Asset Management,NYQ
3354,YICC,Yorkville International Capital Corp.,379499968,9.9,9.91,36069,9.84,9.98,9.98,1783949400.0,0,Financial Services,Shell Companies,NGM
3355,SHIP,Seanergy Maritime Holdings Corp,370734336,17.11,17.63,313730,7.66,19.22,1809000.0,1201703400.0,1785414600,Industrials,Marine Shipping,NCM
3356,RR,Richtech Robotics Inc.,369167168,1.64,1.6,2526354,1.3,7.05,12.29,1700231400.0,0,Industrials,Specialty Industrial Machinery,NCM
3357,NMG,Nouveau Monde Graphite Inc.,345614656,1.05,1.07,381920,1.03,6.06,21.9,1610116200.0,0,Basic Materials,Other Industrial Metals & Mining,NYQ
3358,DIN,"Dine Brands Global, Inc.",371546048,29.35,29.47,471444,23.23,39.68,114.23,679325400.0,1785933000,Consumer Cyclical,Restaurants,NYQ
3359,OPRT,Oportun Financial Corporation,410206304,8.92,8.66,968881,4.03,9.07,27.95,1569504600.0,1785960000,Financial Services,Credit Services,NMS
3360,SOHU,Sohu.com Limited,383033184,12.74,12.53,60089,11.61,17.3,109.37,963408600.0,1786365000,Communication Services,Electronic Gaming & Multimedia,NMS
3361,FNLC,"The First Bancorp, Inc.",371978752,32.97,33.44,35283,24.16,36.3,36.8,931959000.0,1792612800,Financial Services,Banks - Regional,NMS
3362,AUNA,Auna SA,379168352,5.12,5.1,94457,4.09,6.705,10.85,1711114200.0,1787083200,Healthcare,Medical Care Facilities,NYQ
3363,YDES,YD Bio Ltd,476694944,6.73,5.79,207610,1.7,22.0,25.0,1756215000.0,0,Healthcare,Biotechnology,NGM
3364,GLOO,"Gloo Holdings, Inc.",354122496,3.825,3.82,439682,2.9,9.98,9.98,1763476200.0,1788984000,Technology,Software - Application,NMS
3365,ARCT,Arcturus Therapeutics Holdings Inc.,390532960,13.74,12.87,675586,5.5,24.17,188.72,1369229400.0,1786046400,Healthcare,Biotechnology,NGM
3366,SDHY,PGIM Short Duration High Yield Opportunities Fund,378731424,15.35,15.14,67897,14.67,16.97,21.0,1606314600.0,0,Financial Services,Asset Management,NYQ
3367,ALOV,"Aldabra 4 Liquidity Opportunity Vehicle, Inc.",375937920,10.02,10.01,2181,9.82,10.04,10.04,1773667800.0,0,Financial Services,Shell Companies,NGM
3368,VALU,"Value Line, Inc.",411686464,43.88,43.5,3792,32.0,45.2,118.4,421421400.0,0,Financial Services,Financial Data & Stock Exchanges,NCM
3369,HACQ,HCM IV Acquisition Corp.,374871232,10.03,10.035,10403,9.86,10.09,10.09,1775482200.0,0,Financial Services,Shell Companies,NGM
3370,MZYX,MOZAYYX Acquisition Corp.,374624992,9.99,9.99,123,9.86,10.1,10.1,1776778200.0,0,Financial Services,Shell Companies,NYQ
3371,SLP,"Simulations Plus, Inc.",374159488,18.5,18.5,0,11.09,21.01,90.92,866640600.0,0,Healthcare,Health Information Services,NMS
3372,GALT,Galectin Therapeutics Inc.,397347616,3.94,3.64,156406,2.03,7.13,38.28,1031146200.0,0,Healthcare,Biotechnology,NCM
3373,NWFL,Norwood Financial Corp.,365546528,33.53,33.87,29443,23.82,35.48,40.58,889021800.0,1793104200,Financial Services,Banks - Regional,NGM
3374,NECB,"Northeast Community Bancorp, Inc.",371683584,27.0,27.16,66030,19.27,28.94,31.72,1152192600.0,1784919600,Financial Services,Banks - Regional,NCM
3375,GIW,GigCapital8 Corp.,372014976,10.2,10.17,972915,9.87,10.2096,10.19,1761571800.0,0,Financial Services,Shell Companies,NGM
3376,GTE,Gran Tierra Energy Inc.,374320384,10.58,10.49,400759,3.09,11.52,96.4,1135175400.0,1785933000,Energy,Oil & Gas E&P,ASE
3377,BOC,Boston Omaha Corporation,367613056,12.89,12.98,72345,10.52,15.22,49.92,1497360600.0,0,Industrials,Conglomerates,NYQ
3378,FVAV,Fortress Value Acquisition Corp. V,370409376,10.25,10.25,6,10.0,10.35,10.35,1772116200.0,0,Financial Services,Shell Companies,NGM
3379,MCI,Barings Corporate Investors,384360128,18.67,18.52,17406,16.21,21.5,25.24,322151400.0,0,Financial Services,Asset Management,NYQ
3380,IRD,"Opus Genetics, Inc.",386860576,4.65,4.46,1255292,1.7,7.07,4795.2,1131633000.0,1786019400,Healthcare,Biotechnology,NCM
3381,SDHI,Siddhi Acquisition Corp.,368237664,10.57,10.5601,1979,10.16,10.59,10.59,1749043800.0,0,Financial Services,Shell Companies,NGM
3382,HFRO,Highland Funds I - Highland Opportunities and Income Fund,362233248,6.56,6.51,82546,5.47,7.74,16.6,1509978600.0,0,Financial Services,Asset Management,NYQ
3383,FDMM,Freedom Metals Acquisition Corp.,368543104,9.83,9.83,168,9.78,9.88,9.88,1785850200.0,0,Financial Services,Shell Companies,NGM
3384,AIOT,"PowerFleet, Inc.",362409984,2.7,2.64,962484,2.55,5.88,25.84,930749400.0,1786365000,Technology,Software - Application,NGM
3385,EVN,Eaton Vance Municipal Income Trust,374077344,9.37,9.2,287474,9.0,11.26,16.93,917447400.0,0,Financial Services,Asset Management,NYQ
3386,FCRS,FutureCrest Acquisition Corp.,366921888,10.21,10.21,61830,10.02,10.92,10.92,1763389800.0,0,Financial Services,Shell Companies,NYQ
3387,DGXX,Digi Power X Inc.,321427520,3.17,3.19,1622096,1.86,9.2,14.25,1610116200.0,1786710600,Utilities,Utilities - Independent Power Producers,NCM
3388,IMXI,"International Money Express, Inc.",382781344,12.67,12.43,276770,10.355,15.95,28.24,1490621400.0,0,Technology,Software - Infrastructure,NCM
3389,ADV,Advantage Solutions Inc.,402581088,30.28,30.58,36486,12.225,47.45,348.0,1577975400.0,1785933000,Communication Services,Advertising Agencies,NMS
3390,WDH,Waterdrop Inc.,373674016,1.04,0.99,508772,0.96,2.03,11.77,1620394200.0,1788870600,Financial Services,Insurance - Diversified,NYQ
3391,OIM,OneIM Acquisition Corp.,366795616,10.15,10.11,206,9.5,10.33,10.33,1773063000.0,0,Financial Services,Shell Companies,NGM
3392,GIX,GigCapital9 Corp.,365468128,10.0,10.01,359593,9.8,10.04,10.04,1773927000.0,0,Financial Services,Shell Companies,NGM
3393,CRNC,Cerence Inc.,381291072,8.43,8.34,787190,5.85,13.49,139.0,1568640600.0,1786046400,Technology,Software - Application,NMS
3394,EBS,Emergent BioSolutions Inc.,361989760,7.06,6.81,848213,4.36,14.06,137.61,1163601000.0,1785960000,Healthcare,Drug Manufacturers - Specialty & Generic,NYQ
3395,RNGR,"Ranger Energy Services, Inc.",360859200,15.42,15.46,141414,11.88,18.815,18.815,1502458200.0,1785182400,Energy,Oil & Gas Equipment & Services,NYQ
3396,KREF,KKR Real Estate Finance Trust Inc.,349710336,5.97,6.37,735369,5.25,9.105,23.99,1493991000.0,1784664000,Real Estate,REIT - Mortgage,NYQ
3397,ALUB,Alussa Energy Acquisition Corp. II,365843776,10.18,10.13,157,9.9,10.18,10.17,1767709800.0,0,Financial Services,Shell Companies,NYQ
3398,TACH,Titan Acquisition Corp,363457504,10.535,10.53,226996,10.17,10.59,10.59,1748871000.0,0,Financial Services,Shell Companies,NGM
3399,KPLT,"Katapult Holdings, Inc.",398790560,4.7,4.47,241446,3.85,16.07,491.325,1577802600.0,1785846600,Technology,Software - Infrastructure,NGM
3400,VOXR,Vox Royalty Corp.,355815840,5.12,5.08,427889,3.805,6.7,6.7,1596547800.0,0,Basic Materials,Other Precious Metals & Mining,NCM
3401,JILL,"J.Jill, Inc.",364291584,24.51,24.47,123714,10.405,25.135,60.4534,1489069800.0,1788957000,Consumer Cyclical,Apparel Retail,NYQ
3402,FENC,Fennec Pharmaceuticals Inc.,375569280,10.71,10.63,93238,5.65,13.25,14.986,1505482200.0,1786451400,Healthcare,Biotechnology,NCM
3403,ERII,"Energy Recovery, Inc.",349146944,6.84,6.84,461431,6.6,18.32,30.76,1215005400.0,1793822400,Industrials,Pollution & Treatment Controls,NMS
3404,KCHV,Kochav Defense Acquisition Corp.,359359936,10.49,10.49,6,10.04,10.49,10.49,1753104600.0,0,Financial Services,Shell Companies,NGM
3405,GBLI,"Global Indemnity Group, LLC",358109408,24.46,23.24,4962,23.22,30.5,52.98,1071585000.0,1785933000,Financial Services,Insurance - Property & Casualty,NMS
3406,BRBI,BRBI BR Partners S.A.,402658528,15.34,14.77,2552,9.09,16.61,67.01,1758288600.0,0,Financial Services,Capital Markets,NCM
3407,RFAI,RF Acquisition Corp II,317897440,38.1,39.575,5186,8.94,73.0,73.0,1720186200.0,0,Financial Services,Shell Companies,NGM
3408,NREF,"NexPoint Real Estate Finance, Inc.",354265056,15.38,15.58,46277,12.36,18.43,25.98,1581085800.0,1793881800,Real Estate,REIT - Mortgage,NYQ
3409,OPTU,"Optimum Communications, Inc.",354540608,0.9295,0.9868,1548863,0.583,2.615,38.3,1498138200.0,1786019400,Communication Services,Telecom Services,NYQ
3410,ARTV,"Artiva Biotherapeutics, Inc.",339297440,6.94,6.8,275928,2.71,14.53,17.31,1721395800.0,0,Healthcare,Biotechnology,NGM
3411,FLXS,"Flexsteel Industries, Inc.",348493568,85.17,86.52,50240,34.0,90.65,90.65,322151400.0,1786996800,Consumer Cyclical,"Furnishings, Fixtures & Appliances",NMS
3412,WSBF,"Waterstone Financial, Inc.",350192512,19.48,19.58,61508,14.52,21.66,22.74,1128519000.0,1784836800,Financial Services,Banks - Regional,NMS
3413,ACAA,Averin Capital Acquisition Corp.,357538784,10.02,10.02,12,9.56,10.24,10.24,1775827800.0,0,Financial Services,Shell Companies,NGM
3414,SFIX,"Stitch Fix, Inc.",379434464,2.84,2.73,3247398,2.1,5.745,113.759,1510929000.0,1790193600,Consumer Cyclical,Apparel Retail,NMS
3415,ENTA,"Enanta Pharmaceuticals, Inc.",364067520,12.5,12.1,182069,10.2,17.15,127.77,1363872600.0,0,Healthcare,Biotechnology,NMS
3416,CCII,Cohen Circle Acquisition Corp. II,356820928,10.285,10.29,149308,10.114,10.5,10.5,1755869400.0,0,Financial Services,Shell Companies,NGM
3417,OCGN,"Ocugen, Inc.",324020000,0.9555,0.9774,13283000,0.9001,2.725,778.2,1417617000.0,1786019400,Healthcare,Biotechnology,NCM
3418,TTRX,Turn Therapeutics Inc.,364412448,12.0,11.39,109786,2.57,16.45,26.5,1759930200.0,0,Healthcare,Biotechnology,NGM
3419,CYPH,Cypherpunk Technologies Inc.,316827296,2.94,2.81,10197376,0.393,4.19,102.5,1485354600.0,1786537800,Financial Services,Asset Management,NCM
3420,VMD,"Viemed Healthcare, Inc.",362599936,9.52,9.41,152489,6.05,12.61,12.61,1565357400.0,1785787200,Healthcare,Medical Devices,NCM
3421,KNOP,KNOT Offshore Partners LP,355550624,10.29,10.38,25458,8.0,11.78,29.89,1365600600.0,1788525000,Energy,Oil & Gas Midstream,NYQ
3422,SOUL,Soulpower Acquisition Corporation,356170432,10.49,10.49,1036,10.1,10.827,11.0,1748007000.0,0,Financial Services,Shell Companies,NYQ
3423,AMAC,AMR Resources Acquisition Corp,355650176,9.8,9.8,118,9.79,10.0,10.0,1788874200.0,0,Financial Services,Shell Companies,NGM
3424,BRBS,"Blue Ridge Bankshares, Inc.",344400096,3.84,3.9,419963,3.225,4.785,19.22,1348579800.0,0,Financial Services,Banks - Regional,ASE
3425,ARQQ,Arqit Quantum Inc.,299843552,17.23,18.43,738628,11.52,61.11,1038.0,1617283800.0,0,Technology,Software - Infrastructure,NCM
3426,ARCI,Archimedes Tech SPAC Partners III Co.,354383104,10.05,10.06,690021,9.83,10.2,10.2,1773667800.0,0,Financial Services,Shell Companies,NGM
3427,EAD,Wells Fargo Advantage Funds - Allspring Income Opportunities Fund,356917696,6.04,6.02,261987,5.92,7.03,16.47,1046269800.0,0,Financial Services,Asset Management,ASE
3428,HCIC,Hennessy Capital Investment Corp. VIII,356552128,10.0399,10.0399,14,9.79,10.04,10.04,1774877400.0,0,Financial Services,Shell Companies,NGM
3429,QNC,Quantum eMotion Corp.,346683072,1.58,1.54,403480,1.46,4.44,4.44,1771943400.0,0,Technology,Software - Infrastructure,ASE
3430,TSBK,"Timberland Bancorp, Inc.",348505440,44.82,45.38,13801,30.93,49.38,49.38,884701800.0,0,Financial Services,Banks - Regional,NGM
3431,IA,"Innovative Aerosystems, Inc.",347422912,19.41,19.2,190641,8.13,30.94,30.94,965395800.0,0,Industrials,Aerospace & Defense,NMS
3432,OBIO,"Orchestra BioMed Holdings, Inc.",357625024,5.95,5.73,229313,2.857,6.5,23.39,1596547800.0,0,Healthcare,Biotechnology,NGM
3433,SILC,Silicom Ltd.,338649216,58.92,56.84,167098,13.34,63.0,77.95,761581800.0,1793277000,Technology,Communication Equipment,NMS
3434,OYSE,Oyster Enterprises II Acquisition Corp,352877792,10.405,10.41,503,10.03,10.42,10.42,1752240600.0,0,Financial Services,Shell Companies,NGM
3435,DSX,Diana Shipping Inc.,350846688,2.82,2.9,1393264,1.57,3.2,38.15868,1111588200.0,1785414600,Industrials,Marine Shipping,NYQ
3436,RLMD,"Relmada Therapeutics, Inc.",361610784,3.39,3.17,1730500,1.803,8.0,80.0,1403271000.0,1786046400,Healthcare,Biotechnology,NCM
3437,HTT,High Templar Tech Limited,352493536,2.27,2.24,41287,1.88,5.05,35.45,1508333400.0,0,Financial Services,Credit Services,NYQ
3438,BDCI,BTC Development Corp.,352157504,10.135,10.135,26,9.96,10.26,10.26,1760621400.0,0,Financial Services,Shell Companies,NGM
3439,PERI,Perion Network Ltd.,365943584,8.86,8.74,182430,7.63,11.27,44.82,1138717800.0,1786365000,Communication Services,Advertising Agencies,NMS
3440,BLZR,Trailblazer Acquisition Corp.,352099680,10.2429,10.23,652,10.0,10.25,10.25,1762180200.0,0,Financial Services,Shell Companies,NGM
3441,SBXE,SilverBox Corp V,352140384,10.1496,10.1496,7,9.88,10.24,10.24,1769178600.0,0,Financial Services,Shell Companies,NYQ
3442,FSBW,"FS Bancorp, Inc.",346720704,44.1,44.32,16266,36.66,45.85,49.15,1341927000.0,1792526400,Financial Services,Banks - Regional,NCM
3443,LTRX,"Lantronix, Inc.",321123872,6.85,6.83,444828,4.37,8.75,74.25,965395800.0,1787774400,Technology,Communication Equipment,NCM
3444,TLNC,Talon Capital Corp.,347265376,10.22,10.22,2253,9.93,11.3,11.3,1759930200.0,0,Financial Services,Shell Companies,NGM
3445,API,"Agora, Inc.",344963104,4.08,4.04,98432,3.14,5.495,114.965,1593178200.0,1786651200,Technology,Software - Application,NMS
3446,REI,"Ring Energy, Inc.",341306848,1.31,1.35,2778067,0.83,2.0,20.61,1176211800.0,1785960000,Energy,Oil & Gas E&P,ASE
3447,OPI,Office Properties Income Trust,340719520,15.52,15.06,52348,14.64,49.69,49.69,1781789400.0,0,Real Estate,REIT - Office,NCM
3448,SHOE,Shoe Station Group Inc.,346593664,12.75,13.06,1422789,10.2,21.61,46.92,732292200.0,1789043400,Consumer Cyclical,Apparel Retail,NMS
3449,ARTNA,Artesian Resources Corporation,347301088,33.63,33.54,19600,30.5,36.98,63.0,767539800.0,1794340800,Utilities,Utilities - Regulated Water,NMS
3450,CCCC,"C4 Therapeutics, Inc.",388759456,3.16,2.85,2505774,1.69,5.17,51.21,1601645400.0,1786451400,Healthcare,Biotechnology,NMS
3451,SORN,Soren Acquisition Corp.,348028032,10.02,10.04,608,9.81,10.88,10.88,1772202600.0,0,Financial Services,Shell Companies,NGM
3452,TREE,"LendingTree, Inc.",353656544,25.19,25.35,222423,23.5,68.93,434.94,1218547800.0,1785355200,Financial Services,Insurance Brokers,NMS
3453,CV,"CapsoVision, Inc.",350656256,6.59,6.62,57969,4.38,15.37,15.37,1751463000.0,1786651200,Healthcare,Medical Devices,NCM
3454,LZM,Lifezone Metals Limited,305709504,3.4,3.33,1313806,3.0,6.4,19.92,1639405800.0,1785328200,Basic Materials,Other Industrial Metals & Mining,NYQ
3455,HCMA,HCM III Acquisition Corp.,348127968,10.32,10.32,1224,10.03,10.49,10.49,1758547800.0,0,Financial Services,Shell Companies,NGM
3456,RCKY,"Rocky Brands, Inc.",336611552,44.93,45.42,22804,26.73,53.01,69.0,728749800.0,1785268800,Consumer Cyclical,Footwear & Accessories,NMS
3457,JONE,Jones Ventures INTL Acquisition1 Corp,347017312,9.81,9.81,100008,9.78,10.0,10.0,1788442200.0,0,Financial Services,Shell Companies,NGM
3458,FOF,"Cohen & Steers Closed-End Opportunity Fund, Inc.",347819296,12.5,12.44,47771,12.12,15.04,21.0,1164724200.0,0,Financial Services,Asset Management,NYQ
3459,GBAB,Guggenheim Taxable Municipal Bond & Investment Grade Debt Trust,347351136,12.54,12.48,159784,12.31,15.8,25.89,1288272600.0,0,Financial Services,Asset Management,NYQ
3460,CLNE,Clean Energy Fuels Corp.,324054176,1.47,1.52,1242346,1.46,3.11,24.75,1180099800.0,1786046400,Energy,Oil & Gas Refining & Marketing,NMS
3461,KDK,"Kodiak AI, Inc.",335032352,1.67,1.66,8517298,1.51,11.35,11.35,1758807000.0,1786046400,Technology,Software - Infrastructure,NGM
3462,MOVE,"Corvex, Inc.",310474400,9.84,9.81,50601,3.438881,26.72,822.9013,1616506200.0,0,Technology,Software - Infrastructure,NCM
3463,FNKO,"Funko, Inc.",360612736,6.44,6.5,694139,2.72,7.35,31.12,1509629400.0,1786046400,Consumer Cyclical,Leisure,NMS
3464,PFL,PIMCO Income Strategy Fund,346590528,6.94,6.97,310909,6.74,8.65,22.13,1061991000.0,0,Financial Services,Asset Management,NYQ
3465,AVBH,"Avidbank Holdings, Inc.",341037056,31.05,31.35,31298,24.03,34.18,34.18,1089639000.0,1793044800,Financial Services,Banks - Regional,NMS
3466,DSAC,Daedalus Special Acquisition Corp.,344605696,10.13,10.13,8,9.9,10.47,10.47,1769697000.0,0,Financial Services,Shell Companies,NGM
3467,ATAC,N/A,0,0.0,0.0,0,0.0,0.0,0.0,0.0,0,N/A,N/A,
3468,USDE,StablecoinX Inc.,295561344,12.3,12.79,914088,1.33,18.11,18.11,1782480600.0,0,Financial Services,Capital Markets,NCM
3469,AGEN,Agenus Inc.,346391904,7.67,7.54,710103,2.71,10.31,7065.751,950020200.0,1786019400,Healthcare,Biotechnology,NCM
3470,LEO,"BNY Mellon Strategic Municipals, Inc.",345714272,5.55,5.47,368587,5.41,6.55,11.5,559402200.0,0,Financial Services,Asset Management,NYQ
3471,GASS,StealthGas Inc.,340539648,9.05,9.22,82930,6.22,10.55,20.0,1128605400.0,1788352200,Industrials,Marine Shipping,NMS
3472,AACI,Armada Acquisition Corp. III,342680384,10.07,10.06,12495,9.74,10.1,10.1,1774618200.0,0,Financial Services,Shell Companies,NGM
3473,INDP,"Indaptus Therapeutics, Inc.",334438208,2.51,2.37,467591,0.92,5.96,21952.0,1438695000.0,0,Healthcare,Biotechnology,NCM
3474,VKI,Invesco Advantage Municipal Income Trust II,345719424,7.78,7.53,302430,7.25,9.6,15.8,750605400.0,0,Financial Services,Asset Management,ASE
3475,CION,CION Investment Corporation,341466784,6.94,6.96,220107,5.83,10.4,15.09,1633440600.0,0,Financial Services,Asset Management,NYQ
3476,VFF,"Village Farms International, Inc.",327727296,2.68,2.7,528498,1.805,4.99,20.32,1550759400.0,1786365000,Consumer Defensive,Farm Products,NCM
3477,EMF,Templeton Emerging Markets Fund,334085504,22.35,22.19,20207,16.07,24.7,30.625,541348200.0,0,Financial Services,Asset Management,NYQ
3478,RPAY,Repay Holdings Corporation,341273600,3.87,3.87,154335,2.3,5.25,28.42,1531834200.0,1786392000,Technology,Software - Infrastructure,NCM
3479,EMBC,Embecta Corp.,322109824,5.685,5.75,583080,2.77,14.91,49.0,1647955800.0,1786105800,Healthcare,Medical Instruments & Supplies,NMS
3480,PACK,Ranpak Holdings Corp.,318163264,3.71,3.9,498855,3.22,7.81,42.97,1520947800.0,1785414600,Consumer Cyclical,Packaging & Containers,NYQ
3481,CGCF,Cartesian Growth Corporation IV,340284384,9.81,9.81,8,9.78,10.0,10.0,1786973400.0,0,Financial Services,Shell Companies,NGM
3482,PINE,"Alpine Income Property Trust, Inc.",343333952,17.92,17.88,212773,13.1,21.99,21.99,1574433000.0,1792699200,Real Estate,REIT - Retail,NYQ
3483,CAII,Collective Acquisition Corp. II,339230848,10.0,10.0,40,9.9,10.01,10.01,1782135000.0,0,Financial Services,Shell Companies,NGM
3484,IPFX,Inflection Point Acquisition Corp. VI,338851328,10.045,10.03,7147,9.95,11.02,11.02,1779111000.0,0,Financial Services,Shell Companies,NGM
3485,BCML,BayCom Corp,333391168,30.53,30.84,64354,26.78,34.98,34.98,1131633000.0,1784836800,Financial Services,Banks - Regional,NMS
3486,CABA,"Cabaletta Bio, Inc.",327222688,1.93,1.95,2592654,1.83,4.23,26.35,1572010200.0,1786624200,Healthcare,Biotechnology,NMS
3487,OTLY,Oatly Group AB,337950816,10.59,10.38,21585,8.01,16.424,580.0,1621517400.0,1793190600,Consumer Defensive,Packaged Foods,NMS
3488,PTOR,Praetorian Acquisition Corp.,338213152,9.97,9.96,58448,9.77,10.04,10.04,1773667800.0,0,Financial Services,Shell Companies,NGM
3489,SCD,LMP Capital and Income Fund Inc.,340846272,14.88,14.72,63670,13.79,16.18,20.93,1077719400.0,0,Financial Services,Asset Management,NYQ
3490,SPXX,Nuveen S&P 500 Dynamic Overwrite Fund,340475744,18.94,18.63,306631,15.78,19.39,20.01,1132756200.0,0,Financial Services,Asset Management,NYQ
3491,BKKT,"Bakkt, Inc.",310077856,6.88,7.03,858713,6.71,47.175,1270.0,1605796200.0,1786392000,Technology,Software - Infrastructure,NYQ
3492,TCPC,BlackRock TCP Capital Corp.,336450144,4.01,4.03,471984,3.08,6.25,18.55,1333546200.0,1793881800,Financial Services,Asset Management,NMS
3493,BLUW,Blue Water Acquisition Corp. III,335680128,10.39,10.39,14,9.98,10.41,10.41,1753968600.0,0,Financial Services,Shell Companies,NGM
3494,CVEO,Civeo Corporation,332019904,32.12,31.9,61249,19.75,36.5,340.8,1400506200.0,1785414600,Consumer Cyclical,Lodging,NYQ
3495,GRRR,Gorilla Technology Group Inc.,306181056,11.13,11.94,2176210,9.04,23.49,510.0,1620653400.0,1787574600,Technology,Software - Infrastructure,NCM
3496,BEAG,Bold Eagle Acquisition Corp.,334789408,10.69,10.69,128328,10.45,11.11,11.2,1734359400.0,0,Financial Services,Shell Companies,NGM
3497,GMTL,Guardian Metal Resources PLC,301773856,7.59,7.35,161950,7.241,22.21,22.21,1774013400.0,0,Basic Materials,Other Precious Metals & Mining,ASE
3498,MPTI,"M-tron Industries, Inc.",306991584,70.63,73.04,68514,43.55,104.85,104.85,1664803800.0,1786564800,Technology,Electronic Components,ASE
3499,NNDM,Nano Dimension Ltd.,326800448,1.55,1.56,892253,1.19,2.32,94.0,1457361000.0,0,Technology,Computer Hardware,NCM
3500,CCAP,"Crescent Capital BDC, Inc.",334929696,9.09,9.09,192877,8.86,15.175,21.484,1580740200.0,1786392000,Financial Services,Asset Management,NGM
3501,PNRG,PrimeEnergy Resources Corporation,340053248,214.87,211.5,55421,126.4,278.9,278.9,322151400.0,0,Energy,Oil & Gas E&P,NCM
3502,LVWR,"LiveWire Group, Inc.",330714080,1.61,1.47,172939,0.648,6.44,12.5,1606228200.0,1784809800,Consumer Cyclical,Recreational Vehicles,NYQ
3503,NNBR,"NN, Inc.",370289632,3.95,4.01,1703961,1.1,4.79,32.9,763741800.0,1793217600,Industrials,Conglomerates,NMS
3504,FISN,"Deep Fission, Inc.",262131408,4.45,4.66,416129,4.4001,19.0,19.0,1781789400.0,0,Industrials,Specialty Industrial Machinery,NGM
3505,CLPT,"ClearPoint Neuro, Inc.",319684288,10.48,10.49,408735,8.27,28.1,200.0,1337693400.0,1785787200,Healthcare,Medical Devices,NCM
3506,NOA,North American Construction Group Ltd.,317583968,11.8,11.88,35920,11.72,17.26,26.3,1164205800.0,1786564800,Energy,Oil & Gas Equipment & Services,NYQ
3507,ASG,"Liberty All-Star Growth Fund, Inc.",323685792,5.08,5.04,278050,4.55,5.69,14.25,510503400.0,0,Financial Services,Asset Management,NYQ
3508,RREV,RRE Ventures Acquisition Corp.,330666656,9.92,9.92,12,9.86,9.94,9.94,1779283800.0,0,Financial Services,Shell Companies,NGM
3509,FERA,Fifth Era Acquisition Corp I,329863360,10.55,10.5599,252612,10.2,10.56,10.56,1745242200.0,0,Financial Services,Shell Companies,NGM
3510,PCAP,ProCap Acquisition Corp,329472000,10.4,10.4,76,9.01,10.442,11.42,1752240600.0,0,Financial Services,Shell Companies,NGM
3511,DRDB,Roman DBDR Acquisition Corp. II,328746688,10.72,10.71,554389,10.31,10.735,10.73,1738593000.0,0,Financial Services,Shell Companies,NGM
3512,SZZL,Sizzle Acquisition Corp. II,328300000,10.5,10.5,205542,10.07,10.5,10.5,1748007000.0,0,Financial Services,Shell Companies,NGM
3513,CFFI,C&F Financial Corporation,329688960,101.39,101.51,71517,65.43,103.52,103.52,894547800.0,1784833200,Financial Services,Banks - Regional,NMS
3514,OBA,Oxley Bridge Acquisition Limited,330164992,10.44,10.35,333,9.98,10.44,10.35,1755264600.0,0,Financial Services,Shell Companies,NGM
3515,PACH,Pioneer Acquisition I Corp,328267488,10.38,10.38,1456620,9.97,10.4,10.4,1755264600.0,0,Financial Services,Shell Companies,NGM
3516,PPHC,"Public Policy Holding Company, Inc.",336310016,11.13,10.9,151509,7.01,15.15,15.15,1769610600.0,1786392000,Industrials,Consulting Services,NGM
3517,NAN,Nuveen New York Quality Municipal Income Fund,323945600,9.65,9.57,179190,9.43,11.8,16.99,927725400.0,0,Financial Services,Asset Management,NYQ
3518,ELVA,Electrovaya Inc.,284668000,5.75,5.79,519071,4.1,12.78,22.15,1262701800.0,1786392000,Industrials,Electrical Equipment & Parts,NCM
3519,CEPV,"Cantor Equity Partners V, Inc.",325052768,10.225,10.26,277005,10.06,10.5,10.5,1762266600.0,0,Financial Services,Shell Companies,NGM
3520,PESI,"Perma-Fix Environmental Services, Inc.",291964544,13.76,14.16,333340,8.58,21.32,41.25,723825000.0,1786564800,Industrials,Waste Management,NCM
3521,CRAQ,Cal Redwood Acquisition Corp.,326102624,10.41,10.43,300966,10.04,10.43,10.44,1750685400.0,0,Financial Services,Shell Companies,NGM
3522,JGH,Nuveen Global High Income Fund,325697184,11.58,11.49,76531,11.38,13.36,18.48,1416839400.0,0,Financial Services,Asset Management,NYQ
3523,TLS,Telos Corporation,346031360,4.63,4.37,823178,3.785,8.36,41.84,1605796200.0,1786365000,Technology,Software - Infrastructure,NGM
3524,OEC,Orion S.A.,325362496,5.77,5.82,296249,4.345,8.64,36.55,1406295000.0,1785960000,Basic Materials,Specialty Chemicals,NYQ
3525,TWFG,"TWFG, Inc.",318917056,24.76,25.52,108759,16.56,31.3,36.85,1721309400.0,1785960000,Financial Services,Insurance Brokers,NMS
3526,RTAC,Renatus Tactical Acquisition Corp I,325323840,10.44,10.44,132255,10.26,11.7,13.378,1749475800.0,0,Financial Services,Shell Companies,NGM
3527,CBNA,"Chain Bridge Bancorp, Inc.",323169472,49.25,49.6,10960,28.1,50.99,50.99,1728048600.0,0,Financial Services,Banks - Regional,NYQ
3528,JMSB,"John Marshall Bancorp, Inc.",321756640,22.8,22.95,136447,18.5,24.26,29.91,1488465000.0,1793190600,Financial Services,Banks - Regional,NCM
3529,COSO,"CoastalSouth Bancshares, Inc.",318825088,26.67,26.9,61691,20.8,28.56,28.56,1746711000.0,1784577600,Financial Services,Banks - Regional,NYQ
3530,EVOX,Evolution Global Acquisition Corp,323840000,10.12,10.13,1070,9.86,10.15,10.15,1764772200.0,0,Financial Services,Shell Companies,NGM
3531,MIY,"BlackRock MuniYield Michigan Quality Fund, Inc.",332118912,11.46,11.27,50804,11.01,12.9,17.02,720887400.0,0,Financial Services,Asset Management,NYQ
3532,KOYN,"CSLM Digital Asset Acquisition Corp III, Ltd",323784224,10.26,10.26,142061,9.92,10.29,10.29,1758288600.0,0,Financial Services,Shell Companies,NGM
3533,ALDF,Aldel Financial II Inc.,323177056,10.8201,10.8201,30,10.44,10.83,10.83,1734100200.0,0,Financial Services,Shell Companies,NGM
3534,NEWT,"NewtekOne, Inc.",314554752,10.89,11.05,187754,9.59,15.69,39.75,970061400.0,1786046400,Financial Services,Banks - Regional,NGM
3535,RIV,"RiverNorth Opportunities Fund, Inc.",314962624,10.25,10.25,110444,10.2001,12.15,20.649921,1452263400.0,0,Financial Services,Asset Management,NYQ
3536,PMTR,Perimeter Acquisition Corp. I,321818208,10.44,10.4401,88535,10.15,10.67,11.0,1750426200.0,0,Financial Services,Shell Companies,NGM
3537,AFRI,Forafric Global PLC,342979744,12.72,12.5,35262,8.13,13.185,16.37,1612535400.0,0,Consumer Defensive,Farm Products,NCM
3538,SMTI,Sanara MedTech Inc.,322224384,35.07,35.05,123980,16.05,35.34,7800.0,765725400.0,0,Healthcare,Medical Instruments & Supplies,NCM
3539,CLW,Clearwater Paper Corporation,305943680,18.97,19.51,56523,11.73,23.59,75.69,1228487400.0,1785268800,Basic Materials,Paper & Paper Products,NYQ
3540,IACQ,Irenic Acquisition Corp.,321101888,9.95,9.95,9,9.91,10.1,10.1,1781789400.0,0,Financial Services,Shell Companies,NGM
3541,FDBC,"Fidelity D & D Bancorp, Inc.",317899648,54.73,56.64,8407,39.87,56.9,75.0,924010200.0,1784723400,Financial Services,Banks - Regional,NGM
3542,FIP,FTAI Infrastructure Inc.,313181600,2.65,2.66,1022617,2.59,6.69,10.455,1658323800.0,1785960000,Industrials,Conglomerates,NMS
3543,JACS,Jackson Acquisition Company II,319572000,10.8,10.8,1130,10.38,10.83,10.83,1738247400.0,0,Financial Services,Shell Companies,NYQ
3544,CAES,"Cantor Equity Partners VII, Inc.",319137024,10.02,10.02,493556,10.01,10.17,10.17,1781703000.0,0,Financial Services,Shell Companies,NGM
3545,BBW,"Build-A-Bear Workshop, Inc.",314512640,25.53,25.9,202125,24.15,72.19,75.85,1098970200.0,1787833800,Consumer Cyclical,Specialty Retail,NYQ
3546,FVCB,"FVCBankcorp, Inc.",313254144,17.37,17.56,31277,11.83,19.11,19.11,1430919000.0,0,Financial Services,Banks - Regional,NCM
3547,ECX,ECARX Holdings Inc.,332548864,0.8462,0.83,351791,0.786,2.7,11.32,1617197400.0,1786451400,Consumer Cyclical,Auto Parts,NGM
3548,RNGT,Range Capital Acquisition Corp II,319218720,10.19,10.19,35,9.898,10.196,10.196,1763994600.0,0,Financial Services,Shell Companies,NGM
3549,TVA,Texas Ventures Acquisition III Corp,317400000,10.58,10.58,322722,10.31,11.86,12.27,1747402200.0,0,Financial Services,Shell Companies,NGM
3550,KTF,DWS Municipal Income Trust,316212512,8.07,8.0,195908,7.95,9.37,15.54,593703000.0,0,Financial Services,Asset Management,NYQ
3551,RBBN,Ribbon Communications Inc.,303999712,1.7,1.72,519146,1.55,4.09,468.33334,959261400.0,1785268800,Technology,Software - Application,NMS
3552,HIX,Western Asset High Income Fund II Inc.,315244000,3.5,3.48,252848,3.45,4.35,15.5,895843800.0,0,Financial Services,Asset Management,NYQ
3553,SAC,Safeguard Acquisition Corp.,316489696,10.09,10.1,240056,9.9,11.015,11.015,1769437800.0,0,Financial Services,Shell Companies,NYQ
3554,GEVO,"Gevo, Inc.",326352992,1.32,1.35,1927613,1.25,2.97,158160.0,1297261800.0,1786046400,Basic Materials,Specialty Chemicals,NCM
3555,ATII,Archimedes Tech SPAC Partners II Co.,316317088,10.69,10.7,883193,10.245,11.4,11.4,1743687000.0,0,Financial Services,Shell Companies,NGM
3556,EH,EHang Holdings Limited,317792064,4.19,4.08,747749,3.95,19.015,129.8,1576247400.0,1787661000,Industrials,Aerospace & Defense,NGM
3557,AEAQ,Activate Energy Acquisition Corp.,315621600,10.08,10.08,8,9.78,10.1,10.1,1769437800.0,0,Financial Services,Shell Companies,NGM
3558,IPXG,Inflection Point Acquisition Corp. VII,315509888,10.07,10.05,207381,9.76,10.22,10.22,1772202600.0,0,Financial Services,Shell Companies,NGM
3559,JAKK,"JAKKS Pacific, Inc.",323092672,28.23,27.96,127022,14.87,28.6,314.2,831043800.0,1792699200,Consumer Cyclical,Leisure,NMS
3560,CURR,CURRENC Group Inc.,305406752,2.72,2.77,32012,1.312,5.08,7.08,1725370200.0,0,Technology,Software - Application,NGM
3561,SAAQ,Space Asset Acquisition Corp.,315621600,10.08,10.08,293,9.88,11.1,11.1,1774013400.0,0,Financial Services,Shell Companies,NGM
3562,SCTX,Scribe Therapeutics Inc.,400783680,21.17,19.23,394901,13.5,39.6,39.6,1785159000.0,0,Healthcare,Biotechnology,NGM
3563,SRZN,"Surrozen, Inc.",348963136,29.69,27.97,781259,11.39,37.83,210.0,1610375400.0,0,Healthcare,Biotechnology,NCM
3564,BNTC,Benitec Biopharma Inc.,309409792,8.87,8.75,73043,8.52,16.76,5916.0,1403616600.0,1789416000,Healthcare,Biotechnology,NCM
3565,ELA,Envela Corporation,310003904,11.94,12.07,45868,7.61,29.68,29.68,700929000.0,1785960000,Consumer Cyclical,Luxury Goods,ASE
3566,HYAC,N/A,0,0.0,0.0,0,0.0,0.0,0.0,0.0,0,N/A,N/A,
3567,LE,"Lands' End, Inc.",310213632,10.5,10.39,288422,9.56,20.04,56.25,1395322200.0,1788438600,Consumer Cyclical,Apparel Retail,NCM
3568,AACO,Abony Acquisition Corp. I,312989440,9.98,9.98,2007,9.84,10.0,10.0,1776173400.0,0,Financial Services,Shell Companies,NGM
3569,ABAT,American Battery Technology Company,280878176,1.97,2.05,2425216,1.95,11.49,73.5,1456324200.0,1789389000,Industrials,Waste Management,NCM
3570,EGHT,"8x8, Inc.",304758912,2.11,2.16,608446,1.57,2.88,39.17,867850200.0,1785873600,Technology,Software - Application,NMS
3571,OPAL,OPAL Fuels Inc.,302213696,1.73,1.68,261718,1.65,2.87,12.352,1621863000.0,1786365000,Industrials,Engineering & Construction,NCM
3572,IHRT,"iHeartMedia, Inc.",297195200,1.92,1.97,1102920,1.86,6.56,28.24,1561987800.0,1786392000,Communication Services,Broadcasting,NMS
3573,LEGO,Legato Merger Corp. IV,312666688,10.0,10.0,124,9.8,10.08,10.08,1773667800.0,0,Financial Services,Shell Companies,ASE
3574,ILLU,Illumination Acquisition Corp I,311977952,9.97,9.97,6,9.82,10.01,10.01,1776778200.0,0,Financial Services,Shell Companies,NGM
3575,CAQ,Cambridge Acquisition Corp.,311621696,10.0,10.0,6,9.8,10.1,10.1,1774877400.0,0,Financial Services,Shell Companies,NGM
3576,MTAL,Metals Acquisition Corp. II,311113376,10.145,10.165,57554,9.95,11.8,11.8,1776259800.0,0,Financial Services,Shell Companies,NYQ
3577,LWAC,LightWave Acquisition Corp.,311576992,10.36,10.35,146789,9.98,10.39,10.39,1755264600.0,0,Financial Services,Shell Companies,NGM
3578,LPBB,Launch Two Acquisition Corp.,310500000,10.8,10.8,470,10.45,10.85,11.06,1732890600.0,0,Financial Services,Shell Companies,NGM
3579,MLP,"Maui Land & Pineapple Company, Inc.",294511296,14.83,15.17,11159,13.84,19.92,47.2,767280600.0,0,Real Estate,Real Estate Services,NYQ
3580,BGT,BlackRock Floating Rate Income Trust,309580608,10.38,10.32,101011,10.22,12.21,20.21,1093872600.0,0,Financial Services,Asset Management,NYQ
3581,RAC,Rithm Acquisition Corp.,310863680,10.57,10.57,52695,10.26,10.6,10.6,1745242200.0,0,Financial Services,Shell Companies,NYQ
3582,ASYS,"Amtech Systems, Inc.",288008256,16.45,16.21,161864,6.75,25.71,30.8,429283800.0,1785960000,Technology,Semiconductor Equipment & Materials,NMS
3583,AWP,abrdn Global Premier Properties Fund,312876288,10.14,9.96,72184,9.84,12.71,61.65,1177594200.0,0,Financial Services,Asset Management,NYQ
3584,SVIV,Spring Valley Acquisition Corp. IV,309426688,10.09,10.11,8104,9.55,10.8,10.8,1772461800.0,0,Financial Services,Shell Companies,NGM
3585,LWAY,"Lifeway Foods, Inc.",334765504,22.16,21.09,241787,17.31,32.71,34.2,599409000.0,1786624200,Consumer Defensive,Packaged Foods,NGM
3586,VHCP,Vine Hill Capital Investment Corp. II,308813344,10.07,10.07,38,9.89,10.1,10.1,1770647400.0,0,Financial Services,Shell Companies,NGM
3587,ITHA,ITHAX Acquisition Corp III,308506688,10.06,10.06,311,9.85,10.11,10.11,1768919400.0,0,Financial Services,Shell Companies,NGM
3588,DBI,Designer Brands Inc.,291403392,5.7,5.79,594346,3.2,9.17,47.55,1120051800.0,1789043400,Consumer Cyclical,Footwear & Accessories,NYQ
3589,BKT,"BlackRock Income Trust, Inc.",309314496,9.55,9.52,115931,9.42,11.34,33.0,585581400.0,0,Financial Services,Asset Management,NYQ
3590,TMTS,Spartacus Acquisition Corp. II,306666688,10.0,10.03,218233,9.9,10.45,10.45,1775136600.0,0,Financial Services,Shell Companies,NGM
3591,FCCO,First Community Corporation,303329312,32.27,32.44,26617,25.92,35.74,35.74,920989800.0,1792585800,Financial Services,Banks - Regional,NCM
3592,HRZN,Horizon Technology Finance Corporation,307350464,4.585,4.58,249389,3.8,6.85,19.08,1288359000.0,1785873600,Financial Services,Asset Management,NMS
3593,FTW,Presidio Production Company,309667712,9.83,9.52,131245,9.46,17.2,17.2,1727443800.0,1786478400,Energy,Oil & Gas E&P,NYQ
3594,ZTR,Virtus Global Dividend & Income Fund Inc.,309460416,6.19,6.07,95746,5.92,7.11,44.5,591283800.0,0,Financial Services,Asset Management,NYQ
3595,FVRR,Fiverr International Ltd.,313490368,8.72,8.64,460792,8.31,23.85,336.0,1560432600.0,1793277000,Communication Services,Internet Content & Information,NYQ
3596,BRW,Saba Capital Income & Opportunities Fund,300280512,5.9,5.935,140589,5.85,7.59,21.0,700151400.0,0,Financial Services,Asset Management,NYQ
3597,EFR,Eaton Vance Senior Floating-Rate Trust,304388512,10.31,10.3,94726,10.11,11.49,20.49,1069770600.0,0,Financial Services,Asset Management,NYQ
3598,XNET,Xunlei Limited,319339648,5.01,4.81,212382,4.52,9.99,27.0,1403616600.0,1786624200,Technology,Software - Infrastructure,NMS
3599,GOGO,Gogo Inc.,314378208,2.32,2.26,1375127,2.05,9.93,35.77,1371821400.0,1786019400,Communication Services,Telecom Services,NMS
3600,TRVG,trivago N.V.,295639936,4.19,4.27,44562,2.59,6.8,121.35,1481898600.0,1785873600,Communication Services,Internet Content & Information,NMS
3601,CFSU,"Complete Financial Solutions, Inc.",330408416,0.125,0.114,1900,0.05,0.1499,0.335,1363872600.0,0,Industrials,Conglomerates,OID
3602,NODK,"NI Holdings, Inc.",301785856,14.79,14.89,20034,12.37,16.7,21.21,1489671000.0,1786132800,Financial Services,Insurance - Property & Casualty,NCM
3603,RM,Regional Management Corp.,309156352,33.51,33.92,100921,29.89,44.3,67.6,1332941400.0,1793217600,Financial Services,Credit Services,NYQ
3604,BIXI,Bitcoin Infrastructure Acquisition Corp Ltd.,303441600,10.08,10.08,17,9.8,10.33,10.33,1766154600.0,0,Financial Services,Shell Companies,NGM
3605,VELO,"Velo3D, Inc.",278732864,8.67,8.98,1314617,3.75,31.75,6919.5,1611585000.0,1786478400,Technology,Computer Hardware,NCM
3606,OTGA,OTG Acquisition Corp. I,302926496,10.26,10.26,24,9.972,10.27,10.27,1762180200.0,0,Financial Services,Shell Companies,NGM
3607,MTRX,Matrix Service Company,297913920,10.53,10.63,399266,9.38,15.97,38.71,654355800.0,1788379200,Industrials,Engineering & Construction,NMS
3608,FRD,"Friedman Industries, Incorporated",302792960,41.98,41.85,26182,16.55,48.77,48.77,322151400.0,0,Basic Materials,Steel,NMS
3609,HVMC,Highview Merger Corp.,302628896,10.29,10.29,7,9.95,10.29,10.29,1759498200.0,0,Financial Services,Shell Companies,NGM
3610,GSRV,GSR V Acquisition Corp.,302688960,9.95,9.96,31056,9.84,9.96,9.96,1782999000.0,0,Financial Services,Shell Companies,NGM
3611,EFTY,"Etoiles Capital Group Co., Ltd",226952208,15.02,15.02,0,15.02,15.02,18.2,1754659800.0,0,Industrials,Consulting Services,NCM
3612,JENA,Jena Acquisition Corporation II,301919488,10.42,10.42,25093,10.06,10.61,10.61,1753191000.0,0,Financial Services,Shell Companies,NYQ
3613,GSRF,GSR IV Acquisition Corp.,301994496,10.27,10.265,1112,9.96,10.27,10.27,1760967000.0,0,Financial Services,Shell Companies,NGM
3614,PRLD,Prelude Therapeutics Incorporated,310435584,3.89,3.88,341647,1.16,6.83,95.375,1601040600.0,1786451400,Healthcare,Biotechnology,NMS
3615,RMR,The RMR Group Inc.,302490784,17.71,17.71,193128,14.27,21.45,98.0,1450103400.0,1785960000,Real Estate,Real Estate Services,NCM
3616,QLEP,Quantum Leap Acquisition Corp,301293984,10.05,10.05,165,9.93,10.1,10.1,1782221400.0,0,Financial Services,Shell Companies,NYQ
3617,SHMD,SCHMID Group N.V.,254556976,3.82,3.97,582918,2.4,10.65,10.65,1714570200.0,1787661000,Industrials,Specialty Industrial Machinery,NGM
3618,ELLO,Ellomay Capital Ltd.,300474400,21.8,21.8,799,17.0,30.34,210.0,812986200.0,0,Utilities,Utilities - Renewable,ASE
3619,SNDL,SNDL Inc.,300267456,1.22,1.22,766778,1.165,2.598,132.2,1564666200.0,1785241800,Consumer Defensive,Beverages - Wineries & Distilleries,NCM
3620,ZIP,"ZipRecruiter, Inc.",342883104,4.17,3.98,499746,1.65,5.61,32.9,1622035800.0,1785960000,Communication Services,Internet Content & Information,NYQ
3621,BDSX,"Biodesix, Inc.",274540096,26.02,25.63,46731,5.26,31.97,639.8,1603891800.0,1785960000,Healthcare,Diagnostics & Research,NGM
3622,MOBI,"Mobia Medical, Inc.",287302176,8.63,8.56,89123,8.29,15.29,15.29,1778247000.0,1786478400,Healthcare,Medical Devices,NMS
3623,SVAQ,Silicon Valley Acquisition Corp.,298487296,10.18,10.1599,485237,9.86,10.18,10.17,1770906600.0,0,Financial Services,Shell Companies,NGM
3624,BPRN,"Princeton Bancorp, Inc.",291741280,42.82,43.6,26911,29.695,44.495,44.495,1496237400.0,1784836800,Financial Services,Banks - Regional,NMS
3625,GPAC,General Purpose Acquisition Corp.,297041024,10.1,10.1,62,9.86,10.1,10.1,1769178600.0,0,Financial Services,Shell Companies,NGM
3626,SVCO,"Silvaco Group, Inc.",275321792,8.125,7.99,209525,3.07,14.39,21.59,1715261400.0,1786046400,Technology,Software - Application,NMS
3627,HCAC,Hall Chadwick Acquisition Corp.,296352512,10.15,10.1301,215817,9.91,10.155,10.15,1769524200.0,0,Financial Services,Shell Companies,NGM
3628,RCMT,"RCM Technologies, Inc.",294243200,41.38,41.85,31785,17.26,43.68,43.68,432221400.0,1786564800,Industrials,Conglomerates,NGM
3629,PSBD,Palmer Square Capital BDC Inc.,294864736,9.62,9.69,110755,9.34,12.97,17.12,1705588200.0,1785933000,Financial Services,Asset Management,NYQ
3630,IRHO,Iron Horse Acquisitions Corp. II,294959200,10.06,10.07,150509,9.85,10.14,10.14,1770388200.0,0,Financial Services,Shell Companies,NGM
3631,CWH,"Camping World Holdings, Inc.",289140640,4.53,4.48,2047029,3.965,17.15,49.2,1475847000.0,1785355200,Consumer Cyclical,Auto & Truck Dealerships,NYQ
3632,TSSI,"TSS, Inc.",273724960,9.7,9.97,473423,6.87,21.77,31.94,1128000600.0,1786651200,Technology,Information Technology Services,NCM
3633,TBCV,"Thunder Bridge Capital Partners V, Ltd.",294147008,9.8,11.1,28,9.78,11.1,11.1,1791207000.0,0,Financial Services,Shell Companies,NGM
3634,SES,SES AI Corporation,289529920,0.7798,0.7823,34538967,0.491,3.73,11.47,1614609000.0,1786478400,Consumer Cyclical,Auto Parts,NYQ
3635,MYFW,"First Western Financial, Inc.",291293792,29.83,30.1,35534,22.0,34.36,34.36,1532007000.0,1792699200,Financial Services,Banks - Regional,NMS
3636,MTNE,CH4 Natural Solutions Corporation,293266016,9.93,9.95,528,9.84,10.05,10.05,1782135000.0,0,Financial Services,Shell Companies,NYQ
3637,BACC,Blue Acquisition Corp.,291924992,10.44,10.44,771234,10.0,11.1,11.1,1754314200.0,0,Financial Services,Shell Companies,NGM
3638,ACGC,ACP Holdings Acquisition Corp.,292605216,10.055,10.06,934,9.9,10.89,10.89,1779975000.0,0,Financial Services,Shell Companies,NGM
3639,ALTO,"Alto Ingredients, Inc.",288942528,3.725,3.73,828526,0.99,6.11,4672.5,1111674600.0,1785960000,Basic Materials,Specialty Chemicals,NCM
3640,LRMR,"Larimar Therapeutics, Inc.",277367456,2.67,2.7,867607,2.61,6.42,664.32,1403184600.0,1785846600,Healthcare,Biotechnology,NGM
3641,AIV,Apartment Investment and Management Company,273064992,1.77,1.78,3213206,1.72,8.01,9.79,774883800.0,0,Real Estate,REIT - Residential,NYQ
3642,XFLT,XAI Floating Rate & Alternative Income Trust,288472960,18.94,18.99,142645,14.925,26.0,55.75,1507555800.0,0,Financial Services,Asset Management,NYQ
3643,TJGC,TJGC Group Limited,336128768,33.28,33.0,27689,1.461,36.76,164.73,1737556200.0,0,Communication Services,Advertising Agencies,NCM
3644,DUOT,"Duos Technologies Group, Inc.",226602000,7.2,7.8,1628765,6.17,15.28,87.5,1496151000.0,1786996800,Technology,Software - Application,NCM
3645,ADAC,American Drive Acquisition Company,289225024,10.06,10.15,122,9.85,10.73,10.73,1770647400.0,0,Financial Services,Shell Companies,NGM
3646,MXF,"The Mexico Fund, Inc.",289122304,20.05,19.85,10095,18.3,23.0,45.95,360509400.0,0,Financial Services,Asset Management,NYQ
3647,SUPX,SuperX AI Technology Limited,303105920,7.01,6.87,364766,5.61,70.84,76.5,1713360600.0,0,Technology,Software - Infrastructure,NCM
3648,FNRN,First Northern Community Bancorp,263144608,16.05,17.3,49625,12.009524,19.25,19.25,915546600.0,0,Financial Services,Banks - Regional,NCM
3649,KPET,KPET Ultra Paceline Corporation,290429728,10.02,10.02,6,9.95,10.15,10.15,1779802200.0,0,Financial Services,Shell Companies,NYQ
3650,ACB,Aurora Cannabis Inc.,284262144,4.49,4.43,1345835,2.56,6.36,1503.0,1405431000.0,1785933000,Healthcare,Drug Manufacturers - Specialty & Generic,NCM
3651,FGII,FG Imperii Acquisition Corp.,290268192,10.03,10.03,43,9.86,10.04,10.04,1773149400.0,0,Financial Services,Shell Companies,NGM
3652,BKTI,BK Technologies Corporation,277125472,73.52,73.35,46667,60.0,104.55,858.75,322237800.0,1786624200,Technology,Communication Equipment,ASE
3653,PSFE,Paysafe Limited,301283264,5.77,5.74,244571,5.35,12.95,234.792,1602250200.0,1786624200,Technology,Software - Infrastructure,NYQ
3654,LPCV,Launchpad Cadenza Acquisition Corp I,289800000,10.08,10.08,125738,9.88,10.13,10.13,1770647400.0,0,Financial Services,Shell Companies,NGM
3655,JWSMF,Jaws Mustang Acquisition Corporation,289503936,11.15,11.15,1,10.0,11.21,11.44,1616765400.0,0,Financial Services,Shell Companies,OID
3656,FUND,"Sprott Focus Trust, Inc.",289241440,9.75,9.5901,20886,7.97,10.99,12.78,581779800.0,0,Financial Services,Asset Management,NGM
3657,OVLY,Oak Valley Bancorp,280732064,33.37,34.27,10229,25.41,35.97,35.97,1066224600.0,0,Financial Services,Banks - Regional,NCM
3658,ZH,Zhihu Inc.,291514688,3.47,3.42,194630,2.56,4.77,83.094,1616765400.0,1787747400,Communication Services,Internet Content & Information,NYQ
3659,TEI,Templeton Emerging Markets Income Fund,292343904,6.19,6.11,120109,5.75,7.0,18.2,748791000.0,0,Financial Services,Asset Management,NYQ
3660,CUVL,Clinuvel Pharmaceuticals Limited,282223040,5.59,5.6,1408,5.53,8.92,31.44,1201703400.0,0,Healthcare,Biotechnology,NMS
3661,SEG,Seaport Entertainment Group Inc.,285012160,22.25,22.36,58214,17.74,29.61,36.5,1722346200.0,1785960000,Real Estate,Real Estate Services,NYQ
3662,UCFI,CN Healthy Food Tech Group Corp.,287814784,5.51,5.511,0,5.51,5.511,14.71,1708093800.0,0,Consumer Defensive,Packaged Foods,NCM
3663,DSC,DSC Holdings Ltd.,277401600,5.54,5.45,71235,4.52,16.35,16.35,1782394200.0,0,Consumer Cyclical,Auto & Truck Dealerships,NGM
3664,ABEO,Abeona Therapeutics Inc.,282489056,4.94,4.96,1284750,4.0,7.65,5437500.0,338218200.0,1786624200,Healthcare,Biotechnology,NCM
3665,HPF,John Hancock Preferred Income Fund II,291210816,13.43,13.22,87887,13.09,16.84,27.35,1038321000.0,0,Financial Services,Asset Management,NYQ
3666,ISBA,Isabella Bank Corporation,284480672,37.29,38.46,17777,33.24,58.83,58.83,1138631400.0,0,Financial Services,Banks - Regional,NCM
3667,PMTS,CPI Card Group Inc.,296059232,25.54,25.0,105339,10.81,31.25,67.5,1444311000.0,1786019400,Financial Services,Credit Services,NGM
3668,SHOT,RMG ML Sports Holdings,286550560,9.855,9.855,18,9.8,9.9,9.9,1784295000.0,0,Financial Services,Shell Companies,NGM
3669,BNC,BNB Standard Corporation,256546576,5.26,5.1,838412,1.835,10.38,15714.0,1395063000.0,0,Industrials,Farm & Heavy Construction Machinery,NCM
3670,CUB,Lionheart Holdings,285174848,10.9,10.905,31007,10.53,11.225,11.225,1723469400.0,0,Financial Services,Shell Companies,NGM
3671,CDZI,Cadiz Inc.,289595584,3.42,3.52,1759702,2.87,6.96,531.25,599841000.0,0,Industrials,Pollution & Treatment Controls,NGM
3672,ATLO,Ames National Corporation,278648128,31.46,31.98,12428,19.56,32.86,42.82,950625000.0,0,Financial Services,Banks - Regional,NCM
3673,FRAF,Franklin Financial Services Corporation,281673824,62.6,63.32,26092,43.47,65.41,65.41,765639000.0,1784896200,Financial Services,Banks - Regional,NCM
3674,BBOT,"BridgeBio Oncology Therapeutics, Inc.",265376816,3.31,3.42,471551,3.27,14.87,14.87,1707489000.0,0,Healthcare,Biotechnology,NGM
3675,ATLQ,JAB Acquisition Corp I Class A Ordinary Shares,284043648,9.9797,9.975,4931,9.89,9.99,9.99,1785936600.0,0,Financial Services,Shell Companies,NGM
3676,RELL,"Richardson Electronics, Ltd.",309287488,20.79,19.97,491703,9.37,23.15,27.24,436195800.0,1791403200,Technology,Electronic Components,NMS
3677,RFMZ,"RiverNorth Flexible Municipal Income Fund II, Inc.",279558144,11.48,11.34,192493,11.31,13.7,21.93,1614177000.0,0,Financial Services,Asset Management,NYQ
3678,ALCO,"Alico, Inc.",284501792,38.35,38.7,20786,31.32,45.01,65.0,105283800.0,1786392000,Consumer Defensive,Farm Products,NMS
3679,IKT,"Inhibikase Therapeutics, Inc.",274885728,1.97,1.91,435033,1.33,2.61,70.8,1608733800.0,0,Healthcare,Biotechnology,NCM
3680,QNBC,QNB Corp.,287180256,46.25,46.15,34428,34.0,46.6,50.0,1055251800.0,0,Financial Services,Banks - Regional,NCM
3681,TVAI,Thayer Ventures Acquisition Corporation II,283108608,10.41,10.41,11,9.75,10.41,10.5,1751463000.0,0,Financial Services,Shell Companies,NGM
3682,MGPI,"MGP Ingredients, Inc.",295085952,13.78,13.77,265190,12.42,26.77,125.74,593443800.0,1785328200,Consumer Defensive,Beverages - Wineries & Distilleries,NMS
3683,WLCO,Wilco 63 Corporation Class A Ordinary Shares,282324992,9.82,9.82,1308,9.77,11.5,11.5,1786368600.0,0,Financial Services,Shell Companies,NGM
3684,LAB,Standard BioTools Inc.,270643840,0.6894,0.6703,649201,0.63,1.72,49.46,1297348200.0,1785960000,Healthcare,Medical Devices,NMS
3685,AXIN,Axiom Intelligence Acquisition Corp 1,282482656,10.36,10.35,44774,9.99,10.45,10.45,1754055000.0,0,Financial Services,Shell Companies,NGM
3686,FULC,"Fulcrum Therapeutics, Inc.",287640640,3.77,3.75,1798882,2.83,15.74,33.098,1563456600.0,0,Healthcare,Biotechnology,NGM
3687,XCBE,X3 Acquisition Corp. Ltd.,282093728,10.03,10.03,31,9.75,10.03,10.03,1773408600.0,0,Financial Services,Shell Companies,NGM
3688,SAMO,Samos Energy Acquisition Corporation,281750016,9.8,9.8,467,9.79,9.9,9.9,1788183000.0,0,Financial Services,Shell Companies,NYQ
3689,TDUP,ThredUp Inc.,325707456,2.48,2.35,1600358,2.09,10.0,31.86,1616765400.0,1793822400,Consumer Cyclical,Internet Retail,NMS
3690,HWBK,"Hawthorn Bancshares, Inc.",276607104,37.82,38.26,10430,29.39,40.6,40.6,932477400.0,0,Financial Services,Banks - Regional,NMS
3691,PAII,Pyrophyte Acquisition Corp. II,281666784,10.33,10.34,1930,9.96,10.35,10.35,1757597400.0,0,Financial Services,Shell Companies,NYQ
3692,FUNC,First United Corporation,278483040,43.15,43.5,79076,33.54,46.3,46.3,715527000.0,1784577600,Financial Services,Banks - Regional,NMS
3693,KF,"The Korea Fund, Inc.",265094688,63.75,62.9,14833,30.99,81.94,510.0,462029400.0,0,Financial Services,Asset Management,NYQ
3694,AIRJ,AirJoule Technologies Corporation,264784080,3.61,3.69,1141225,2.22,6.75,49.11,1643725800.0,1786651200,Industrials,Building Products & Equipment,NCM
3695,HLLY,Holley Inc.,301873024,2.49,2.44,1288762,2.25,4.48,14.68,1606487400.0,1785933000,Consumer Cyclical,Auto Parts,NYQ
3696,BIOA,"BioAge Labs, Inc.",290986400,6.34,6.21,667336,5.04,25.955,26.62,1727357400.0,0,Healthcare,Drug Manufacturers - Specialty & Generic,NMS
3697,ISNR,Snow Rothschild Acquisition Corp,278396992,9.82,9.82,3,9.8,9.95,9.95,1785418200.0,0,Financial Services,Shell Companies,NGM
3698,RFI,"Cohen & Steers Total Return Realty Fund, Inc.",282067648,10.54,10.3,88165,10.25,12.07,21.84,760977000.0,0,Financial Services,Asset Management,NYQ
3699,FATE,"Fate Therapeutics, Inc.",261208720,2.18,2.13,770694,0.95,3.23,121.16,1380634200.0,1786624200,Healthcare,Biotechnology,NGM
3700,NXDT,NexPoint Diversified Real Estate Trust,273496064,5.15,5.14,72285,2.55,5.95,54.130703,1151328600.0,1786710600,Real Estate,REIT - Diversified,NYQ
3701,FXHO,UTime Limited,285623712,10.87,12.3,55043,5.02,6350.0,134162496.0,1617715800.0,0,Technology,Consumer Electronics,NCM
3702,WNEB,"Western New England Bancorp, Inc.",270819744,13.51,13.7,23837,10.78,15.01,15.01,1020346200.0,1793131200,Financial Services,Banks - Regional,NMS
3703,XSLL,Xsolla SPAC 1,276800416,10.0,10.0,9,9.76,10.01,10.01,1773840600.0,0,Financial Services,Shell Companies,NGM
3704,EOD,Wells Fargo Advantage Funds - Allspring Global Dividend Opportunity Fund,277344480,6.44,6.31,166000,5.51,6.74,21.0,1175088600.0,0,Financial Services,Asset Management,NYQ
3705,III,"Information Services Group, Inc.",280313952,5.79,5.72,165834,3.74,6.45,9.7,1171290600.0,1785960000,Technology,Information Technology Services,NGM
3706,MTAK,Market Technology Acquisition Corp,275971008,9.84,9.85,198106,9.83,10.0,10.0,1789651800.0,0,Financial Services,Shell Companies,NGM
3707,NC,"NACCO Industries, Inc.",268219488,35.57,36.53,13562,35.45,59.42,66.4,235402200.0,1785960000,Energy,Thermal Coal,NYQ
3708,XFOR,"X4 Pharmaceuticals, Inc.",288517024,2.91,2.79,541198,2.7,4.83,5164.92,1510842600.0,0,Healthcare,Biotechnology,NCM
3709,NHIV,NewHold Investment Corp IV,276119584,10.05,10.05,14,9.8,11.5,11.5,1780925400.0,0,Financial Services,Shell Companies,NGM
3710,NKSH,"National Bankshares, Inc.",271133600,42.56,42.98,22132,27.0,45.0,49.75,944058600.0,1792699200,Financial Services,Banks - Regional,NCM
3711,OIA,Invesco Municipal Income Opportunities Trust,274649408,5.73,5.73,200900,5.09,6.4,11.125,590679000.0,0,Financial Services,Asset Management,NYQ
3712,LCNB,LCNB Corp.,264002384,18.52,18.94,13461,14.31,21.32,27.65,940944600.0,1784205000,Financial Services,Banks - Regional,NCM
3713,SRV,NXG Cushing Midstream Energy Fund,277367360,44.49,44.07,28870,38.11,51.54,400.0,1188912600.0,0,Financial Services,Asset Management,NYQ
3714,USNA,"USANA Health Sciences, Inc.",270865984,14.66,14.66,153386,12.57,23.59,137.95,765466200.0,1785873600,Consumer Defensive,Packaged Foods,NYQ
3715,PTLO,Portillo's Inc.,291525088,4.02,3.9,1486729,3.29,6.69,57.725,1634823000.0,1793881800,Consumer Cyclical,Restaurants,NMS
3716,LXEO,"Lexeo Therapeutics, Inc.",265144736,3.23,3.21,961284,2.98,10.99,22.33,1699018200.0,1786537800,Healthcare,Biotechnology,NGM
3717,PC,Premium Catering (Holdings) Limited,274480000,9.4,9.4,0,9.188,10.088,51.57,1727271000.0,0,Industrials,Specialty Business Services,NCM
3718,RCKT,"Rocket Pharmaceuticals, Inc.",281022976,2.56,2.63,3368250,2.42,5.45,77.8,1424269800.0,0,Healthcare,Biotechnology,NGM
3719,CEPO,"Cantor Equity Partners I, Inc.",274889984,10.78,10.765,166865,8.22,10.97,16.5,1736260200.0,0,Financial Services,Shell Companies,NGM
3720,TBI,"TrueBlue, Inc.",270041312,8.87,9.16,185918,3.18,11.03,32.91,765466200.0,1785873600,Industrials,Staffing & Employment Services,NYQ
3721,UXIN,Uxin Limited,248577696,1.13,1.12,102112,0.896,4.18,1049.0,1530106200.0,1790253000,Consumer Cyclical,Auto & Truck Dealerships,NMS
3722,MFIN,Medallion Financial Corp.,272767744,11.88,12.05,55374,7.85,12.26,31.359375,832858200.0,1785355200,Financial Services,Credit Services,NMS
3723,MUZE,Muzero Acquisition Corp,274021664,10.03,10.01,1981,9.78,10.04,10.04,1774272600.0,0,Financial Services,Shell Companies,NGM
3724,ARDC,"Ares Dynamic Credit Allocation Fund, Inc.",274410688,11.45,11.38,72429,11.25,13.99,20.41,1354113000.0,0,Financial Services,Asset Management,NYQ
3725,KWY,Kingsway Corporation,271951392,9.4,9.49,49126,8.41,16.51,94.96,994858200.0,1786046400,Financial Services,Asset Management,NYQ
3726,FXNC,First National Corporation,266395840,29.46,29.97,9412,21.59,33.24,33.24,916324200.0,1785328200,Financial Services,Banks - Regional,NCM
3727,LDI,"loanDepot, Inc.",250087312,0.5628,0.6183,2945909,0.5628,3.8,39.85,1613053800.0,1785873600,Financial Services,Mortgage Finance,NYQ
3728,AVNW,"Aviat Networks, Inc.",267073776,20.77,20.42,46456,13.92,27.02,291.0,548429400.0,1787833800,Technology,Communication Equipment,NMS
3729,SBXDF,SilverBox Corp IV,280004992,11.0,11.0,100,0.14,11.89,11.89,1728307800.0,0,Financial Services,Shell Companies,OID
3730,CNCK,Coincheck Group N.V.,258552336,1.35,1.32,47647,1.32,9.31,14.99,1631280600.0,1786019400,Financial Services,Capital Markets,NGM
3731,BCYC,Bicycle Therapeutics plc,272272288,3.89,3.81,300616,3.33,9.1,62.075,1558618200.0,1785414600,Healthcare,Biotechnology,NMS
3732,QSI,Quantum-Si incorporated,334892352,1.53,1.22,40641085,0.69,3.1,25.0,1605277800.0,1786651200,Healthcare,Medical Devices,NGM
3733,GPRO,"GoPro, Inc.",245564096,1.19,1.18,4458066,0.57,2.73,98.47,1403789400.0,1786392000,Technology,Consumer Electronics,NMS
3734,TSI,"TCW Strategic Income Fund, Inc.",270784160,4.25,4.22,150572,4.17,4.98,12.0625,541348200.0,0,Financial Services,Asset Management,NYQ
3735,VNDA,Vanda Pharmaceuticals Inc.,276314496,4.57,4.53,639800,4.27,9.94,33.44,1144848600.0,1785960000,Healthcare,Biotechnology,NGM
3736,DNMX,Dynamix Corporation III,270748320,10.09,10.0813,12771,9.866,10.09,10.09,1763562600.0,0,Financial Services,Shell Companies,NGM
3737,SABS,"SAB Biotherapeutics, Inc.",271139392,2.98,2.89,659610,2.1,5.15,129.0,1612881000.0,1786019400,Healthcare,Biotechnology,NCM
3738,TLSI,"TriSalus Life Sciences, Inc.",249992880,4.06,4.13,198946,2.2,7.95,16.24,1612794600.0,1786046400,Healthcare,Medical Devices,NGM
3739,LAW,"CS Disco, Inc.",283474080,4.42,4.36,157533,2.45,9.11,69.41,1626874200.0,1785933000,Technology,Software - Application,NYQ
3740,KINS,"Kingstone Companies, Inc.",267663696,18.49,19.04,75969,13.83,20.9,22.4,940944600.0,1786046400,Financial Services,Insurance - Property & Casualty,NCM
3741,CATL,Catalyst Acquisition Corp.,266760496,9.8182,9.8148,2454,9.78,10.12,10.12,1789651800.0,0,Financial Services,Shell Companies,NGM
3742,PHOS,First Phosphate Corp. American Depositary Shares,284473344,15.04,13.52,50439,10.25,21.3,21.3,1785850200.0,0,Basic Materials,Other Industrial Metals & Mining,NGM
3743,HQI,"HireQuest, Inc.",238915200,17.2,18.18,30386,7.38,20.84,106.2,1065533400.0,1786392000,Industrials,Staffing & Employment Services,NCM
3744,GENC,"Gencor Industries, Inc.",264571504,18.05,18.08,48800,12.22,20.19,24.88,1058275800.0,1786365000,Industrials,Farm & Heavy Construction Machinery,ASE
3745,NCZ,Virtus Convertible & Income Fund II,276109920,14.51,14.02,150094,12.95,16.17,65.04,1059485400.0,0,Financial Services,Asset Management,NYQ
3746,XTER,Karman Line Acquisition Corp. Class A Ordinary Shares,267430176,9.79,9.79,179538,9.78,9.9,9.9,1787837400.0,0,Financial Services,Shell Companies,NGM
3747,OFLX,"Omega Flex, Inc.",265682544,26.32,26.25,41010,24.75,37.92,193.6,1122903000.0,0,Industrials,Specialty Industrial Machinery,NGM
3748,FUBO,FuboTV Inc.,267005808,8.84,9.35,937706,7.95,52.68,747.48,1553693400.0,1785933000,Communication Services,Broadcasting,NYQ
3749,AZ,A2Z Cust2Mate Solutions Corp.,254032720,5.77,5.83,561652,4.97,8.725,30.9,1610116200.0,1786564800,Technology,Software - Application,NCM
3750,TMCI,"Treace Medical Concepts, Inc.",256886480,3.95,3.875,161173,1.17,7.08,37.17,1619184600.0,1786105800,Healthcare,Medical Devices,NMS
3751,NSTR,"NorthStar Earth & Space Enterprises, Inc.",134990128,3.28,4.12,143557,3.2501,5.95,5.95,1790947800.0,0,Technology,Software - Infrastructure,ASE
3752,SSP,The E.W. Scripps Company,265033312,2.86,2.89,396431,1.518797,5.39,109.37948,583680600.0,1793908800,Communication Services,Broadcasting,NMS
3753,CMRC,"Commerce.com, Inc.",288349280,3.48,3.22,736894,1.95,5.545,162.5,1596634200.0,1786019400,Technology,Software - Application,NGM
3754,AUDC,AudioCodes Ltd.,275100320,11.39,11.32,84233,6.95,11.5582,76.0,927898200.0,1785846600,Technology,Communication Equipment,NMS
3755,RWAY,Runway Growth Finance Corp.,268013840,6.395,6.46,374199,5.19,10.2,14.92,1634823000.0,1793908800,Financial Services,Asset Management,NMS
3756,CATX,"Perspective Therapeutics, Inc.",303643424,2.66,2.71,1104521,1.96,6.16,85.0,1131633000.0,1786392000,Healthcare,Medical Devices,ASE
3757,PDYN,Palladyne AI Corp.,248666096,5.04,5.12,646572,4.14,10.728,63.0,1632749400.0,1786019400,Technology,Software - Infrastructure,NGM
3758,ZNTL,"Zentalis Pharmaceuticals, Inc.",259041856,2.64,2.51,609848,1.212,6.95,87.19,1585920600.0,0,Healthcare,Biotechnology,NGM
3759,EYPT,"EyePoint, Inc.",285060416,3.4,3.46,1939014,3.05,19.11,485.6,1106836200.0,1785933000,Healthcare,Biotechnology,NGM
3760,HCKT,"The Hackett Group, Inc.",276890720,11.13,10.98,120647,9.16,20.68,40.375,896362200.0,1793736000,Technology,Information Technology Services,NMS
3761,INFU,"InfuSystem Holdings, Inc.",270076960,13.56,13.41,63287,7.29,13.85,23.26,1198765800.0,1785846600,Healthcare,Medical Devices,ASE
3762,PCYO,Pure Cycle Corporation,267721776,11.11,11.0,46025,9.705,12.44,16.63,766243800.0,0,Utilities,Utilities - Regulated Water,NCM
3763,OACC,Oaktree Acquisition Corp. III Life Sciences,264264752,10.75,10.76,228988,10.5,10.875,10.875,1734359400.0,0,Financial Services,Shell Companies,NGM
3764,DMAA,Drugs Made In America Acquisition Corp.,263404512,10.85,10.85,13511,10.28,10.89,10.89,1740493800.0,0,Financial Services,Shell Companies,NGM
3765,PPIH,"Perma-Pipe International Holdings, Inc.",256673008,31.32,31.17,32314,23.01,36.72,36.72,629735400.0,1788957000,Industrials,Building Products & Equipment,NGM
3766,OSUR,"OraSure Technologies, Inc.",268977632,3.9,3.795,446795,2.08,4.58,27.5,532621800.0,1785960000,Healthcare,Medical Instruments & Supplies,NMS
3767,PALI,"Palisade Bio, Inc.",268376656,1.54,1.45,1840395,1.32,2.86,5627700.0,1175261400.0,0,Healthcare,Biotechnology,NCM
3768,STRT,Strattec Security Corporation,253497040,63.73,64.3,43131,57.01,93.0,110.96,793549800.0,1787688000,Consumer Cyclical,Auto Parts,NGM
3769,NTWO,Newbury Street II Acquisition Corp,260698032,10.81,10.82,1438821,10.29,12.14,12.14,1735309800.0,0,Financial Services,Shell Companies,NGM
3770,NPCT,Nuveen Core Plus Impact Fund,260520320,9.06,8.99,77769,8.89,11.004,20.15,1619616600.0,0,Financial Services,Asset Management,NYQ
3771,FACT,FACT II Acquisition Corp,261212448,10.74,10.733,1147483,10.305,10.75,10.75,1734705000.0,0,N/A,N/A,NGM
3772,SLNH,"Soluna Holdings, Inc.",220131520,0.9,0.9494,8100430,0.59,5.14,6733.3335,929367000.0,1786651200,Financial Services,Capital Markets,NCM
3773,SY,So-Young International Inc.,250529552,2.49,2.48,94263,1.28,4.75,22.8,1556803800.0,1788179400,Healthcare,Health Information Services,NCM
3774,XPER,Xperi Inc.,254101200,5.21,5.25,331927,5.065,8.75,26.0,1663680600.0,1785960000,Technology,Software - Application,NYQ
3775,TRGS,TRG Latin America Acquisitions Corp.,259369552,9.97,9.97,19,9.82,10.1,10.1,1776691800.0,0,Financial Services,Shell Companies,NGM
3776,BCBP,"BCB Bancorp, Inc.",253087488,8.23,8.31,268973,7.31,11.71,20.71,1066224600.0,1785760200,Financial Services,Banks - Regional,NGM
3777,VABK,Virginia National Bankshares Corporation,263126176,48.5,49.13,2253,37.35,50.0,53.98,925824600.0,0,Financial Services,Banks - Regional,NCM
3778,THEO,BOA Acquisition Corp. II,258532112,9.9,9.9,6,9.81,10.03,10.03,1786714200.0,0,Financial Services,Shell Companies,NGM
3779,ESCA,"Escalade, Incorporated",256599616,18.64,18.78,13983,11.41,23.07,25.72,322151400.0,1785414600,Consumer Cyclical,Leisure,NGM
3780,VNME,Vendome Acquisition Corporation I,257750016,10.31,10.31,12,9.94,10.33,10.33,1755869400.0,0,Financial Services,Shell Companies,NGM
3781,DSM,"BNY Mellon Strategic Municipal Bond Fund, Inc.",256040624,5.18,5.12,233838,5.07,6.3,11.125,627748200.0,0,Financial Services,Asset Management,NYQ
3782,ANIK,"Anika Therapeutics, Inc.",262038480,19.58,19.23,88585,8.67,22.88,75.72,736435800.0,1785328200,Healthcare,Drug Manufacturers - Specialty & Generic,NMS
3783,BRT,BRT Apartments Corp.,252017824,13.41,13.53,41408,13.18,15.63,32.35,105283800.0,0,Real Estate,REIT - Residential,NYQ
3784,AIAI,AIAI Holdings Corporation,225289296,3.18,3.18,280267,2.66,19.57,19.57,1778765400.0,0,Industrials,Conglomerates,NGM
3785,ACV,Virtus Diversified Income & Convertible Fund,258549232,24.87,24.28,54223,23.65,29.042,37.59,1432215000.0,0,Financial Services,Asset Management,NYQ
3786,MX,Magnachip Semiconductor Corporation,232600432,3.12,3.16,809086,2.18,9.86,26.98,1299853800.0,1785355200,Technology,Semiconductors,NYQ
3787,ALMU,"Aeluma, Inc.",220190128,11.4,11.93,529263,10.24,31.79,31.79,1677594600.0,1789588800,Technology,Semiconductors,NCM
3788,GBFH,GBank Financial Holdings Inc.,251279856,17.31,17.6,46376,17.08,42.11,46.0,1720531800.0,1785355200,Financial Services,Banks - Regional,NCM
3789,CNDT,Conduent Incorporated,248833280,1.6,1.57,861027,1.15,2.66,23.39,1481639400.0,1786365000,Technology,Information Technology Services,NMS
3790,SAR,Saratoga Investment Corp.,233861360,15.03,14.97,194041,13.78,24.07,145.5,1175002200.0,1791316800,Financial Services,Asset Management,NYQ
3791,AMRN,Amarin Corporation plc,254107680,12.03,11.99,44833,11.83,20.9,28500.0,733674600.0,1785328200,Healthcare,Drug Manufacturers - General,NCM
3792,TTGT,"TechTarget, Inc.",284990656,3.94,4.1,232620,3.37,6.7,111.44,1179408600.0,1786046400,Technology,Information Technology Services,NMS
3793,IVAI,Ives Ultra AI Opportunities Inc.,252500016,10.1,10.13,496070,10.0607,10.32,10.32,1790775000.0,0,N/A,N/A,NYQ
3794,FGPR,"Ferrellgas Partners, L.P.",248731552,21.9,21.87,4928,14.52,27.29,27.29,1617629400.0,0,Energy,Oil & Gas Refining & Marketing,OID
3795,SCII,SC II Acquisition Corp.,253211200,10.17,10.17,6,9.9,10.182,10.182,1768919400.0,0,Financial Services,Shell Companies,NGM
3796,REFI,"Chicago Atlantic Real Estate Finance, Inc.",241351200,9.42,9.64,193173,9.37,13.49,20.29,1638973800.0,1786451400,Real Estate,REIT - Mortgage,NGM
3797,IPVV,"InterPrivate Investment Partners V, Inc.",253108080,9.85,9.85,3506,9.77,9.9,9.9,1785159000.0,0,Financial Services,Shell Companies,NGM
3798,ACIU,AC Immune SA,248567328,2.5,2.55,271324,2.095,4.0,19.97,1474637400.0,1785933000,Healthcare,Biotechnology,NGM
3799,POWW,Outdoor Holding Company,258815872,2.23,2.25,420631,1.46,2.67,10.37,1486477800.0,1794832200,Industrials,Aerospace & Defense,NCM
3800,VLOS,Velos Acquisition I Corp.,253245008,10.79,10.79,41,9.1,11.96,13.73,1727098200.0,0,Financial Services,Shell Companies,NGM
3801,FDCT,"FDCTech, Inc.",310801216,2.48,2.48,2528,0.13,10.0,94.5,1591191000.0,0,Financial Services,Capital Markets,OID
3802,UPB,"Upstream Bio, Inc.",257423872,4.7,4.55,1187830,4.365,33.68,33.68,1728653400.0,1786451400,Healthcare,Biotechnology,NMS
3803,IONR,ioneer Ltd,234177648,2.92,2.97,46438,2.79,8.2,24.0,1656595800.0,0,Basic Materials,Other Industrial Metals & Mining,NCM
3804,INR,"Infinity Natural Resources, Inc.",248684656,13.34,13.35,181728,11.13,19.585,23.0,1738333800.0,1786392000,Energy,Oil & Gas E&P,NYQ
3805,NEGG,"Newegg Commerce, Inc.",242878912,11.58,11.58,16527,11.1,96.29,2155.2,1271943000.0,0,Consumer Cyclical,Internet Retail,NCM
3806,IMRX,Immuneering Corporation,254907760,3.94,3.74,709473,3.6,8.48,33.99,1627651800.0,1785933000,Healthcare,Biotechnology,NGM
3807,RMM,Rivernorth Managed Duration Municipal Income Fund Inc.,254049008,12.87,12.59,75308,12.153,15.0,22.84,1564147800.0,0,Financial Services,Asset Management,NYQ
3808,OHAC,Oceanhawk Acquisition Corp,250137056,9.9802,9.9802,6,9.86,10.0,10.0,1780666200.0,0,Financial Services,Shell Companies,NCM
3809,VCRE,Vicore Pharma Holding AB (publ),253480064,9.0,8.82,30966,7.88,17.8,17.8,1783344600.0,0,Healthcare,Biotechnology,NCM
3810,FBLA,"FB Bancorp, Inc.",243498368,16.77,17.25,131708,11.66,17.36,17.36,1729690200.0,0,Financial Services,Banks - Regional,NCM
3811,VUZI,Vuzix Corporation,216100432,2.56,2.54,590697,1.97,5.62,32.43,1270474200.0,1786651200,Technology,Consumer Electronics,NCM
3812,QADR,QDRO Acquisition Corp.,250250000,10.01,10.01,8,9.85,11.07,11.07,1779283800.0,0,Financial Services,Shell Companies,NGM
3813,BGIN,Bgin Blockchain Limited,237585472,2.1,2.19,6283,1.61,6.5,6.5,1761053400.0,0,Technology,Computer Hardware,NGM
3814,MKLY,McKinley Acquisition Corporation,249773056,10.26,10.27,42330,9.9,10.3,10.3,1759411800.0,0,Financial Services,Shell Companies,NGM
3815,CFNB,California First Leasing Corporation,283717440,1580.0,1575.0,18,22.1,1600.0,1600.0,544887000.0,0,Financial Services,Asset Management,OID
3816,GTERA,Globa Terra Acquisition Corporation,249133504,10.5,10.4901,101510,10.005,10.5,10.5,1753450200.0,0,Financial Services,Shell Companies,NGM
3817,EVI,"EVI Industries, Inc.",246237536,19.12,19.06,56278,12.75,29.42,48.45,638548200.0,1788870600,Industrials,Industrial Distribution,ASE
3818,EAF,GrafTech International Ltd.,237699600,9.11,8.85,329842,4.92,20.32,243.64,1524144600.0,1792758600,Industrials,Electrical Equipment & Parts,NYQ
3819,CURV,Torrid Holdings Inc.,253287360,2.54,2.36,273800,0.939,2.855,33.19,1625146200.0,1788465600,Consumer Cyclical,Apparel Retail,NYQ
3820,IPHX,Inflection Point Acquisition Corp. VIII,247499984,9.9,9.9,6627,9.42,10.0,10.0,1791207000.0,0,Financial Services,Shell Companies,NGM
3821,TBCH,Turtle Beach Corporation,237124576,13.24,12.73,205323,9.84,17.387,89.552,1289831400.0,1786046400,Technology,Consumer Electronics,NGM
3822,EFSI,"Eagle Financial Services, Inc.",246390832,45.53,45.795,19837,31.44,48.17,48.17,994339800.0,1784836800,Financial Services,Banks - Regional,NCM
3823,SLGL,Sol-Gel Technologies Ltd.,234974896,71.77,70.34,31468,28.81,97.97,210.0,1517495400.0,1787229000,Healthcare,Biotechnology,NCM
3824,PNAQ,Pinnacle Acquisition Corporation,246000000,9.84,9.84,266,9.8,10.0,10.0,1790343000.0,0,Financial Services,Shell Companies,NYQ
3825,TG,Tredegar Corporation,244824144,7.03,7.13,133633,6.25,10.53,32.9375,615648600.0,1786105800,Industrials,Metal Fabrication,NYQ
3826,RMBI,"Richmond Mutual Bancorporation, Inc.",245696688,15.32,15.36,48121,12.77,16.59,18.16,1562074200.0,0,Financial Services,Banks - Regional,NCM
3827,CPZ,Calamos Long/Short Equity & Dynamic Income Term Trust,248150944,12.64,12.54,49877,12.39,16.096,21.628,1574778600.0,0,Financial Services,Asset Management,NGM
3828,IPSC,"Century Therapeutics, Inc.",266180736,1.47,1.46,816802,0.435,3.04,32.899,1624023000.0,1786537800,Healthcare,Biotechnology,NCM
3829,TII,Titan Mining Corporation,218746528,2.21,2.1,258914,1.81,5.65,5.65,1610116200.0,1786537800,Basic Materials,Other Industrial Metals & Mining,ASE
3830,LFCR,"Lifecore Biomedical, Inc.",244492720,6.45,6.43,387101,3.63,8.98,20.75,824394600.0,1785933000,Healthcare,Drug Manufacturers - Specialty & Generic,NMS
3831,SBMT,Silver Bow Mining Corp.,230322304,7.8,7.83,22946,5.75,11.23,11.23,1777555800.0,0,Basic Materials,Other Industrial Metals & Mining,ASE
3832,AKBA,"Akebia Therapeutics, Inc.",221989808,0.8011,0.8148,6088241,0.8011,3.2,31.0,1395322200.0,1785960000,Healthcare,Drug Manufacturers - Specialty & Generic,NCM
3833,MCGA,Yorkville Acquisition Corp.,244301760,10.36,10.35,9074,10.09,10.779,11.88,1753450200.0,0,Financial Services,Shell Companies,NGM
3834,YSG,Yatsen Holding Limited,242005424,2.58,2.51,61828,2.15,9.06,127.35,1605796200.0,1788352200,Consumer Defensive,Household & Personal Products,NYQ
3835,SSAC,SPACSphere Acquisition Corp.,243365696,10.12,10.15,244,9.85,10.15,10.15,1772202600.0,0,Financial Services,Shell Companies,NGM
3836,QTTB,Q32 Bio Inc.,248277344,8.34,8.09,854523,1.905,23.57,572.4,1522243800.0,0,Healthcare,Biotechnology,NCM
3837,FUFU,BitFuFu Inc.,229207872,1.375,1.3,32456,1.18,4.06,18.32,1639060200.0,1786969800,Financial Services,Capital Markets,NCM
3838,BLND,"Blend Labs, Inc.",235590912,0.9961,1.05,972664,0.9902,3.615,21.04,1626442200.0,1786046400,Technology,Software - Application,NYQ
3839,SOCA,Solarius Capital Acquisition Corp.,243176496,10.37,10.38,2009,10.0,10.4,10.4,1757079000.0,0,Financial Services,Shell Companies,NGM
3840,LTBR,Lightbridge Corporation,213888112,6.07,6.01,477563,5.92,31.34,1584.0,1104762600.0,1785960000,Industrials,Electrical Equipment & Parts,NCM
3841,ANGI,Angi Inc.,267265712,6.59,6.28,553693,4.26,14.58,283.2,1321540200.0,1785873600,Communication Services,Internet Content & Information,NMS
3842,PYXS,"Pyxis Oncology, Inc.",242495616,2.03,1.99,950264,1.03,5.55,19.0,1633699800.0,1786624200,Healthcare,Biotechnology,NMS
3843,HITI,High Tide Inc.,232662224,2.61,2.58,357771,2.02,3.6,13.29,1610116200.0,1789416000,Healthcare,Pharmaceutical Retailers,NCM
3844,DYNC,Dynamix Corporation,241253312,10.9,10.9,11461,10.24,10.985,15.24,1733754600.0,0,Financial Services,Shell Companies,NGM
3845,STRO,"Sutro Biopharma, Inc.",236613312,14.27,15.32,256225,7.15,43.85,283.0,1538055000.0,0,Healthcare,Biotechnology,NGM
3846,RCS,"PIMCO Strategic Income Fund, Inc.",238623840,5.04,5.04,104736,4.84,7.78,13.29,764001000.0,0,Financial Services,Asset Management,NYQ
3847,IGAC,Invest Green Acquisition Corporation,241087008,10.1,10.1,7,9.82,10.14,10.14,1766413800.0,0,Financial Services,Shell Companies,NGM
3848,PLAY,"Dave & Buster's Entertainment, Inc.",240331440,6.9,6.97,1058116,6.26,22.1,73.48,1412947800.0,1789416000,Communication Services,Entertainment,NMS
3849,DAAQ,Digital Asset Acquisition Corp.,240810000,10.47,10.47,17856,6.6,10.51,11.24,1748871000.0,0,Financial Services,Shell Companies,NGM
3850,ACU,Acme United Corporation,238272112,62.15,61.94,23608,35.5,64.87,64.87,322151400.0,1784809800,Consumer Defensive,Household & Personal Products,ASE
3851,VOGX,"Vogenx, Inc.",260855312,17.56,17.49,77188,12.95,38.41,38.41,1786541400.0,0,Healthcare,Biotechnology,NCM
3852,CAN,Canaan Inc.,219571328,0.3,0.2948,8022337,0.152,2.22,39.1,1574260200.0,1788870600,Technology,Computer Hardware,NCM
3853,TDF,"Templeton Dragon Fund, Inc.",243234048,9.7,9.41,111038,9.35,12.2,36.6,780154200.0,0,Financial Services,Asset Management,NYQ
3854,ERC,Allspring Multi-Sector Income Fund,240701600,8.58,8.54,122367,8.39,9.64,20.05,1056547800.0,0,Financial Services,Asset Management,ASE
3855,IVVD,"Invivyd, Inc.",212580016,0.7212,0.7004,2765168,0.528,3.07,78.82,1628256600.0,0,Healthcare,Biotechnology,NGM
3856,LCTX,"Lineage Cell Therapeutics, Inc.",251390016,0.994,1.03,1155012,0.88,2.09,21.791555,699805800.0,1786046400,Healthcare,Biotechnology,ASE
3857,TDWD,Tailwind 2.0 Acquisition Corp.,238510848,10.13,10.13,7,9.83,10.15,10.15,1765204200.0,0,Financial Services,Shell Companies,NGM
3858,GLSI,"Greenwich LifeSciences, Inc.",242630784,16.53,15.14,119351,7.78,34.1,158.07,1601040600.0,0,Healthcare,Biotechnology,NCM
3859,IMMR,Immersion Corporation,246720864,7.43,7.14,703995,5.25,8.05,79.0,942417000.0,1789389000,Technology,Software - Application,NMS
3860,ASLE,AerSale Corporation,242451952,5.08,4.92,424385,4.71,8.037,24.2,1551364200.0,1786046400,Industrials,Airports & Air Services,NCM
3861,USAU,U.S. Gold Corp.,227599696,13.77,13.89,96395,12.23,23.75,34200.0,322151400.0,0,Basic Materials,Gold,NCM
3862,IMPP,Imperial Petroleum Inc.,245058016,5.42,5.44,392087,3.15,6.57,145.5,1638801000.0,0,Energy,Oil & Gas Midstream,NCM
3863,SNFCA,Security National Financial Corporation,239085472,9.18,9.18,16663,7.333333,10.23,12.326531,555773400.0,1786392000,Financial Services,Insurance - Life,NGM
3864,AENT,Alliance Entertainment Holding Corporation,227269856,4.46,4.52,31731,4.3101,8.8,12.24,1616592600.0,1789070400,Communication Services,Entertainment,NCM
3865,CAF,"Morgan Stanley China A Share Fund, Inc.",229687888,17.2,17.36,10870,15.6,21.41,72.3,1159450200.0,0,Financial Services,Asset Management,NYQ
3866,PMM,Franklin Managed Municipal Income Trust,249718688,5.83,5.63,302894,5.39,6.6,13.75,603729000.0,0,Financial Services,Asset Management,NYQ
3867,JACK,Jack in the Box Inc.,243577488,12.7,12.45,460553,8.92,23.86,124.53,699805800.0,1786564800,Consumer Cyclical,Restaurants,NMS
3868,MAGH,Magnitude International Ltd,236600016,6.76,6.76,0,1.25,6.94,6.94,1755005400.0,0,Industrials,Engineering & Construction,NCM
3869,CAMP,CAMP4 THERAPEUTICS CORPORATION,236579568,3.77,3.7,72146,2.86,7.75,12.3,1728653400.0,0,Healthcare,Biotechnology,NGM
3870,MVST,"Microvast Holdings, Inc.",222491648,0.5786,0.5839,1642451,0.561,7.12,25.2,1553693400.0,1786392000,Consumer Cyclical,Auto Parts,NCM
3871,CMTV,Community Bancorp,241958976,43.2,43.9,23559,22.4,43.95,43.95,917965800.0,0,Financial Services,Banks - Regional,NCM
3872,EVMN,"Evommune, Inc.",226825696,6.25,6.41,557950,6.02,33.2,33.2,1762439400.0,1786046400,Healthcare,Biotechnology,NYQ
3873,AACP,Apogee Acquisition Corp,236342896,10.07,10.06,335402,9.93,10.1,10.1,1779975000.0,0,Financial Services,Shell Companies,NGM
3874,TWLV,Twelve Seas Investment Company III,236015616,10.07,10.07,6,9.84,10.38,10.38,1767969000.0,0,Financial Services,Shell Companies,NGM
3875,XPOF,"Xponential Fitness, Inc.",245109136,4.95,4.96,1482033,3.565,9.25,33.58,1627047000.0,1786046400,Consumer Cyclical,Leisure,NYQ
3876,KLC,"KinderCare Learning Companies, Inc.",221626848,1.87,1.97,653886,1.75,6.27,29.89,1728480600.0,1786651200,Consumer Defensive,Education & Training Services,NYQ
3877,INBK,First Internet Bancorp,226985584,25.99,26.46,20077,17.05,31.09,53.56,1144243800.0,1785441600,Financial Services,Banks - Regional,NMS
3878,BRCC,BRC Inc.,242528544,9.69,9.56,35756,6.0,18.55,340.0,1644503400.0,1785787200,Consumer Defensive,Packaged Foods,NYQ
3879,UTMD,"Utah Medical Products, Inc.",236576400,74.54,73.875,45314,53.66,76.89,133.87,920903400.0,1784809800,Healthcare,Medical Instruments & Supplies,NMS
3880,LATA,Galata Acquisition Corp. II,234830000,10.21,10.21,6,9.91,10.21,10.21,1762785000.0,0,Financial Services,Shell Companies,NGM
3881,COPL,Copley Acquisition Corp,234457392,10.57,10.57,6,10.14,10.69,10.69,1748871000.0,0,Financial Services,Shell Companies,NYQ
3882,CHPT,"ChargePoint Holdings, Inc.",212654576,7.92,8.13,770242,4.44,12.61,989.6,1568640600.0,1788379200,Consumer Cyclical,Specialty Retail,NYQ
3883,AIBZ,Bitzero Holdings Inc.,222445456,3.49,3.37,365486,3.17,10.25,10.25,1781011800.0,0,Technology,Software - Infrastructure,NCM
3884,PAMT,PAMT CORP,267642032,12.78,12.535,62450,7.15,17.75,40.885,526743000.0,0,Industrials,Trucking,NGM
3885,PEBK,"Peoples Bancorp of North Carolina, Inc.",232967696,43.78,44.25,14714,27.33,45.78,45.78,498317400.0,1784550600,Financial Services,Banks - Regional,NGM
3886,GWRS,"Global Water Resources, Inc.",234394176,8.14,8.16,25770,6.55,11.07,21.25,1461850200.0,1786564800,Utilities,Utilities - Regulated Water,NGM
3887,NUW,Nuveen AMT-Free Municipal Value Fund,235521520,13.12,12.98,49481,12.7,14.7,19.89,1235572200.0,0,Financial Services,Asset Management,NYQ
3888,IFRX,InflaRx N.V.,235789168,1.6,1.53,740708,0.798,2.949,53.1,1510065000.0,1786019400,Healthcare,Biotechnology,NMS
3889,DYOR,Insight Digital Partners II,233680000,10.16,10.16,25,9.87,10.47,10.47,1763476200.0,0,Financial Services,Shell Companies,NGM
3890,SUMA,SUMA Acquisition Corporation,233524656,9.96,9.95,509,9.83,9.97,9.97,1776691800.0,0,Financial Services,Shell Companies,NGM
3891,BLRK,Bluerock Acquisition Corp.,232990000,10.13,10.13,583,9.87,10.68,10.68,1770042600.0,0,Financial Services,Shell Companies,NGM
3892,ELMD,"Electromed, Inc.",229469392,27.69,27.8,51013,23.01,47.4,47.4,1281706200.0,1787688000,Healthcare,Medical Devices,ASE
3893,PRQR,ProQR Therapeutics N.V.,230024032,1.63,1.57,675664,1.33,3.1,27.6,1411047000.0,1786624200,Healthcare,Biotechnology,NCM
3894,SMRT,"SmartRent, Inc.",224185792,1.17,1.16,322066,0.905,2.2,15.14,1629898200.0,1785933000,Technology,Software - Application,NYQ
3895,SIGA,"SIGA Technologies, Inc.",235667056,3.28,3.28,463272,2.83,8.55,26.99,873898200.0,1786046400,Healthcare,Drug Manufacturers - Specialty & Generic,NGM
3896,KGEI,Kolibri Global Energy Inc.,231790400,6.45,6.46,116573,3.35,6.94,72.0,1262701800.0,1794573000,Energy,Oil & Gas E&P,NCM
3897,HLXC,Helix Acquisition Corp. III,231630000,10.5,10.5,325,10.11,11.23,11.23,1769178600.0,0,Financial Services,Shell Companies,NGM
3898,FOTB,"First Ottawa Bancshares, Inc.",231899760,240.0,240.0,1,152.01,240.0,240.0,1011105000.0,0,Financial Services,Banks - Regional,OID
3899,SVCC,Stellar V Capital Corp.,231063536,10.69,10.72,1701341,10.27,10.72,10.72,1742823000.0,0,Financial Services,Shell Companies,NGM
3900,ZSQR,Z Squared Inc.,299982240,5.66,4.95,541763,2.11,21.41,428.4,1608215400.0,0,Technology,Software - Infrastructure,NGM
3901,BIII,Black Spade Acquisition III Co,231610000,10.07,10.05,561793,9.83,10.24,10.24,1769697000.0,0,Financial Services,Shell Companies,NYQ
3902,SPOK,"Spok Holdings, Inc.",224451584,10.73,11.06,104132,9.95,16.45,39.75,1100701800.0,1785355200,Healthcare,Health Information Services,NMS
3903,MMT,Aberdeen Multi-Market Income Fund,229627920,4.2,4.18,520444,4.17,4.85,10.75,541953000.0,0,Financial Services,Asset Management,NYQ
3904,RLTY,Cohen & Steers Real Estate Opportunities & Income Fund,231270880,13.83,13.51,83249,13.34,16.41,20.5,1645713000.0,0,Financial Services,Asset Management,NYQ
3905,SMHI,SEACOR Marine Holdings Inc.,232528304,8.57,8.65,44698,5.55,10.0,30.395,1496410200.0,0,Industrials,Marine Shipping,NYQ
3906,FFPP,Fast Finance Pay Corp.,229539440,7.5,7.5,100,7.5,40.0,2250.0,1281533400.0,0,Technology,Software - Infrastructure,OID
3907,NUS,"Nu Skin Enterprises, Inc.",230727232,4.74,4.77,326796,4.45,11.67,140.5,848673000.0,1786392000,Consumer Defensive,Household & Personal Products,NYQ
3908,MGNX,"MacroGenics, Inc.",238238704,3.74,3.55,418439,1.29,5.08,41.0,1381411800.0,0,Healthcare,Biotechnology,NMS
3909,CRAC,Crown Reserve Acquisition Corp. I,229279680,10.25,10.25,67,9.89,10.26,10.26,1765290600.0,0,Financial Services,Shell Companies,NGM
3910,IRAB,Iris Acquisition Corp II,229275728,10.01,10.01,250007,9.81,10.17,10.17,1771943400.0,0,Financial Services,Shell Companies,NYQ
3911,LTGR,Long Table Growth Corp.,229080000,9.96,9.96,104,9.88,9.99,9.99,1785159000.0,0,Financial Services,Shell Companies,NGM
3912,TVIV,Texas Ventures Acquisition IV Corp.,228850000,9.95,9.94,1462,9.85,9.97,9.97,1783949400.0,0,Financial Services,Shell Companies,NGM
3913,ONIT,Onity Group Inc.,222230240,26.6,27.44,112388,25.5,54.1,902.7,843658200.0,1786019400,Financial Services,Mortgage Finance,NYQ
3914,NAUT,"Nautilus Biotechnology, Inc.",286324256,2.25,1.82,19419036,0.84,4.31,25.886,1596807000.0,1785241800,Healthcare,Biotechnology,NCM
3915,OPBK,OP Bancorp,222346640,14.89,15.07,26685,12.41,16.83,18.57,1123507800.0,1792699200,Financial Services,Banks - Regional,NGM
3916,MRCO,Mercator Acquisition Corp.,226780000,9.86,9.86,2008,9.83,10.03,10.03,1786973400.0,0,Financial Services,Shell Companies,NGM
3917,BXSY,Bexil Investment Trust,223402080,17.26,17.32,16191,14.25,18.38,62.5,898695000.0,0,Financial Services,Asset Management,OID
3918,FF,FutureFuel Corp.,228966528,5.22,5.18,233766,3.09,6.99,22.25,1300887000.0,1786392000,Basic Materials,Specialty Chemicals,NYQ
3919,RGCO,"RGC Resources, Inc.",232251920,22.29,22.61,18101,20.55,27.99,31.99,760113000.0,1785960000,Utilities,Utilities - Regulated Gas,NGM
3920,HMH,HMH Holding Inc.,227834416,19.07,18.74,136454,16.32,24.5,24.5,1775050200.0,1785960000,Energy,Oil & Gas Equipment & Services,NMS
3921,PONO,"Pono Capital Four, Inc.",225806768,10.04,10.04,32,9.84,10.09,10.09,1777987800.0,0,Financial Services,Shell Companies,NGM
3922,MRBK,Meridian Corporation,222357440,18.64,18.7,39657,13.81,21.67,21.67,1510065000.0,1793304000,Financial Services,Banks - Regional,NMS
3923,SND,"Smart Sand, Inc.",223867040,5.28,5.3,91193,2.03,5.92,21.99,1478266200.0,0,Energy,Oil & Gas Equipment & Services,NMS
3924,TMCR,The Metals Royalty Company Inc.,200219648,2.97,2.93,102588,2.82,21.38,21.38,1775655000.0,0,Basic Materials,Other Industrial Metals & Mining,NCM
3925,HDSN,"Hudson Technologies, Inc.",216335136,5.14,5.17,282627,4.64,9.65,27.5,783700200.0,1785960000,Basic Materials,Specialty Chemicals,NCM
3926,CFBK,CF Bankshares Inc.,219696448,33.84,34.46,20076,22.1,38.11,497.23758,915028200.0,1785241800,Financial Services,Banks - Regional,NCM
3927,LGI,"Lazard Global Total Return and Income Fund, Inc.",222761872,17.1,16.96,30584,15.32,19.88,23.56,1083159000.0,0,Financial Services,Asset Management,NYQ
3928,PROF,Profound Medical Corp.,252128384,6.9,6.91,419160,4.8,8.95,28.97,1572355800.0,1793908800,Healthcare,Medical Devices,NCM
3929,EU,enCore Energy Corp.,188394256,0.9697,1.01,3008255,0.77,4.18,9.27,1294842600.0,1786624200,Energy,Uranium,NCM
3930,FOA,Finance of America Companies Inc.,221874320,12.82,13.05,51915,12.15,29.79,116.65,1555594200.0,1785873600,Financial Services,Credit Services,NYQ
3931,ONCH,1RT Acquisition Corp.,223064064,10.345,10.345,6,10.13,10.5,10.629,1757683800.0,0,Financial Services,Shell Companies,NGM
3932,DHY,UBS Asset Management High Yield Credit Fund,224349376,16.24,16.18,32702,0.1,21.2,101.25,901719000.0,0,Financial Services,Asset Management,ASE
3933,KROS,"Keros Therapeutics, Inc.",236934896,11.95,11.64,194161,9.69,22.55,88.8,1586352600.0,1785787200,Healthcare,Biotechnology,NGM
3934,LMNR,Limoneira Company,218490704,12.05,12.05,78971,11.55,15.43,35.35,1065533400.0,1788984000,Consumer Defensive,Farm Products,NMS
3935,MBI,MBIA Inc.,230594320,4.52,4.58,186623,4.19,7.87,76.02,552144600.0,1786046400,Financial Services,Insurance - Specialty,NYQ
3936,DGAC,Disciplined Growth Acquisition Corporation,220635008,10.0,9.99,5011,9.85,10.02,10.02,1784295000.0,0,Financial Services,Shell Companies,NYQ
3937,PLX,"Protalix BioTherapeutics, Inc.",223989152,2.78,2.7,1196839,1.6,3.19,912.5,895239000.0,1786537800,Healthcare,Biotechnology,ASE
3938,ALTG,Alta Equipment Group Inc.,207107968,6.34,6.32,90000,4.155,8.69,20.6,1556199000.0,1786046400,Industrials,Industrial Distribution,NYQ
3939,NATR,"Nature's Sunshine Products, Inc.",222407376,12.64,12.57,75883,12.31,28.14,28.14,1245936600.0,1786046400,Consumer Defensive,Packaged Foods,NCM
3940,GSIT,"GSI Technology, Inc.",184860768,4.81,4.925,680998,4.51,18.15,18.15,1175175000.0,1785441600,Technology,Semiconductors,NMS
3941,PTAC,Patriot Acquisition Corp.,218312496,9.98,9.96,6226,9.74,10.1,10.1,1783344600.0,0,Financial Services,Shell Companies,NGM
3942,AEHL,Antelope Enterprise Holdings Limited,187676624,9.87,11.35,35877,2.98,418.56,9308160.0,1197901800.0,0,Industrials,Building Products & Equipment,NCM
3943,PSF,"Cohen & Steers Select Preferred and Income Fund, Inc.",218792720,18.19,18.02,30896,17.8,21.06,32.85,1290781800.0,0,Financial Services,Asset Management,NYQ
3944,LIEN,"Chicago Atlantic BDC, Inc.",211546880,9.27,9.39,88505,8.92,11.27,15.4,1643985000.0,1786624200,Financial Services,Asset Management,NGM
3945,GDEV,GDEV Inc.,206746624,11.41,11.11,1367,10.0,30.92,132.5,1601904600.0,1787315400,Communication Services,Electronic Gaming & Multimedia,NGM
3946,ASUR,"Asure Software, Inc.",211974272,7.34,7.35,71450,6.8,10.2,173.33333,702653400.0,1785441600,Technology,Software - Application,NCM
3947,RAIL,"FreightCar America, Inc.",204945504,6.25,6.17,155363,6.06,14.9,78.34,1112794200.0,1785787200,Industrials,Railroads,NMS
3948,GSHR,Gesher Acquisition Corp. II,216404464,10.58,10.57,108,10.14,11.2,11.2,1747056600.0,0,Financial Services,Shell Companies,NGM
3949,MAMK,MaxsMaking Inc.,218784992,13.16,13.16,0,2.1,14.3,14.3,1751895000.0,0,Industrials,Conglomerates,NCM
3950,NNNN,Anbio Biotechnology,204532992,4.66,4.62,69750,4.2,44.73,55.65,1739975400.0,0,Healthcare,Medical Instruments & Supplies,NGM
3951,SWMR,"Swarmer, Inc",181392384,12.69,13.13,579929,11.25,83.3,83.3,1773754200.0,1786651200,Technology,Software - Infrastructure,NCM
3952,OVBC,Ohio Valley Banc Corp.,210770240,44.74,45.6,8766,34.18,54.96,56.15,783959400.0,1785178800,Financial Services,Banks - Regional,NGM
3953,ZUMZ,Zumiez Inc.,221987264,14.48,14.21,316963,13.07,31.7,55.1,1115386200.0,1789070400,Consumer Cyclical,Apparel Retail,NMS
3954,LYEL,"Lyell Immunopharma, Inc.",213439776,8.71,8.79,106806,8.21,45.0,396.8,1623936600.0,0,Healthcare,Biotechnology,NMS
3955,FORR,"Forrester Research, Inc.",216854224,11.39,11.65,71948,4.88,12.75,81.5,849105000.0,1785441600,Industrials,Consulting Services,NMS
3956,EGHA,EGH Acquisition Corp.,213712496,10.425,10.425,6,10.045,10.795,10.795,1751290200.0,0,Financial Services,Shell Companies,NGM
3957,AESP,Aeon Acquisition I Corp.,213674512,9.99,9.98,6531,9.85,10.0,10.0,1782912600.0,0,Financial Services,Shell Companies,NGM
3958,USBC,"USBC, Inc.",197914832,0.5099,0.5007,166050,0.29,1.29,7800.0,1145367000.0,1786105800,Technology,Scientific & Technical Instruments,ASE
3959,HWKE,"Hawkeye Digital, Inc.",218163392,0.82,0.82,1609,0.04,1.1,5.47,1610116200.0,0,Financial Services,Capital Markets,OID
3960,EIC,Eagle Point Income Company,210433328,8.98,9.04,220245,8.89,12.98,20.47,1563975000.0,0,Financial Services,Asset Management,NYQ
3961,FCAP,"First Capital, Inc.",209707984,62.7,64.11,11821,37.64,71.0,81.71,915460200.0,1784923200,Financial Services,Banks - Regional,NCM
3962,LOVE,The Lovesac Company,204956976,14.21,14.59,158363,10.33,19.245,95.51,1530106200.0,1789043400,Consumer Cyclical,"Furnishings, Fixtures & Appliances",NGM
3963,NAGE,"Niagen Bioscience, Inc.",212848944,2.69,2.66,268121,2.61,7.95,23.66,1214400600.0,1785873600,Consumer Defensive,Packaged Foods,NCM
3964,HAVA,Harvard Ave Acquisition Corporation,212105184,10.25,10.25,6,9.87,10.25,10.25,1765809000.0,0,Financial Services,Shell Companies,NGM
3965,IDAC,Iron Dome Acquisition I Corp.,212000000,10.0,10.0,5623,9.9,10.05,10.05,1783344600.0,0,Financial Services,Shell Companies,NGM
3966,CGEN,Compugen Ltd.,201762432,2.13,2.12,123363,1.43,3.24,19.9,966000600.0,1785760200,Healthcare,Biotechnology,NCM
3967,QQQ,Invesco QQQ Trust,498945982464,0.0,747.58,20817259,555.6,762.86,762.86,921076200.0,0,Exchange Traded Fund,Exchange Traded Fund,NGM
3968,SPY,State Street SPDR S&P 500 ETF Trust,809216114688,0.0,773.93,22307034,629.28,781.62,781.62,728317800.0,0,Exchange Traded Fund,Exchange Traded Fund,PCX
3969,DIA,State Street SPDR Dow Jones Industrial Average ETF Trust,43860340736,0.0,511.65,2629963,450.44,546.75,546.75,885306600.0,0,Exchange Traded Fund,Exchange Traded Fund,PCX
3970,RSP,Invesco S&P 500 Equal Weight ETF,96059047936,0.0,211.87,6534338,182.11,223.44,223.44,1051795800.0,0,Exchange Traded Fund,Exchange Traded Fund,PCX
3971,GLD,SPDR Gold Shares,141702414336,0.0,378.62,7274435,360.12,509.7,509.7,1100788200.0,0,Exchange Traded Fund,Exchange Traded Fund,PCX
3972,SLV,iShares Silver Trust,29961824256,0.0,53.45,13522476,41.7,109.83,109.83,1146231000.0,0,Exchange Traded Fund,Exchange Traded Fund,PCX
3973,IVW,iShares S&P 500 Growth ETF,78179057664,0.0,144.09,1278494,108.13,146.83,146.83,959347800.0,0,Exchange Traded Fund,Exchange Traded Fund,PCX
3974,ITOT,iShares Core S&P Total U.S. Stock Market ETF,95863930880,0.0,168.58,1203952,137.73,171.03,171.03,1074868200.0,0,Exchange Traded Fund,Exchange Traded Fund,PCX
3975,QQQE,Direxion NASDAQ-100 Equal Weighted Index Shares,1422808192,0.0,121.03,80549,95.64,125.0,125.0,1332336600.0,0,Exchange Traded Fund,Exchange Traded Fund,NGM
3976,IJR,iShares Core S&P Small-Cap ETF,102559449088,0.0,137.31,2489708,112.0,150.69,150.69,959347800.0,0,Exchange Traded Fund,Exchange Traded Fund,PCX
3977,IBIT,iShares Bitcoin Trust ETF,67060465664,0.0,46.26,23500436,32.84,65.97,71.82,1704983400.0,0,Exchange Traded Fund,Exchange Traded Fund,NGM
3978,IJH,iShares Core S&P Mid-Cap ETF,120931426304,0.0,73.03,6054593,62.22,78.71,78.71,959347800.0,0,Exchange Traded Fund,Exchange Traded Fund,PCX
3979,IWM,iShares Russell 2000 ETF,78041726976,0.0,277.57,18692275,228.9,305.18,305.18,959347800.0,0,Exchange Traded Fund,Exchange Traded Fund,PCX
3980,ARKW,ARK Next Generation Technology ETF,2028215040,0.0,164.08,235778,113.36,183.0,191.13,1412083800.0,0,Exchange Traded Fund,Exchange Traded Fund,BTS
3981,ARKF,ARK Blockchain & Fintech Innovation ETF,830912448,0.0,46.42,97776,35.822,59.2,64.49,1549290600.0,0,Exchange Traded Fund,Exchange Traded Fund,BTS
3982,IZRL,ARK Israel Innovative Technology ETF,133693592,0.0,27.91,3735,25.96,32.76,38.77,1512484200.0,0,Exchange Traded Fund,Exchange Traded Fund,BTS
3983,ARKK,ARK Innovation ETF,7916893184,0.0,87.6,5346567,62.945,94.82,159.7,1414762200.0,0,Exchange Traded Fund,Exchange Traded Fund,BTS
3984,ARKX,ARK Space & Defense Innovation ETF,737110400,0.0,32.07,578168,25.17,37.89,37.89,1617111000.0,0,Exchange Traded Fund,Exchange Traded Fund,BTS
3985,ARKG,ARK Genomic Revolution ETF,2219066880,0.0,49.29,5790404,24.6,58.83,115.15,1414762200.0,0,Exchange Traded Fund,Exchange Traded Fund,BTS
3986,ARKQ,ARK Autonomous Technology & Robotics ETF,1890560512,0.0,122.47,97758,98.35,144.416,144.416,1412083800.0,0,Exchange Traded Fund,Exchange Traded Fund,BTS
3987,XLK,State Street Technology Select Sector SPDR ETF,127297691648,0.0,197.78,5507363,126.68,203.25,217.44,914337000.0,0,Exchange Traded Fund,Exchange Traded Fund,PCX
3988,XLF,State Street Financial Select Sector SPDR ETF,50968727552,0.0,54.23,35412884,47.67,58.6,58.6,914337000.0,0,Exchange Traded Fund,Exchange Traded Fund,PCX
3989,XLY,State Street Consumer Discretionary Select Sector SPDR ETF,21273047040,0.0,111.71,6872601,105.19,125.01,184.34,914337000.0,0,Exchange Traded Fund,Exchange Traded Fund,PCX
3990,XLC,State Street Communication Services Select Sector SPDR ETF,22528514048,0.0,112.07,5995002,105.03,120.405,120.405,1529415000.0,0,Exchange Traded Fund,Exchange Traded Fund,PCX
3991,XLB,State Street Materials Select Sector SPDR ETF,7776858624,0.0,49.27,7064616,42.035,54.19,93.26,914337000.0,0,Exchange Traded Fund,Exchange Traded Fund,PCX
3992,XLE,State Street Energy Select Sector SPDR ETF,39130157056,0.0,65.24,27270976,42.35,66.17,90.94,914337000.0,0,Exchange Traded Fund,Exchange Traded Fund,PCX
3993,XLRE,State Street Real Estate Select Sector SPDR ETF,7652509696,0.0,40.85,7006779,39.725,46.455,52.17,1444311000.0,0,Exchange Traded Fund,Exchange Traded Fund,PCX
3994,XLP,State Street Consumer Staples Select Sector SPDR ETF,13445566464,0.0,83.42,7702695,75.16,90.14,90.14,914337000.0,0,Exchange Traded Fund,Exchange Traded Fund,PCX
3995,XLV,State Street Health Care Select Sector SPDR ETF,43393187840,0.0,168.16,7035528,141.05,176.6,176.6,914337000.0,0,Exchange Traded Fund,Exchange Traded Fund,PCX
3996,XLU,State Street Utilities Select Sector SPDR ETF,21327450112,0.0,41.07,16735225,39.03,47.8,75.72,914337000.0,0,Exchange Traded Fund,Exchange Traded Fund,PCX
3997,XLI,State Street Industrial Select Sector SPDR ETF,29827448832,0.0,168.4,3836171,147.14,188.19,188.19,914337000.0,0,Exchange Traded Fund,Exchange Traded Fund,PCX
3998,IDGT,iShares U.S. Digital Infrastructure and Real Estate ETF,511357408,0.0,115.549,17813,82.45,133.05,133.05,998919000.0,0,Exchange Traded Fund,Exchange Traded Fund,PCX
3999,KCE,State Street SPDR S&P Capital Markets ETF,511576000,0.0,153.66,17648,132.31,173.07,173.07,1132065000.0,0,Exchange Traded Fund,Exchange Traded Fund,PCX
4000,XSW,State Street SPDR S&P Software & Services ETF,472960640,0.0,201.78,125539,135.19,211.34,211.34,1317303000.0,0,Exchange Traded Fund,Exchange Traded Fund,PCX
4001,USO,"United States Oil Fund, LP",1690582144,0.0,147.58,2794390,65.99,163.35,953.36,1144675800.0,0,Exchange Traded Fund,Exchange Traded Fund,PCX
4002,IGV,iShares Expanded Tech-Software Sector ETF,13912004608,0.0,109.59,5784039,73.93,117.76,117.99,995376600.0,0,Exchange Traded Fund,Exchange Traded Fund,BTS
4003,IHF,iShares U.S. Healthcare Providers ETF,1355022976,0.0,55.79,504305,40.85,58.3,59.46,1146835800.0,0,Exchange Traded Fund,Exchange Traded Fund,PCX
4004,IHAK,iShares Cybersecurity and Tech ETF,1157649024,0.0,70.16,153826,40.97,72.94,71.66,1560519000.0,0,Exchange Traded Fund,Exchange Traded Fund,PCX
4005,KIE,State Street SPDR S&P Insurance ETF,526585216,0.0,60.55,656241,53.45,66.53,66.53,1132065000.0,0,Exchange Traded Fund,Exchange Traded Fund,PCX
4006,WOOD,iShares Global Timber & Forestry ETF,257918400,0.0,66.055,8140,64.53,83.32,98.98,1214400600.0,0,Exchange Traded Fund,Exchange Traded Fund,NGM
4007,XOP,State Street SPDR S&P Oil & Gas Exploration & Production ETF,3619354368,0.0,193.49,2619247,122.11,200.89,336.16,1150983000.0,0,Exchange Traded Fund,Exchange Traded Fund,PCX
4008,FCG,First Trust Natural Gas ETF,637601472,0.0,30.07,461393,21.76,33.03,162.7,1178890200.0,0,Exchange Traded Fund,Exchange Traded Fund,PCX
4009,ARGT,Global X MSCI Argentina ETF,718848960,0.0,88.21,121774,69.6,103.97,103.97,1299162600.0,0,Exchange Traded Fund,Exchange Traded Fund,PCX
4010,IAK,iShares U.S. Insurance ETF,420477632,0.0,141.135,61950,124.62,152.38,152.38,1146835800.0,0,Exchange Traded Fund,Exchange Traded Fund,PCX
4011,IYG,iShares U.S. Financial Services ETF,2086232704,0.0,91.07,250796,79.87,98.66,98.66,961594200.0,0,Exchange Traded Fund,Exchange Traded Fund,PCX
4012,IGM,iShares Expanded Tech Sector ETF,11436122112,0.0,170.86,165351,112.6,175.16,175.16,985012200.0,0,Exchange Traded Fund,Exchange Traded Fund,PCX
4013,AIQ,Global X Artificial Intelligence & Technology ETF,10326885376,0.0,65.6,680783,44.46,70.26,70.26,1526477400.0,0,Exchange Traded Fund,Exchange Traded Fund,NGM
4014,IEZ,iShares U.S. Oil Equipment & Services ETF,347331680,0.0,27.05,247041,17.86,32.87,81.33,1146835800.0,0,Exchange Traded Fund,Exchange Traded Fund,PCX
4015,IYT,iShares Transportation Average ETF,1884928640,0.0,79.94,608009,68.1,90.06,90.06,1073053800.0,0,Exchange Traded Fund,Exchange Traded Fund,BTS
4016,OIH,VanEck Oil Services ETF,1814753280,0.0,386.49,187313,243.16,459.28,1525.0,983197800.0,0,Exchange Traded Fund,Exchange Traded Fund,PCX
4017,RWR,State Street SPDR Dow Jones REIT ETF,1767657344,0.0,103.88,111907,96.75,119.65,123.1,998919000.0,0,Exchange Traded Fund,Exchange Traded Fund,PCX
4018,IHI,iShares U.S. Medical Devices ETF,3446291712,0.0,51.1,1655567,47.37,64.71,67.29,1146835800.0,0,Exchange Traded Fund,Exchange Traded Fund,PCX
4019,XPH,State Street SPDR S&P Pharmaceuticals ETF,523984480,0.0,63.63,82527,46.9,74.35,74.35,1150983000.0,0,Exchange Traded Fund,Exchange Traded Fund,PCX
4020,REZ,iShares Residential and Multisector Real Estate ETF,790767616,0.0,86.93,125972,80.87,100.43,100.43,1178285400.0,0,Exchange Traded Fund,Exchange Traded Fund,PCX
4021,IAI,iShares U.S. Broker-Dealers & Securities Exchanges ETF,1320137216,0.0,176.3,69576,157.78,198.09,198.09,1146835800.0,0,Exchange Traded Fund,Exchange Traded Fund,PCX
4022,KRE,State Street SPDR S&P Regional Banking ETF,3727376896,0.0,69.59,14994394,57.55,78.35,78.81,1150983000.0,0,Exchange Traded Fund,Exchange Traded Fund,PCX
4023,ITB,iShares U.S. Home Construction ETF,2383579392,0.0,85.87,1804969,83.69,115.26,129.89,1146835800.0,0,Exchange Traded Fund,Exchange Traded Fund,BTS
4024,IAT,iShares U.S. Regional Banks ETF,609252544,0.0,57.14,171573,47.37,66.16,69.71,1146835800.0,0,Exchange Traded Fund,Exchange Traded Fund,PCX
4025,ARTY,iShares Future AI & Tech ETF,4218499072,0.0,78.34,331135,43.261,81.97,81.97,1530192600.0,0,Exchange Traded Fund,Exchange Traded Fund,PCX
4026,XBI,State Street SPDR S&P Biotech ETF,10357507072,0.0,149.29,12118770,103.43,169.89,174.79,1139236200.0,0,Exchange Traded Fund,Exchange Traded Fund,PCX
4027,XRT,State Street SPDR S&P Retail ETF,435226752,0.0,83.91,2606458,77.24,93.52,104.31,1150983000.0,0,Exchange Traded Fund,Exchange Traded Fund,PCX
4028,ITA,iShares U.S. Aerospace & Defense ETF,12136253440,0.0,204.88,471075,195.71,256.6,256.6,1146835800.0,0,Exchange Traded Fund,Exchange Traded Fund,BTS
4029,XTN,State Street SPDR S&P Transportation ETF,296015456,0.0,100.19,27309,79.18,120.9,120.9,1296138600.0,0,Exchange Traded Fund,Exchange Traded Fund,PCX
4030,PICK,iShares MSCI Global Metals & Mining Producers ETF,2400181760,0.0,59.27,276031,44.06,69.02,69.02,1328193000.0,0,Exchange Traded Fund,Exchange Traded Fund,BTS
4031,XHB,State Street SPDR S&P Homebuilders ETF,1430368768,0.0,95.68,1268920,93.57,123.13,126.09,1139236200.0,0,Exchange Traded Fund,Exchange Traded Fund,PCX
4032,IBB,iShares Biotechnology ETF,11196648448,0.0,200.48,2448145,149.09,217.12,217.12,981988200.0,0,Exchange Traded Fund,Exchange Traded Fund,NGM
4033,SOXX,iShares Semiconductor ETF,48434552832,0.0,563.28,4897190,260.44,655.95,655.95,995031000.0,0,Exchange Traded Fund,Exchange Traded Fund,NGM
4034,REM,iShares Mortgage Real Estate Capped ETF,457763104,0.0,17.56,1768109,17.13,24.05,204.24,1178285400.0,0,Exchange Traded Fund,Exchange Traded Fund,BTS
4035,ICOP,iShares Copper and Metals Mining ETF,467315136,0.0,52.55,29333,36.08,60.93,60.93,1687786200.0,0,Exchange Traded Fund,Exchange Traded Fund,NGM
4036,IHE,iShares U.S. Pharmaceuticals ETF,1626361728,0.0,98.86,342362,72.94,108.66,108.66,1146835800.0,0,Exchange Traded Fund,Exchange Traded Fund,PCX
4037,QTUM,Defiance Quantum ETF,5638115328,0.0,150.89,225218,98.21,170.0,170.0,1536154200.0,0,Exchange Traded Fund,Exchange Traded Fund,NGM
4038,SLVP,iShares MSCI Global Silver and Metals Miners ETF,892937024,0.0,34.26,124049,24.7,50.15,50.15,1328193000.0,0,Exchange Traded Fund,Exchange Traded Fund,BTS
4039,GDX,VanEck Gold Miners ETF,26254737408,0.0,86.72,19735321,68.13,117.18,117.18,1148304600.0,0,Exchange Traded Fund,Exchange Traded Fund,PCX
4040,XME,State Street SPDR S&P Metals & Mining ETF,4094420480,0.0,104.61,957326,85.63,135.68,135.68,1150983000.0,0,Exchange Traded Fund,Exchange Traded Fund,PCX
4041,PALL,abrdn Physical Palladium Shares ETF,637288704,0.0,20.49,1143551,20.2,39.482,89.4,1262961000.0,0,Exchange Traded Fund,Exchange Traded Fund,PCX
4042,GNOM,Global X Genomics & Biotechnology ETF,102878952,0.0,65.83,24274,40.17,74.191,113.8,1554903000.0,0,Exchange Traded Fund,Exchange Traded Fund,NGM
4043,FFTY,CapForce IBD 50 ETF,67799816,0.0,35.0844,8842,31.61,44.08,52.55,1428586200.0,0,Exchange Traded Fund,Exchange Traded Fund,PCX
4044,TAN,Invesco Solar ETF,899579968,0.0,43.32,288775,42.46,75.6,307.9,1208266200.0,0,Exchange Traded Fund,Exchange Traded Fund,PCX
4045,XTL,State Street SPDR S&P Telecom ETF,533172448,0.0,207.3,43387,131.25,247.62,247.62,1296138600.0,0,Exchange Traded Fund,Exchange Traded Fund,PCX
4046,REMX,VanEck Rare Earth and Strategic Metals ETF,1833279616,0.0,60.58,565445,60.06,111.55,346.92,1288272600.0,0,Exchange Traded Fund,Exchange Traded Fund,PCX
4047,AIPO,Defiance AI & Power Infrastructure ETF,917467584,0.0,28.59,961066,20.653,34.79,34.79,1753450200.0,0,Exchange Traded Fund,Exchange Traded Fund,NGM
4048,JEDI,Defiance Drone and Modern Warfare ETF,168549904,0.0,23.8,95336,21.91,42.99,42.99,1758893400.0,0,Exchange Traded Fund,Exchange Traded Fund,PCX
4049,XSD,State Street SPDR S&P Semiconductor ETF,3122810112,0.0,528.18,97386,280.83,658.14,658.14,1139236200.0,0,Exchange Traded Fund,Exchange Traded Fund,PCX
4050,URA,Global X Uranium ETF,5591713280,0.0,38.56,2685640,37.18,62.28,134.52,1288963800.0,0,Exchange Traded Fund,Exchange Traded Fund,PCX
4051,ILIT,Ishares Lithium Miners And Producers ETF,12669648,0.0,12.2592,1958,12.2,23.8,26.33,1687786200.0,0,Exchange Traded Fund,Exchange Traded Fund,NGM
4052,PSLV,Sprott Physical Silver Trust,12567419904,19.89,19.4,3761814,15.06,38.13,38.13,1288359000.0,0,Exchange Traded Fund,Exchange Traded Fund,ASE
4053,EWJ,iShares MSCI Japan ETF,23533963264,0.0,97.32,2364180,78.84,99.98,99.98,827159400.0,0,Exchange Traded Fund,Exchange Traded Fund,PCX
4054,EWY,iShares MSCI South Korea ETF,26213310464,0.0,176.29,6514952,80.63,220.89,220.89,958138200.0,0,Exchange Traded Fund,Exchange Traded Fund,PCX
4055,DRAM,Roundhill Memory ETF,26015375360,0.0,56.93,16155676,26.14,81.34,81.34,1775136600.0,0,Exchange Traded Fund,Exchange Traded Fund,BTS
4056,UFO,Procure Space ETF,535846336,0.0,42.01,168560,30.89,68.212,68.212,1554989400.0,0,Exchange Traded Fund,Exchange Traded Fund,NGM
4057,NASA,Tema Space Innovators ETF,1140569984,0.0,24.13,1150993,20.46,42.68,42.68,1774963800.0,0,Exchange Traded Fund,Exchange Traded Fund,PCX
4058,CIBR,First Trust NASDAQ Cybersecurity ETF,17322008576,0.0,106.2,1853667,60.07,110.13,109.07,1436275800.0,0,Exchange Traded Fund,Exchange Traded Fund,NGM
4059,MAGS,Roundhill Magnificent Seven ETF,5496939008,0.0,73.03,3253308,55.085,74.125,74.125,1681219800.0,0,Exchange Traded Fund,Exchange Traded Fund,BTS
4060,ICLN,iShares Global Clean Energy ETF,2225109248,0.0,17.12,3883489,15.63,23.78,60.0,1214400600.0,0,Exchange Traded Fund,Exchange Traded Fund,NGM
4061,DRIV,Global X Autonomous & Electric Vehicles ETF,361378112,0.0,32.61,60164,27.05,42.76,42.76,1523971800.0,0,Exchange Traded Fund,Exchange Traded Fund,NGM
4062,SLX,VanEck Steel ETF,160854816,0.0,101.96,6947,72.66,114.0,114.12,1161091800.0,0,Exchange Traded Fund,Exchange Traded Fund,PCX
4063,COPX,Global X Copper Miners ETF,7253978112,0.0,82.22,2426748,56.93,99.99,99.99,1271770200.0,0,Exchange Traded Fund,Exchange Traded Fund,PCX
4064,NLR,VanEck Uranium and Nuclear ETF,3546939392,0.0,102.38,396934,101.12,168.12,168.12,1187184600.0,0,Exchange Traded Fund,Exchange Traded Fund,PCX
4065,JETS,U.S. Global Jets ETF,837532544,0.0,27.48,2463369,23.53,34.06,34.75,1430400600.0,0,Exchange Traded Fund,Exchange Traded Fund,PCX
